transaction_id,customer_id,amount,currency,country,chanel,device_id,timestamp,merchant_id,issuer_bank
T-4730,CU-149,6075.12,USD,US,mobile,D-149,2025-03-12T00:10:00,M-007,JPM
T-1221,CU-011,656.21,USD,ES,web,D-011,2025-11-01T00:10:00,M-012,CABK
T-7152,CU-849,2286.02,USD,CL,mobile,D-849,2025-11-01T00:10:00,M-018,BCH
T-7056,CU-723,5016.77,USD,US,web,D-723,2025-11-02T00:10:00,M-030,JPM
T-6288,CU-171,3523.09,USD,US,web,D-171,2025-11-02T00:10:00,M-016,WFC
T-2412,CU-396,492.51,USD,US,web,D-396,2025-11-02T00:10:00,M-020,JPM
T-7469,CU-034,4626.12,USD,CO,mobile,D-034,2025-11-03T00:10:00,M-033,DAV
T-5958,CU-810,4028.16,PEN,PE,mobile,D-810,2025-11-03T00:10:00,M-004,IBK
T-1608,CU-055,4574.37,USD,AR,mobile,D-055,2025-11-04T00:10:00,M-014,GAL
T-5429,CU-209,3164.39,USD,US,web,D-209,2025-11-04T00:10:00,M-025,WFC
T-1165,CU-629,735.56,USD,CL,web,D-629,2025-11-04T00:10:00,M-031,BCI
T-4319,CU-794,4570.41,USD,CL,mobile,D-794,2025-11-04T00:10:00,M-044,BCH
T-7813,CU-668,5108.87,USD,AR,mobile,D-668,2025-11-04T00:10:00,M-047,BNA
T-7373,CU-193,1787.55,USD,MX,mobile,D-193,2025-11-04T00:10:00,M-027,BAN
T-7145,CU-199,2262.55,USD,CL,mobile,D-199,2025-11-05T00:10:00,M-006,BCI
T-7778,CU-935,1610.21,USD,CO,mobile,D-935,2025-11-05T00:10:00,M-025,BOG
T-2330,CU-174,3190.04,PEN,PE,web,D-174,2025-11-06T00:10:00,M-031,IBK
T-5702,CU-633,1154.12,USD,MX,mobile,D-633,2025-11-06T00:10:00,M-023,SAN
T-1522,CU-633,2487.04,USD,MX,mobile,D-633,2025-11-06T00:10:00,M-020,SAN
T-1581,CU-593,4817.47,USD,CL,web,D-593,2025-11-07T00:10:00,M-007,SAN
T-2297,CU-708,2695.75,USD,CL,mobile,D-708,2025-11-08T00:10:00,M-023,SAN
T-5870,CU-949,411.63,USD,CL,mobile,D-949,2025-11-08T00:10:00,M-030,BCH
T-4206,CU-674,5428.53,USD,AR,mobile,D-674,2025-11-08T00:10:00,M-016,BNA
T-3207,CU-823,2044.20,USD,MX,web,D-823,2025-11-09T00:10:00,M-002,BAN
T-6057,CU-759,846.14,USD,CL,web,D-759,2025-11-10T00:10:00,M-007,BCI
T-6173,CU-602,2041.97,USD,US,mobile,D-602,2025-11-10T00:10:00,M-020,WFC
T-1968,CU-964,364.75,USD,CL,web,D-964,2025-11-11T00:10:00,M-029,BCI
T-1882,CU-858,1446.70,USD,MX,mobile,D-858,2025-11-12T00:10:00,M-018,BBVA
T-1454,CU-504,6631.68,USD,ES,web,D-504,2025-11-12T00:10:00,M-008,SAN
T-6126,CU-858,2323.20,USD,MX,mobile,D-858,2025-11-12T00:10:00,M-043,BBVA
T-2301,CU-467,561.18,USD,AR,web,D-467,2025-11-13T00:10:00,M-015,BNA
T-6768,CU-756,956.15,USD,CL,mobile,D-756,2025-11-13T00:10:00,M-036,SAN
T-7594,CU-445,1230.32,PEN,PE,mobile,D-445,2025-11-13T00:10:00,M-032,IBK
T-4003,CU-402,3299.98,USD,CO,mobile,D-402,2025-11-14T00:10:00,M-012,BAN
T-6304,CU-741,2483.08,PEN,PE,web,D-741,2025-11-14T00:10:00,M-028,BCP
T-2765,CU-741,4066.08,PEN,PE,web,D-741,2025-11-14T00:10:00,M-025,BCP
T-3978,CU-955,2341.18,USD,ES,mobile,D-955,2025-11-15T00:10:00,M-037,SAN
T-2783,CU-109,291.77,USD,CL,web,D-109,2025-11-15T00:10:00,M-012,SAN
T-4562,CU-397,1118.43,USD,AR,web,D-397,2025-11-15T00:10:00,M-001,BNA
T-2898,CU-727,8933.96,USD,CO,mobile,D-727,2025-11-16T00:10:00,M-033,DAV
T-3129,CU-563,5943.39,PEN,PE,web,D-563,2025-11-16T00:10:00,M-017,IBK
T-2509,CU-160,2857.52,USD,AR,mobile,D-160,2025-11-17T00:10:00,M-019,SAN
T-6917,CU-310,2840.02,USD,CO,mobile,D-310,2025-11-17T00:10:00,M-007,BAN
T-3463,CU-431,4356.52,USD,ES,web,D-431,2025-11-17T00:10:00,M-050,BBVA
T-7634,CU-318,1790.61,USD,CO,web,D-318,2025-11-17T00:10:00,M-047,BOG
T-3226,CU-719,2901.15,USD,ES,web,D-719,2025-11-18T00:10:00,M-050,SAN
T-5856,CU-582,7860.90,USD,AR,web,D-582,2025-11-19T00:10:00,M-020,GAL
T-2720,CU-612,1431.02,PEN,PE,web,D-612,2025-11-21T00:10:00,M-010,BCP
T-7084,CU-021,6741.18,USD,CO,web,D-021,2025-11-22T00:10:00,M-012,BOG
T-6324,CU-427,8664.27,USD,US,web,D-427,2025-11-22T00:10:00,M-042,BAC
T-6534,CU-688,3026.50,USD,US,web,D-688,2025-11-22T00:10:00,M-047,WFC
T-4948,CU-527,2213.72,USD,AR,web,D-527,2025-11-22T00:10:00,M-001,GAL
T-7721,CU-527,4046.05,USD,AR,web,D-527,2025-11-22T00:10:00,M-014,GAL
T-1072,CU-088,7124.04,USD,ES,web,D-088,2025-11-22T00:10:00,M-008,SAN
T-4943,CU-021,6319.11,USD,CO,web,D-021,2025-11-22T00:10:00,M-006,BOG
T-1927,CU-542,2011.33,USD,ES,mobile,D-542,2025-11-23T00:10:00,M-033,BBVA
T-6316,CU-903,1359.38,USD,CO,mobile,D-903,2025-11-24T00:10:00,M-024,BOG
T-7985,CU-597,844.46,PEN,PE,mobile,D-597,2025-11-25T00:10:00,M-024,BBVA
T-5648,CU-880,5491.17,PEN,PE,web,D-880,2025-11-25T00:10:00,M-025,IBK
T-2541,CU-186,3398.93,USD,US,mobile,D-186,2025-11-26T00:10:00,M-014,JPM
T-3504,CU-190,5427.74,USD,AR,mobile,D-190,2025-11-26T00:10:00,M-048,BNA
T-4576,CU-827,4369.21,USD,ES,web,D-827,2025-11-27T00:10:00,M-030,CABK
T-6882,CU-293,6015.64,USD,CL,web,D-293,2025-11-28T00:10:00,M-028,BCH
T-2709,CU-141,2230.04,USD,MX,mobile,D-141,2025-11-28T00:10:00,M-044,BBVA
T-7349,CU-319,4093.41,USD,AR,mobile,D-319,2025-11-28T00:10:00,M-011,GAL
T-5613,CU-372,1690.43,USD,MX,mobile,D-372,2025-11-29T00:10:00,M-035,BAN
T-4964,CU-850,3155.06,USD,AR,mobile,D-850,2025-11-29T00:10:00,M-018,SAN
T-4610,CU-568,403.81,USD,CO,mobile,D-568,2025-12-01T07:00:00,M-033,BAN
T-7996,CU-161,5649.43,USD,CL,web,D-161,2025-12-01T07:09:00,M-013,SAN
T-4166,CU-823,1230.52,USD,MX,web,D-823,2025-12-01T07:11:00,M-041,BAN
T-4919,CU-993,4506.85,USD,CO,web,D-993,2025-12-01T07:20:00,M-016,BOG
T-4347,CU-651,2013.48,PEN,PE,web,D-651,2025-12-01T07:34:00,M-025,IBK
T-4467,CU-530,241.89,USD,ES,web,D-530,2025-12-01T07:45:00,M-036,BBVA
T-5656,CU-977,7956.32,USD,AR,web,D-977,2025-12-01T08:00:00,M-048,BNA
T-7907,CU-906,1052.58,PEN,PE,web,D-906,2025-12-01T08:21:00,M-033,IBK
T-5282,CU-546,4469.34,PEN,PE,mobile,D-546,2025-12-01T08:25:00,M-041,IBK
T-7497,CU-657,1764.72,USD,AR,web,D-657,2025-12-01T08:29:00,M-021,GAL
T-6616,CU-521,545.23,USD,CL,mobile,D-521,2025-12-01T08:47:00,M-050,SAN
T-2466,CU-750,153.49,USD,CL,mobile,D-750,2025-12-01T08:52:00,M-006,BCH
T-3597,CU-398,2114.17,PEN,PE,web,D-398,2025-12-01T08:52:00,M-022,BCP
T-7110,CU-649,2167.89,USD,MX,web,D-649,2025-12-01T08:58:00,M-030,BBVA
T-2882,CU-143,7273.15,USD,ES,web,D-143,2025-12-01T09:00:00,M-017,CABK
T-5151,CU-979,6165.33,USD,US,web,D-979,2025-12-01T09:00:00,M-039,BAC
T-3028,CU-647,5400.26,USD,ES,mobile,D-647,2025-12-01T09:00:00,M-010,CABK
T-3766,CU-365,3413.69,USD,US,web,D-365,2025-12-01T09:00:00,M-036,WFC
T-6953,CU-958,1794.28,USD,CO,web,D-958,2025-12-01T09:05:00,M-004,BAN
T-2741,CU-295,1272.81,USD,CL,web,D-295,2025-12-01T09:16:00,M-002,BCH
T-7237,CU-300,1561.19,USD,US,mobile,D-300,2025-12-01T09:16:00,M-022,JPM
T-7735,CU-622,4695.52,USD,US,mobile,D-622,2025-12-01T09:17:00,M-036,WFC
T-3068,CU-724,4455.86,USD,AR,web,D-724,2025-12-01T09:28:00,M-009,BNA
T-6751,CU-637,2483.77,USD,CO,web,D-637,2025-12-01T09:29:00,M-036,BAN
T-4018,CU-935,1630.47,USD,CO,mobile,D-935,2025-12-01T09:31:00,M-011,BOG
T-5263,CU-422,2273.00,USD,MX,web,D-422,2025-12-01T09:34:00,M-036,BAN
T-6015,CU-694,4858.19,USD,AR,web,D-694,2025-12-01T09:43:00,M-030,BNA
T-6393,CU-892,2394.62,USD,AR,mobile,D-892,2025-12-01T09:50:00,M-021,BNA
T-2924,CU-579,5082.29,USD,US,web,D-579,2025-12-01T09:57:00,M-001,BAC
T-1488,CU-620,1259.39,PEN,PE,mobile,D-620,2025-12-01T10:00:00,M-033,BAC
T-6445,CU-690,2941.44,PEN,PE,web,D-690,2025-12-01T10:15:00,M-015,BCP
T-1704,CU-474,297.26,USD,CL,web,D-474,2025-12-01T10:16:00,M-007,BCI
T-7383,CU-869,3716.04,USD,US,mobile,D-869,2025-12-01T10:18:00,M-006,WFC
T-7553,CU-824,1286.34,USD,CO,web,D-824,2025-12-01T10:26:00,M-009,DAV
T-4714,CU-669,4987.23,USD,ES,mobile,D-669,2025-12-01T10:30:00,M-046,CABK
T-1964,CU-476,4635.15,USD,ES,web,D-476,2025-12-01T10:31:00,M-008,SAN
T-1307,CU-067,4894.25,USD,CO,mobile,D-067,2025-12-01T10:35:00,M-033,BAN
T-1993,CU-833,3902.38,USD,CL,web,D-833,2025-12-01T10:39:00,M-017,SAN
T-1928,CU-402,3234.75,USD,CO,mobile,D-402,2025-12-01T10:48:00,M-043,BAN
T-7224,CU-048,2994.04,USD,MX,web,D-048,2025-12-01T10:49:00,M-040,SAN
T-4753,CU-600,3449.05,USD,US,web,D-600,2025-12-01T10:59:00,M-021,JPM
T-2883,CU-143,7273.15,USD,ES,web,D-143,2025-12-01T11:00:00,M-017,CABK
T-3029,CU-647,5400.26,USD,ES,mobile,D-647,2025-12-01T11:00:00,M-010,CABK
T-1305,CU-255,1587.51,USD,AR,mobile,D-255,2025-12-01T11:00:00,M-021,SAN
T-3767,CU-365,3413.69,USD,US,web,D-365,2025-12-01T11:00:00,M-036,WFC
T-3229,CU-522,1721.96,USD,ES,web,D-522,2025-12-01T11:04:00,M-016,SAN
T-7150,CU-383,791.03,USD,CL,web,D-383,2025-12-01T11:05:00,M-013,SAN
T-7530,CU-527,3096.27,USD,AR,web,D-527,2025-12-01T11:05:00,M-023,GAL
T-4819,CU-355,2914.09,USD,CL,mobile,D-355,2025-12-01T11:10:00,M-016,BCI
T-5650,CU-978,1466.56,USD,MX,web,D-978,2025-12-01T11:12:00,M-032,BBVA
T-3631,CU-693,5223.72,USD,ES,web,D-693,2025-12-01T11:14:00,M-020,SAN
T-6919,CU-159,2231.80,USD,ES,web,D-159,2025-12-01T11:14:00,M-036,SAN
T-6770,CU-872,4904.65,USD,CL,mobile,D-872,2025-12-01T11:20:00,M-005,BCH
T-4033,CU-173,3146.05,USD,MX,mobile,D-173,2025-12-01T11:21:00,M-011,BBVA
T-7960,CU-587,2182.09,USD,CO,web,D-587,2025-12-01T11:26:00,M-003,DAV
T-5837,CU-098,1194.84,USD,ES,mobile,D-098,2025-12-01T11:30:00,M-023,CABK
T-1489,CU-620,1259.39,USD,ES,mobile,D-620,2025-12-01T11:30:00,M-039,BAC
T-6769,CU-562,5550.44,USD,CL,web,D-562,2025-12-01T11:31:00,M-028,BCH
T-3680,CU-640,1469.17,USD,AR,mobile,D-640,2025-12-01T11:31:00,M-025,BNA
T-1961,CU-973,182.11,USD,MX,web,D-973,2025-12-01T11:35:00,M-028,BAN
T-6656,CU-570,567.97,USD,CL,mobile,D-570,2025-12-01T11:37:00,M-019,SAN
T-3221,CU-442,1201.71,USD,AR,mobile,D-442,2025-12-01T11:39:00,M-001,GAL
T-7696,CU-337,3305.99,USD,US,mobile,D-337,2025-12-01T11:48:00,M-038,BAC
T-4801,CU-726,96.68,USD,ES,web,D-726,2025-12-01T11:48:00,M-048,CABK
T-4947,CU-640,1244.71,USD,AR,mobile,D-640,2025-12-01T11:51:00,M-026,BNA
T-3022,CU-360,1873.43,USD,CL,web,D-360,2025-12-01T12:00:00,M-017,BCI
T-2753,CU-911,1841.42,PEN,PE,web,D-911,2025-12-01T12:00:00,M-999,BBVA
T-3308,CU-757,606.87,USD,AR,mobile,D-757,2025-12-01T12:01:00,M-011,SAN
T-3332,CU-531,4255.32,USD,CL,web,D-531,2025-12-01T12:01:00,M-015,BCI
T-1599,CU-346,1050.54,USD,US,mobile,D-346,2025-12-01T12:01:00,M-032,WFC
T-7246,CU-270,483.40,PEN,PE,web,D-270,2025-12-01T12:01:00,M-047,BBVA
T-1600,CU-346,1527.56,USD,US,mobile,D-346,2025-12-01T12:02:00,M-032,WFC
T-3309,CU-757,820.60,USD,AR,mobile,D-757,2025-12-01T12:02:00,M-011,SAN
T-7247,CU-270,291.23,PEN,PE,web,D-270,2025-12-01T12:02:00,M-047,BBVA
T-1601,CU-346,1030.32,USD,US,mobile,D-346,2025-12-01T12:03:00,M-032,WFC
T-7248,CU-270,587.75,PEN,PE,web,D-270,2025-12-01T12:03:00,M-047,BBVA
T-3310,CU-757,369.06,USD,AR,mobile,D-757,2025-12-01T12:03:00,M-011,SAN
T-3846,CU-484,5881.63,USD,CO,web,D-484,2025-12-01T12:03:00,M-003,DAV
T-3311,CU-757,1008.44,USD,AR,mobile,D-757,2025-12-01T12:04:00,M-011,SAN
T-1602,CU-346,1647.17,USD,US,mobile,D-346,2025-12-01T12:04:00,M-032,WFC
T-7249,CU-270,601.73,PEN,PE,web,D-270,2025-12-01T12:04:00,M-047,BBVA
T-7489,CU-829,699.52,USD,CO,web,D-829,2025-12-01T12:11:00,M-027,DAV
T-5047,CU-562,3568.93,USD,CL,web,D-562,2025-12-01T12:18:00,M-013,BCH
T-2429,CU-304,1543.74,USD,MX,web,D-304,2025-12-01T12:21:00,M-034,BBVA
T-1858,CU-760,2325.37,USD,AR,mobile,D-760,2025-12-01T12:24:00,M-032,SAN
T-1421,CU-224,3820.12,USD,CL,mobile,D-224,2025-12-01T12:25:00,M-024,BCI
T-5826,CU-759,1199.21,USD,CL,web,D-759,2025-12-01T12:26:00,M-045,BCI
T-4254,CU-374,835.53,PEN,PE,web,D-374,2025-12-01T12:29:00,M-048,BBVA
T-5737,CU-089,3375.76,USD,AR,web,D-089,2025-12-01T12:31:00,M-037,BNA
T-5927,CU-062,4930.30,USD,MX,mobile,D-062,2025-12-01T12:40:00,M-042,BBVA
T-5288,CU-010,4482.83,USD,CO,web,D-010,2025-12-01T12:42:00,M-019,BOG
T-3746,CU-216,4582.81,USD,CO,web,D-216,2025-12-01T12:46:00,M-034,BAN
T-3521,CU-765,2622.74,USD,CO,web,D-765,2025-12-01T12:51:00,M-024,BOG
T-1168,CU-632,2914.01,USD,CO,web,D-632,2025-12-01T12:57:00,M-029,BOG
T-3030,CU-647,5400.26,USD,ES,mobile,D-647,2025-12-01T13:00:00,M-010,CABK
T-2884,CU-143,7273.15,USD,ES,web,D-143,2025-12-01T13:00:00,M-017,CABK
T-3768,CU-365,3413.69,USD,US,web,D-365,2025-12-01T13:00:00,M-036,WFC
T-2899,CU-427,6406.61,USD,US,web,D-427,2025-12-01T13:00:00,M-039,BAC
T-3025,CU-406,312.89,USD,CO,mobile,D-406,2025-12-01T13:01:00,M-011,BOG
T-7658,CU-954,6503.20,PEN,PE,mobile,D-954,2025-12-01T13:04:00,M-014,IBK
T-1273,CU-136,2138.71,USD,CO,web,D-136,2025-12-01T13:08:00,M-031,BAN
T-5455,CU-386,1185.06,PEN,PE,web,D-386,2025-12-01T13:10:00,M-006,BCP
T-7895,CU-424,3665.60,USD,CL,web,D-424,2025-12-01T13:14:00,M-013,SAN
T-4963,CU-353,2095.57,USD,MX,mobile,D-353,2025-12-01T13:15:00,M-045,BAN
T-2506,CU-180,1403.33,USD,ES,web,D-180,2025-12-01T13:18:00,M-046,CABK
T-3524,CU-414,3579.17,USD,US,web,D-414,2025-12-01T13:19:00,M-022,JPM
T-1518,CU-220,1375.04,USD,AR,mobile,D-220,2025-12-01T13:19:00,M-030,BNA
T-1895,CU-790,441.29,USD,CO,mobile,D-790,2025-12-01T13:23:00,M-036,DAV
T-6974,CU-576,106.06,USD,CL,web,D-576,2025-12-01T13:24:00,M-050,BCI
T-3326,CU-031,3345.49,USD,AR,web,D-031,2025-12-01T13:26:00,M-043,BNA
T-7219,CU-475,1389.81,USD,MX,web,D-475,2025-12-01T13:28:00,M-010,BBVA
T-7211,CU-242,744.58,USD,US,web,D-242,2025-12-01T13:37:00,M-041,WFC
T-2617,CU-437,1946.34,USD,MX,mobile,D-437,2025-12-01T13:40:00,M-019,BAN
T-3407,CU-389,265.79,USD,ES,web,D-389,2025-12-01T13:41:00,M-030,BBVA
T-1672,CU-236,1155.23,USD,ES,mobile,D-236,2025-12-01T13:43:00,M-007,SAN
T-5418,CU-307,4907.12,PEN,PE,mobile,D-307,2025-12-01T13:43:00,M-006,BCP
T-5710,CU-103,4958.89,USD,CL,mobile,D-103,2025-12-01T13:52:00,M-019,BCI
T-4238,CU-956,5892.99,USD,AR,web,D-956,2025-12-01T13:55:00,M-006,SAN
T-2917,CU-731,4933.34,USD,CO,mobile,D-731,2025-12-01T13:58:00,M-038,BOG
T-2992,CU-395,0.50,USD,MX,mobile,D-999285,2025-12-01T14:00:00,M-046,BAN
T-6850,CU-174,0.50,PEN,PE,web,D-999286,2025-12-01T14:00:00,M-015,IBK
T-2782,CU-648,9390.83,USD,ES,web,D-648,2025-12-01T14:00:00,M-034,CABK
T-1757,CU-563,1801.82,PEN,PE,web,D-563,2025-12-01T14:01:00,M-013,IBK
T-7417,CU-273,291.93,USD,CO,mobile,D-273,2025-12-01T14:01:00,M-033,BAN
T-6851,CU-174,0.50,PEN,PE,web,D-999286,2025-12-01T14:02:00,M-018,IBK
T-2993,CU-395,0.50,USD,MX,mobile,D-999285,2025-12-01T14:02:00,M-001,BAN
T-3042,CU-168,5439.19,USD,CL,mobile,D-168,2025-12-01T14:05:00,M-039,BCI
T-2994,CU-395,8820.32,USD,MX,mobile,D-999285,2025-12-01T14:06:00,M-021,BAN
T-6852,CU-174,7391.96,PEN,PE,web,D-999286,2025-12-01T14:06:00,M-022,IBK
T-3018,CU-847,441.42,USD,AR,mobile,D-847,2025-12-01T14:09:00,M-019,BNA
T-4532,CU-579,2437.16,USD,US,web,D-579,2025-12-01T14:10:00,M-002,BAC
T-3847,CU-256,1570.44,USD,CO,mobile,D-256,2025-12-01T14:11:00,M-013,BAN
T-5139,CU-816,1366.58,USD,RU,mobile,D-999173,2025-12-01T14:18:00,M-021,BAC
T-7574,CU-870,5407.40,USD,CO,web,D-870,2025-12-01T14:18:00,M-043,DAV
T-6733,CU-222,1802.53,USD,CL,web,D-222,2025-12-01T14:19:00,M-028,BCH
T-3574,CU-332,3729.35,USD,ES,mobile,D-332,2025-12-01T14:22:00,M-025,BBVA
T-3831,CU-399,2129.72,USD,MX,mobile,D-399,2025-12-01T14:28:00,M-003,SAN
T-6034,CU-416,3221.92,USD,CL,web,D-416,2025-12-01T14:29:00,M-037,SAN
T-5270,CU-747,1435.82,USD,AR,web,D-747,2025-12-01T14:35:00,M-034,GAL
T-3542,CU-972,819.64,USD,US,web,D-972,2025-12-01T14:36:00,M-021,JPM
T-6442,CU-844,771.20,USD,CO,web,D-844,2025-12-01T14:38:00,M-018,BAN
T-5535,CU-834,922.17,USD,CO,mobile,D-834,2025-12-01T14:38:00,M-045,DAV
T-2918,CU-264,2591.21,USD,MX,web,D-264,2025-12-01T14:40:00,M-043,BAN
T-2165,CU-764,754.47,USD,CO,mobile,D-764,2025-12-01T14:40:00,M-041,BAN
T-1218,CU-783,2062.44,USD,MX,web,D-783,2025-12-01T14:40:00,M-044,SAN
T-2996,CU-277,3603.69,USD,AR,mobile,D-277,2025-12-01T14:50:00,M-010,SAN
T-2725,CU-518,2063.71,USD,CL,web,D-518,2025-12-01T14:51:00,M-038,BCI
T-5016,CU-436,2329.57,USD,ES,mobile,D-436,2025-12-01T14:52:00,M-050,SAN
T-2387,CU-990,2608.34,USD,CL,web,D-990,2025-12-01T14:53:00,M-004,BCH
T-7867,CU-404,4891.73,USD,ES,web,D-404,2025-12-01T14:56:00,M-030,BBVA
T-1930,CU-032,1769.44,USD,ES,web,D-032,2025-12-01T14:57:00,M-041,BBVA
T-2236,CU-246,2363.18,USD,ES,web,D-246,2025-12-01T15:04:00,M-009,BBVA
T-1108,CU-614,626.95,PEN,PE,mobile,D-614,2025-12-01T15:08:00,M-017,BCP
T-7213,CU-021,6123.77,USD,CO,web,D-021,2025-12-01T15:10:00,M-041,BOG
T-5725,CU-938,1093.20,USD,MX,mobile,D-938,2025-12-01T15:11:00,M-043,SAN
T-4602,CU-340,2113.79,USD,CL,web,D-340,2025-12-01T15:14:00,M-032,BCH
T-2724,CU-876,2382.15,USD,CL,web,D-876,2025-12-01T15:14:00,M-003,SAN
T-7771,CU-056,2260.78,USD,US,mobile,D-056,2025-12-01T15:30:00,M-007,BAC
T-1743,CU-436,854.89,USD,ES,mobile,D-436,2025-12-01T15:31:00,M-049,SAN
T-4828,CU-363,4166.95,USD,AR,web,D-363,2025-12-01T15:36:00,M-048,SAN
T-7153,CU-281,4543.37,USD,US,web,D-281,2025-12-01T15:40:00,M-038,BAC
T-6587,CU-839,883.07,USD,ES,web,D-839,2025-12-01T15:43:00,M-026,CABK
T-7479,CU-372,1281.93,USD,MX,mobile,D-372,2025-12-01T15:59:00,M-043,BAN
T-1121,CU-098,1091.71,USD,ES,mobile,D-098,2025-12-01T15:59:00,M-012,CABK
T-2813,CU-760,4376.10,USD,AR,mobile,D-760,2025-12-01T16:00:00,M-035,SAN
T-7911,CU-165,3324.12,USD,CO,web,D-165,2025-12-01T16:02:00,M-020,BAN
T-5689,CU-837,597.50,USD,RU,web,D-999624,2025-12-01T16:07:00,M-020,BOG
T-2946,CU-874,1341.91,USD,CO,mobile,D-874,2025-12-01T16:07:00,M-032,BAN
T-3015,CU-804,1628.46,USD,CO,web,D-804,2025-12-01T16:07:00,M-003,BAN
T-5611,CU-905,592.50,USD,CL,web,D-905,2025-12-01T16:13:00,M-043,BCI
T-5575,CU-899,3906.90,USD,CO,mobile,D-899,2025-12-01T16:13:00,M-024,BAN
T-4154,CU-901,2507.43,USD,CO,web,D-901,2025-12-01T16:15:00,M-017,DAV
T-4492,CU-120,1149.87,PEN,PE,mobile,D-120,2025-12-01T16:16:00,M-040,IBK
T-5476,CU-699,442.01,USD,US,web,D-699,2025-12-01T16:18:00,M-008,WFC
T-1206,CU-776,5641.36,USD,CO,mobile,D-776,2025-12-01T16:33:00,M-044,BAN
T-6083,CU-209,1071.47,USD,US,web,D-209,2025-12-01T16:34:00,M-047,WFC
T-2707,CU-964,462.29,USD,CL,web,D-964,2025-12-01T16:40:00,M-045,BCI
T-2519,CU-318,1729.46,USD,CO,web,D-318,2025-12-01T16:40:00,M-020,BOG
T-1270,CU-465,1352.21,USD,AR,web,D-465,2025-12-01T16:44:00,M-036,SAN
T-3973,CU-237,5103.72,USD,ES,web,D-237,2025-12-01T16:44:00,M-036,SAN
T-5607,CU-059,1893.11,USD,CL,web,D-059,2025-12-01T17:00:00,M-036,BCI
T-5145,CU-701,1082.18,USD,CL,web,D-701,2025-12-01T17:00:00,M-999,BCI
T-4805,CU-269,2040.64,USD,ES,mobile,D-269,2025-12-01T17:00:00,M-009,BBVA
T-2714,CU-736,1092.99,USD,ES,mobile,D-736,2025-12-01T17:04:00,M-003,CABK
T-3113,CU-566,6856.50,USD,CO,mobile,D-566,2025-12-01T17:05:00,M-019,BOG
T-6398,CU-912,5232.79,USD,CL,web,D-912,2025-12-01T17:09:00,M-043,BCH
T-1135,CU-353,1377.32,USD,MX,mobile,D-353,2025-12-01T17:11:00,M-002,BAN
T-3635,CU-515,1176.36,USD,US,mobile,D-515,2025-12-01T17:17:00,M-023,BAC
T-7635,CU-460,855.95,USD,US,mobile,D-460,2025-12-01T17:17:00,M-013,BAC
T-7913,CU-788,3101.11,USD,CL,mobile,D-788,2025-12-01T17:23:00,M-018,BCI
T-1093,CU-565,1658.04,USD,US,web,D-565,2025-12-01T17:23:00,M-020,JPM
T-1842,CU-304,1664.21,USD,MX,web,D-304,2025-12-01T17:27:00,M-006,BBVA
T-2705,CU-397,1091.00,USD,AR,web,D-397,2025-12-01T17:32:00,M-014,BNA
T-6690,CU-912,5939.81,USD,CL,web,D-912,2025-12-01T17:43:00,M-016,BCH
T-4158,CU-397,1107.98,USD,AR,web,D-397,2025-12-01T17:49:00,M-015,BNA
T-5179,CU-752,5700.24,USD,US,web,D-752,2025-12-01T17:53:00,M-041,BAC
T-6024,CU-098,1189.97,USD,ES,mobile,D-098,2025-12-01T18:00:00,M-022,CABK
T-7628,CU-021,3291.46,USD,CO,web,D-021,2025-12-01T18:00:00,M-024,BOG
T-2910,CU-859,1495.29,USD,CO,mobile,D-859,2025-12-01T18:04:00,M-049,DAV
T-6353,CU-301,1332.55,PEN,PE,web,D-301,2025-12-01T18:06:00,M-013,BBVA
T-2657,CU-268,3955.16,USD,MX,mobile,D-268,2025-12-01T18:08:00,M-028,BBVA
T-6169,CU-576,143.92,USD,CL,web,D-576,2025-12-01T18:08:00,M-029,BCI
T-4944,CU-733,92.31,USD,CL,web,D-733,2025-12-01T18:12:00,M-027,SAN
T-4526,CU-480,1404.59,USD,ES,mobile,D-480,2025-12-01T18:16:00,M-027,BBVA
T-1905,CU-836,2728.41,PEN,PE,mobile,D-836,2025-12-01T18:16:00,M-045,IBK
T-1805,CU-886,1228.82,USD,AR,mobile,D-886,2025-12-01T18:17:00,M-045,BNA
T-4920,CU-103,6853.12,USD,CL,mobile,D-103,2025-12-01T18:21:00,M-041,BCI
T-7208,CU-701,1590.31,USD,CL,web,D-701,2025-12-01T18:23:00,M-029,BCI
T-2547,CU-111,512.02,USD,MX,web,D-111,2025-12-01T18:27:00,M-049,SAN
T-2632,CU-661,4967.85,USD,AR,web,D-661,2025-12-01T18:37:00,M-041,BNA
T-6382,CU-144,2639.16,USD,AR,mobile,D-144,2025-12-01T18:37:00,M-041,BNA
T-5638,CU-624,2468.25,PEN,PE,mobile,D-624,2025-12-01T18:37:00,M-011,BBVA
T-3258,CU-981,617.26,USD,ES,web,D-981,2025-12-01T18:45:00,M-011,SAN
T-1463,CU-501,4778.00,USD,CL,mobile,D-501,2025-12-01T18:52:00,M-017,BCH
T-7147,CU-004,756.73,USD,CL,mobile,D-004,2025-12-01T18:52:00,M-005,BCI
T-1731,CU-203,1464.29,USD,AR,web,D-203,2025-12-01T18:57:00,M-039,GAL
T-4759,CU-866,2154.04,USD,US,web,D-866,2025-12-01T19:03:00,M-009,BAC
T-1688,CU-043,3519.90,USD,AR,web,D-043,2025-12-01T19:07:00,M-016,GAL
T-5691,CU-591,486.85,USD,US,web,D-591,2025-12-01T19:08:00,M-049,WFC
T-2550,CU-820,1222.76,PEN,PE,web,D-820,2025-12-01T19:10:00,M-043,BCP
T-2008,CU-953,1269.39,USD,US,web,D-953,2025-12-01T19:19:00,M-048,BAC
T-5809,CU-761,423.09,PEN,PE,web,D-761,2025-12-01T19:28:00,M-015,BBVA
T-6044,CU-380,2599.76,USD,CO,web,D-380,2025-12-01T19:38:00,M-034,DAV
T-4494,CU-655,4390.92,USD,CO,web,D-655,2025-12-01T19:41:00,M-007,BAN
T-3700,CU-509,2961.52,USD,AR,web,D-509,2025-12-01T19:52:00,M-047,BNA
T-6576,CU-114,4903.31,USD,CO,web,D-114,2025-12-01T19:54:00,M-033,BAN
T-1356,CU-997,447.84,USD,CO,web,D-997,2025-12-01T19:54:00,M-038,BOG
T-4138,CU-561,2155.59,USD,CO,mobile,D-561,2025-12-01T19:56:00,M-047,BOG
T-1517,CU-923,392.30,USD,ES,mobile,D-923,2025-12-01T20:00:00,M-026,CABK
T-2854,CU-924,1423.21,PEN,PE,mobile,D-924,2025-12-01T20:09:00,M-007,BCP
T-2926,CU-274,4766.09,USD,CL,web,D-274,2025-12-01T20:09:00,M-009,SAN
T-3543,CU-257,2131.27,USD,AR,web,D-257,2025-12-01T20:12:00,M-046,SAN
T-1069,CU-142,6736.61,USD,AR,web,D-142,2025-12-01T20:15:00,M-018,GAL
T-1003,CU-775,421.46,USD,MX,mobile,D-775,2025-12-01T20:25:00,M-035,SAN
T-5097,CU-959,1723.30,USD,ES,web,D-959,2025-12-01T20:31:00,M-009,CABK
T-4037,CU-013,2433.38,PEN,PE,web,D-013,2025-12-01T20:38:00,M-050,BBVA
T-7517,CU-367,4456.09,PEN,PE,web,D-367,2025-12-01T21:06:00,M-034,BBVA
T-7033,CU-104,1327.28,PEN,PE,web,D-104,2025-12-01T21:28:00,M-002,BBVA
T-2981,CU-934,4394.26,USD,MX,web,D-934,2025-12-01T21:28:00,M-046,SAN
T-1372,CU-669,4757.14,USD,ES,mobile,D-669,2025-12-01T21:50:00,M-011,CABK
T-2362,CU-820,2617.08,PEN,PE,web,D-820,2025-12-01T22:03:00,M-023,BCP
T-6596,CU-350,4491.20,USD,AR,web,D-350,2025-12-01T22:53:00,M-027,GAL
T-3931,CU-896,12124.53,USD,AR,web,D-896,2025-12-02T00:55:00,M-044,SAN
T-5842,CU-916,13346.70,USD,MX,web,D-916,2025-12-02T03:51:00,M-018,BAN
T-2198,CU-739,8780.94,PEN,PE,web,D-739,2025-12-02T04:50:00,M-020,BBVA
T-5533,CU-035,6634.60,USD,ES,web,D-035,2025-12-02T07:42:00,M-032,CABK
T-1495,CU-694,6749.27,USD,AR,web,D-694,2025-12-02T07:56:00,M-047,BNA
T-1872,CU-647,3359.51,USD,ES,mobile,D-647,2025-12-02T08:03:00,M-014,CABK
T-5215,CU-749,3175.66,USD,CO,mobile,D-749,2025-12-02T08:06:00,M-028,DAV
T-1606,CU-569,3688.04,USD,CO,mobile,D-569,2025-12-02T08:15:00,M-024,BAN
T-2034,CU-897,4525.66,USD,MX,mobile,D-897,2025-12-02T08:16:00,M-041,BAN
T-6267,CU-644,69.89,USD,MX,web,D-644,2025-12-02T08:22:00,M-004,SAN
T-2460,CU-475,1898.45,USD,MX,web,D-475,2025-12-02T08:30:00,M-023,BBVA
T-7893,CU-818,166.04,USD,AR,mobile,D-818,2025-12-02T08:34:00,M-026,BNA
T-2593,CU-916,1758.47,USD,MX,web,D-916,2025-12-02T08:35:00,M-027,BAN
T-7256,CU-436,1392.94,USD,ES,mobile,D-436,2025-12-02T08:48:00,M-032,SAN
T-2494,CU-1000,3377.06,USD,CL,web,D-1000,2025-12-02T08:55:00,M-041,BCH
T-5947,CU-763,1631.19,USD,ES,web,D-763,2025-12-02T08:59:00,M-012,CABK
T-3998,CU-547,1618.80,USD,CL,web,D-547,2025-12-02T09:00:00,M-016,BCI
T-5411,CU-621,2063.48,USD,US,mobile,D-621,2025-12-02T09:19:00,M-031,BAC
T-2763,CU-700,3005.44,USD,ES,mobile,D-700,2025-12-02T09:31:00,M-050,SAN
T-6820,CU-576,88.49,USD,CL,web,D-576,2025-12-02T09:37:00,M-029,BCI
T-3257,CU-997,560.77,USD,CO,web,D-997,2025-12-02T09:50:00,M-033,BOG
T-7124,CU-394,5126.85,USD,AR,web,D-394,2025-12-02T09:50:00,M-022,SAN
T-7922,CU-171,3377.71,USD,US,web,D-171,2025-12-02T09:52:00,M-033,WFC
T-1529,CU-740,4346.32,PEN,PE,web,D-740,2025-12-02T10:00:00,M-027,SAN
T-4927,CU-657,1256.38,PEN,PE,web,D-657,2025-12-02T10:00:00,M-026,GAL
T-1997,CU-134,3430.27,PEN,PE,web,D-134,2025-12-02T10:00:00,M-009,WFC
T-3629,CU-259,1783.95,PEN,PE,mobile,D-259,2025-12-02T10:00:00,M-014,JPM
T-1799,CU-252,1291.47,USD,RU,web,D-999292,2025-12-02T10:03:00,M-015,BAN
T-7975,CU-299,5059.40,USD,MX,mobile,D-299,2025-12-02T10:06:00,M-005,BAN
T-1337,CU-561,1158.60,USD,CO,mobile,D-561,2025-12-02T10:15:00,M-030,BOG
T-3765,CU-913,3775.41,USD,US,web,D-913,2025-12-02T10:17:00,M-036,WFC
T-2449,CU-954,6009.94,PEN,PE,mobile,D-954,2025-12-02T10:31:00,M-049,IBK
T-6233,CU-348,479.00,USD,US,web,D-348,2025-12-02T10:31:00,M-025,JPM
T-7095,CU-168,2500.51,USD,CL,mobile,D-168,2025-12-02T10:43:00,M-019,BCI
T-3123,CU-079,4780.39,USD,ES,mobile,D-079,2025-12-02T10:44:00,M-031,CABK
T-4055,CU-242,429.90,USD,US,web,D-242,2025-12-02T10:47:00,M-029,WFC
T-5088,CU-576,72.37,USD,CL,web,D-576,2025-12-02T10:55:00,M-038,BCI
T-1983,CU-466,1989.04,USD,CL,web,D-466,2025-12-02T11:00:00,M-034,BCH
T-3999,CU-547,1618.80,USD,CL,web,D-547,2025-12-02T11:00:00,M-016,BCI
T-7685,CU-144,4408.97,USD,AR,mobile,D-144,2025-12-02T11:03:00,M-034,BNA
T-5087,CU-511,781.64,USD,ES,web,D-511,2025-12-02T11:20:00,M-036,CABK
T-1811,CU-800,2278.02,USD,ES,web,D-800,2025-12-02T11:25:00,M-034,SAN
T-1810,CU-754,2475.78,USD,US,web,D-754,2025-12-02T11:26:00,M-049,BAC
T-6231,CU-223,3821.12,PEN,PE,web,D-223,2025-12-02T11:29:00,M-004,IBK
T-1998,CU-134,3430.27,USD,ES,web,D-134,2025-12-02T11:30:00,M-004,WFC
T-4928,CU-657,1256.38,USD,ES,web,D-657,2025-12-02T11:30:00,M-044,GAL
T-3630,CU-259,1783.95,USD,ES,mobile,D-259,2025-12-02T11:30:00,M-029,JPM
T-1530,CU-740,4346.32,USD,ES,web,D-740,2025-12-02T11:30:00,M-007,SAN
T-7360,CU-337,3197.92,USD,US,mobile,D-337,2025-12-02T11:40:00,M-034,BAC
T-7467,CU-246,4174.61,USD,ES,web,D-246,2025-12-02T11:51:00,M-019,BBVA
T-4244,CU-398,3830.01,PEN,PE,web,D-398,2025-12-02T11:54:00,M-023,BCP
T-3812,CU-723,6470.04,USD,US,web,D-723,2025-12-02T11:59:00,M-027,JPM
T-1382,CU-114,5513.65,USD,CO,web,D-114,2025-12-02T12:00:00,M-031,BAN
T-2982,CU-354,197.20,USD,MX,mobile,D-354,2025-12-02T12:01:00,M-027,BAN
T-2983,CU-354,381.67,USD,MX,mobile,D-354,2025-12-02T12:02:00,M-027,BAN
T-2984,CU-354,262.53,USD,MX,mobile,D-354,2025-12-02T12:03:00,M-027,BAN
T-3895,CU-148,554.06,USD,ES,web,D-148,2025-12-02T12:03:00,M-027,BBVA
T-2985,CU-354,121.79,USD,MX,mobile,D-354,2025-12-02T12:04:00,M-027,BAN
T-1346,CU-764,579.05,USD,CO,mobile,D-764,2025-12-02T12:13:00,M-048,BAN
T-6553,CU-517,260.56,PEN,PE,web,D-517,2025-12-02T12:16:00,M-045,BCP
T-4201,CU-897,2659.63,USD,MX,mobile,D-897,2025-12-02T12:23:00,M-037,BAN
T-7434,CU-044,3045.43,USD,ES,mobile,D-044,2025-12-02T12:25:00,M-039,BBVA
T-4665,CU-177,2207.43,USD,CL,web,D-177,2025-12-02T12:33:00,M-017,SAN
T-7621,CU-253,5341.28,USD,CL,mobile,D-253,2025-12-02T12:35:00,M-050,BCH
T-5505,CU-227,3357.05,PEN,PE,web,D-227,2025-12-02T12:35:00,M-001,IBK
T-6462,CU-998,2140.34,USD,CL,mobile,D-998,2025-12-02T12:37:00,M-017,BCH
T-7808,CU-825,4625.35,USD,US,mobile,D-825,2025-12-02T12:38:00,M-037,BAC
T-4403,CU-523,2537.72,USD,CL,mobile,D-523,2025-12-02T12:38:00,M-007,BCI
T-7959,CU-796,3190.98,USD,MX,mobile,D-796,2025-12-02T12:40:00,M-028,SAN
T-2517,CU-978,1137.47,USD,MX,web,D-978,2025-12-02T12:40:00,M-041,BBVA
T-2168,CU-710,1414.84,USD,US,mobile,D-710,2025-12-02T12:41:00,M-015,WFC
T-4734,CU-181,2989.33,USD,US,mobile,D-181,2025-12-02T12:43:00,M-032,WFC
T-1153,CU-325,2241.08,PEN,PE,mobile,D-325,2025-12-02T12:43:00,M-037,BCP
T-2949,CU-075,385.15,USD,CL,mobile,D-075,2025-12-02T12:43:00,M-047,BCH
T-3215,CU-112,2401.61,USD,CL,web,D-112,2025-12-02T12:46:00,M-048,SAN
T-5085,CU-884,4322.48,USD,CL,web,D-884,2025-12-02T12:48:00,M-031,BCH
T-3877,CU-575,2410.33,USD,MX,mobile,D-575,2025-12-02T12:50:00,M-002,BAN
T-7474,CU-036,2834.17,PEN,PE,mobile,D-036,2025-12-02T12:57:00,M-009,BCP
T-6377,CU-691,4808.39,USD,US,mobile,D-691,2025-12-02T12:57:00,M-014,WFC
T-2408,CU-268,1904.31,USD,MX,mobile,D-268,2025-12-02T12:58:00,M-041,BBVA
T-3427,CU-769,1203.55,USD,AR,mobile,D-769,2025-12-02T12:58:00,M-004,SAN
T-4000,CU-547,1618.80,USD,CL,web,D-547,2025-12-02T13:00:00,M-016,BCI
T-6583,CU-049,2813.01,USD,CL,mobile,D-049,2025-12-02T13:03:00,M-024,BCH
T-5976,CU-895,1858.75,USD,US,mobile,D-895,2025-12-02T13:03:00,M-050,BAC
T-1210,CU-830,3606.21,USD,US,mobile,D-830,2025-12-02T13:06:00,M-038,BAC
T-1670,CU-474,765.64,USD,CL,web,D-474,2025-12-02T13:07:00,M-036,BCI
T-7459,CU-812,2858.44,USD,US,mobile,D-812,2025-12-02T13:07:00,M-037,BAC
T-4043,CU-292,3108.64,PEN,PE,mobile,D-292,2025-12-02T13:09:00,M-006,BCP
T-4024,CU-589,4599.36,USD,US,mobile,D-589,2025-12-02T13:15:00,M-018,WFC
T-2162,CU-866,1677.07,USD,US,web,D-866,2025-12-02T13:18:00,M-038,BAC
T-4424,CU-085,3542.61,USD,AR,mobile,D-085,2025-12-02T13:19:00,M-024,SAN
T-5717,CU-422,1311.78,USD,MX,web,D-422,2025-12-02T13:24:00,M-036,BAN
T-5867,CU-093,545.93,USD,ES,mobile,D-093,2025-12-02T13:27:00,M-020,SAN
T-1568,CU-422,2311.94,USD,MX,web,D-422,2025-12-02T13:29:00,M-013,BAN
T-4181,CU-124,2978.79,PEN,PE,web,D-124,2025-12-02T13:39:00,M-028,BCP
T-4907,CU-637,2168.43,USD,CO,web,D-637,2025-12-02T13:52:00,M-044,BAN
T-1632,CU-634,2515.84,USD,ES,mobile,D-634,2025-12-02T13:55:00,M-008,CABK
T-4235,CU-773,0.50,USD,MX,web,D-999925,2025-12-02T14:00:00,M-012,BAN
T-6079,CU-434,0.50,USD,US,web,D-999662,2025-12-02T14:00:00,M-010,JPM
T-2486,CU-156,846.05,USD,ES,web,D-156,2025-12-02T14:02:00,M-046,CABK
T-4236,CU-773,0.50,USD,MX,web,D-999925,2025-12-02T14:02:00,M-005,BAN
T-6080,CU-434,0.50,USD,US,web,D-999662,2025-12-02T14:02:00,M-047,JPM
T-6081,CU-434,6794.56,USD,US,web,D-999662,2025-12-02T14:06:00,M-042,JPM
T-4237,CU-773,13826.12,USD,MX,web,D-999925,2025-12-02T14:06:00,M-042,BAN
T-2081,CU-012,2287.94,USD,AR,web,D-012,2025-12-02T14:06:00,M-034,SAN
T-4230,CU-544,1479.94,USD,CO,mobile,D-544,2025-12-02T14:06:00,M-048,DAV
T-6245,CU-852,1521.04,USD,AR,mobile,D-852,2025-12-02T14:20:00,M-042,SAN
T-5461,CU-097,3866.40,USD,AR,mobile,D-097,2025-12-02T14:22:00,M-032,GAL
T-4842,CU-304,3364.06,USD,MX,web,D-304,2025-12-02T14:25:00,M-036,BBVA
T-6279,CU-235,1223.77,USD,US,web,D-235,2025-12-02T14:28:00,M-049,WFC
T-1439,CU-332,3133.40,USD,ES,mobile,D-332,2025-12-02T14:34:00,M-044,BBVA
T-3593,CU-962,1092.86,PEN,PE,web,D-962,2025-12-02T14:36:00,M-042,IBK
T-6961,CU-885,2015.71,USD,US,web,D-885,2025-12-02T14:43:00,M-013,JPM
T-1102,CU-553,1957.88,PEN,PE,web,D-553,2025-12-02T14:45:00,M-003,IBK
T-2246,CU-735,4000.24,PEN,PE,web,D-735,2025-12-02T14:50:00,M-003,IBK
T-1686,CU-768,4355.53,PEN,PE,web,D-768,2025-12-02T14:51:00,M-028,BCP
T-7662,CU-279,5852.72,USD,AR,mobile,D-279,2025-12-02T14:52:00,M-046,GAL
T-5153,CU-687,1343.13,USD,AR,web,D-687,2025-12-02T14:52:00,M-018,GAL
T-4264,CU-125,4329.26,PEN,PE,web,D-125,2025-12-02T14:52:00,M-050,BBVA
T-7482,CU-198,3006.67,USD,AR,mobile,D-198,2025-12-02T15:04:00,M-023,SAN
T-3392,CU-077,4492.67,USD,CL,mobile,D-077,2025-12-02T15:07:00,M-042,BCI
T-6780,CU-881,915.83,USD,AR,mobile,D-881,2025-12-02T15:14:00,M-048,GAL
T-4607,CU-774,2032.81,USD,US,web,D-774,2025-12-02T15:17:00,M-030,WFC
T-1524,CU-290,3964.94,USD,US,mobile,D-290,2025-12-02T15:18:00,M-017,BAC
T-7178,CU-084,4131.96,USD,ES,web,D-084,2025-12-02T15:20:00,M-024,SAN
T-4648,CU-981,331.56,USD,ES,web,D-981,2025-12-02T15:25:00,M-019,SAN
T-4060,CU-334,1750.63,USD,MX,mobile,D-334,2025-12-02T15:34:00,M-045,SAN
T-2044,CU-048,5004.16,USD,MX,web,D-048,2025-12-02T15:37:00,M-023,SAN
T-6091,CU-343,871.89,USD,US,web,D-343,2025-12-02T15:39:00,M-023,BAC
T-4575,CU-872,7177.03,USD,CL,mobile,D-872,2025-12-02T15:46:00,M-049,BCH
T-4476,CU-330,3634.43,USD,CO,web,D-330,2025-12-02T15:59:00,M-047,BAN
T-1989,CU-618,11061.04,USD,US,web,D-618,2025-12-02T16:00:00,M-039,BAC
T-4915,CU-908,5282.58,USD,CL,mobile,D-908,2025-12-02T16:16:00,M-011,SAN
T-4361,CU-572,2025.27,USD,US,mobile,D-572,2025-12-02T16:31:00,M-019,WFC
T-4940,CU-938,1949.69,USD,MX,mobile,D-938,2025-12-02T16:38:00,M-009,SAN
T-3280,CU-469,5584.14,USD,AR,mobile,D-469,2025-12-02T16:39:00,M-037,SAN
T-1106,CU-913,2456.84,USD,US,web,D-913,2025-12-02T16:40:00,M-041,WFC
T-2558,CU-374,1451.94,PEN,PE,web,D-374,2025-12-02T16:42:00,M-034,BBVA
T-2339,CU-293,3189.31,USD,CL,web,D-293,2025-12-02T16:54:00,M-023,BCH
T-4417,CU-095,724.30,USD,ES,mobile,D-095,2025-12-02T16:58:00,M-029,SAN
T-3638,CU-556,837.16,USD,CL,web,D-556,2025-12-02T17:00:00,M-046,BCH
T-3869,CU-518,1192.46,USD,CL,web,D-518,2025-12-02T17:09:00,M-010,BCI
T-1483,CU-979,4008.65,USD,US,web,D-979,2025-12-02T17:13:00,M-022,BAC
T-6746,CU-598,1222.23,USD,US,mobile,D-598,2025-12-02T17:13:00,M-016,WFC
T-6280,CU-496,818.21,USD,US,web,D-496,2025-12-02T17:18:00,M-028,WFC
T-6996,CU-856,1391.96,USD,MX,mobile,D-856,2025-12-02T17:19:00,M-028,BBVA
T-3266,CU-252,1539.72,USD,CO,web,D-252,2025-12-02T17:21:00,M-007,BAN
T-3212,CU-077,6587.54,USD,CL,mobile,D-077,2025-12-02T17:31:00,M-032,BCI
T-6712,CU-135,1461.78,PEN,PE,web,D-135,2025-12-02T17:32:00,M-012,IBK
T-2879,CU-001,1364.53,USD,MX,web,D-001,2025-12-02T17:33:00,M-048,BBVA
T-6013,CU-180,1378.38,USD,ES,web,D-180,2025-12-02T17:35:00,M-016,CABK
T-5554,CU-343,902.74,USD,US,web,D-343,2025-12-02T17:43:00,M-005,BAC
T-2314,CU-498,989.81,USD,AR,mobile,D-498,2025-12-02T17:45:00,M-025,GAL
T-7276,CU-371,1758.76,USD,AR,mobile,D-371,2025-12-02T17:46:00,M-008,BNA
T-1444,CU-584,500.22,USD,AR,mobile,D-584,2025-12-02T17:56:00,M-019,SAN
T-2585,CU-656,2218.16,USD,AR,web,D-656,2025-12-02T17:59:00,M-046,BNA
T-6893,CU-194,4034.26,USD,US,web,D-194,2025-12-02T18:00:00,M-011,JPM
T-5289,CU-389,371.99,USD,ES,web,D-389,2025-12-02T18:01:00,M-024,BBVA
T-4779,CU-656,3535.65,USD,AR,web,D-656,2025-12-02T18:01:00,M-040,BNA
T-7083,CU-567,2857.72,USD,CO,mobile,D-567,2025-12-02T18:05:00,M-004,BOG
T-7155,CU-614,418.53,PEN,PE,mobile,D-614,2025-12-02T18:08:00,M-025,BCP
T-6207,CU-305,853.26,USD,US,web,D-305,2025-12-02T18:08:00,M-038,JPM
T-2833,CU-191,1043.29,USD,CL,web,D-191,2025-12-02T18:15:00,M-025,SAN
T-2359,CU-556,644.73,USD,CL,web,D-556,2025-12-02T18:22:00,M-001,BCH
T-3480,CU-515,1739.83,USD,US,mobile,D-515,2025-12-02T18:23:00,M-045,BAC
T-2268,CU-602,2360.08,USD,US,mobile,D-602,2025-12-02T18:23:00,M-011,WFC
T-3148,CU-746,2475.32,USD,ES,mobile,D-746,2025-12-02T18:23:00,M-038,BBVA
T-2470,CU-373,5823.49,USD,US,web,D-373,2025-12-02T18:25:00,M-015,BAC
T-2011,CU-812,5462.37,USD,US,mobile,D-812,2025-12-02T18:25:00,M-004,BAC
T-5628,CU-703,3826.47,USD,CO,web,D-703,2025-12-02T18:29:00,M-031,BAN
T-2413,CU-134,3784.24,USD,US,web,D-134,2025-12-02T18:29:00,M-009,WFC
T-7476,CU-588,3044.43,USD,US,mobile,D-588,2025-12-02T18:30:00,M-028,BAC
T-3985,CU-566,6751.62,USD,CO,mobile,D-566,2025-12-02T18:33:00,M-036,BOG
T-4728,CU-669,3142.81,USD,ES,mobile,D-669,2025-12-02T18:34:00,M-045,CABK
T-1387,CU-790,470.45,USD,CO,mobile,D-790,2025-12-02T18:39:00,M-006,DAV
T-5550,CU-312,3859.62,USD,AR,web,D-312,2025-12-02T18:48:00,M-023,GAL
T-4630,CU-035,5843.57,USD,ES,web,D-035,2025-12-02T18:55:00,M-005,CABK
T-4156,CU-127,2762.23,USD,CL,web,D-127,2025-12-02T18:55:00,M-027,SAN
T-1143,CU-613,4637.81,USD,CO,web,D-613,2025-12-02T18:57:00,M-048,DAV
T-5673,CU-019,6121.78,USD,CO,web,D-019,2025-12-02T18:58:00,M-049,BAN
T-6786,CU-947,4601.36,USD,ES,mobile,D-947,2025-12-02T18:59:00,M-019,SAN
T-5089,CU-323,5519.93,USD,US,web,D-323,2025-12-02T19:02:00,M-017,WFC
T-5439,CU-434,1587.57,USD,US,web,D-434,2025-12-02T19:10:00,M-033,JPM
T-5212,CU-090,2404.49,PEN,PE,web,D-090,2025-12-02T19:14:00,M-008,BBVA
T-6569,CU-945,5252.35,PEN,PE,mobile,D-945,2025-12-02T19:16:00,M-013,BBVA
T-2940,CU-721,4225.84,USD,US,web,D-721,2025-12-02T19:21:00,M-029,JPM
T-5606,CU-437,2279.04,USD,MX,mobile,D-437,2025-12-02T19:24:00,M-017,BAN
T-2938,CU-653,2679.75,USD,AR,web,D-653,2025-12-02T19:27:00,M-023,GAL
T-6921,CU-660,441.66,USD,US,web,D-660,2025-12-02T19:29:00,M-038,BAC
T-2124,CU-081,1302.71,PEN,PE,web,D-081,2025-12-02T19:31:00,M-049,IBK
T-5368,CU-431,4677.33,USD,ES,web,D-431,2025-12-02T19:32:00,M-015,BBVA
T-4113,CU-171,2166.27,USD,US,web,D-171,2025-12-02T19:35:00,M-035,WFC
T-7042,CU-888,1893.31,PEN,PE,web,D-888,2025-12-02T19:44:00,M-016,IBK
T-3892,CU-223,2226.69,PEN,PE,web,D-223,2025-12-02T19:45:00,M-040,IBK
T-7952,CU-456,3141.94,USD,CO,mobile,D-456,2025-12-02T19:54:00,M-047,DAV
T-2548,CU-318,1755.49,USD,CO,web,D-318,2025-12-02T19:58:00,M-031,BOG
T-1579,CU-792,1722.19,USD,CO,web,D-792,2025-12-02T19:59:00,M-009,BAN
T-1701,CU-256,4136.45,USD,CO,mobile,D-256,2025-12-02T20:01:00,M-027,BAN
T-6492,CU-914,2899.09,USD,US,mobile,D-914,2025-12-02T20:07:00,M-050,JPM
T-7372,CU-026,2364.72,USD,CO,web,D-026,2025-12-02T20:07:00,M-039,DAV
T-2069,CU-645,409.78,PEN,PE,web,D-645,2025-12-02T20:12:00,M-048,BCP
T-3974,CU-044,2694.88,USD,ES,mobile,D-044,2025-12-02T20:16:00,M-001,BBVA
T-2403,CU-065,5855.03,USD,CL,web,D-065,2025-12-02T20:16:00,M-003,SAN
T-4343,CU-136,3071.35,USD,CO,web,D-136,2025-12-02T20:18:00,M-014,BAN
T-4772,CU-117,978.91,USD,US,mobile,D-117,2025-12-02T20:19:00,M-036,JPM
T-3085,CU-857,5785.36,USD,CL,web,D-857,2025-12-02T20:57:00,M-030,BCI
T-3034,CU-461,2676.16,USD,CO,mobile,D-461,2025-12-02T20:58:00,M-012,BOG
T-7950,CU-098,1304.13,USD,ES,mobile,D-098,2025-12-02T20:58:00,M-036,CABK
T-2844,CU-846,506.41,USD,US,mobile,D-846,2025-12-02T21:00:00,M-046,BAC
T-7804,CU-167,8770.21,USD,AR,web,D-167,2025-12-02T21:00:00,M-012,BNA
T-6777,CU-189,1396.62,USD,ES,mobile,D-189,2025-12-02T21:09:00,M-025,CABK
T-3243,CU-737,1928.63,USD,AR,web,D-737,2025-12-02T21:16:00,M-021,BNA
T-3535,CU-006,645.71,USD,MX,mobile,D-006,2025-12-02T21:18:00,M-019,BAN
T-4845,CU-820,2280.85,PEN,PE,web,D-820,2025-12-02T21:23:00,M-016,BCP
T-3142,CU-605,1687.06,USD,CL,web,D-605,2025-12-02T21:30:00,M-049,BCH
T-3007,CU-343,924.94,USD,US,web,D-343,2025-12-02T21:37:00,M-009,BAC
T-6749,CU-904,578.50,USD,ES,web,D-904,2025-12-02T21:45:00,M-036,CABK
T-2002,CU-848,1397.21,USD,ES,mobile,D-848,2025-12-02T21:47:00,M-019,SAN
T-4745,CU-238,1743.19,USD,US,mobile,D-238,2025-12-02T21:50:00,M-040,WFC
T-4465,CU-570,701.69,USD,CL,mobile,D-570,2025-12-02T21:50:00,M-036,SAN
T-2416,CU-302,554.48,USD,US,web,D-302,2025-12-02T22:39:00,M-005,WFC
T-5021,CU-832,17976.72,USD,US,web,D-832,2025-12-03T05:41:00,M-042,BAC
T-6418,CU-813,4077.53,PEN,PE,web,D-813,2025-12-03T06:00:00,M-015,BCP
T-5081,CU-618,2769.63,USD,US,mobile,D-618,2025-12-03T06:06:00,M-043,BAC
T-3864,CU-507,2029.64,USD,AR,web,D-507,2025-12-03T06:35:00,M-013,SAN
T-3727,CU-761,447.92,PEN,PE,web,D-761,2025-12-03T07:12:00,M-044,BBVA
T-6708,CU-230,2910.08,USD,ES,web,D-230,2025-12-03T07:18:00,M-009,BBVA
T-6197,CU-883,2802.87,USD,CL,mobile,D-883,2025-12-03T08:00:00,M-033,BCI
T-1130,CU-175,1418.43,USD,CL,web,D-175,2025-12-03T08:06:00,M-016,BCH
T-2107,CU-906,2109.69,PEN,PE,web,D-906,2025-12-03T08:08:00,M-005,IBK
T-7502,CU-541,1408.71,USD,CL,web,D-541,2025-12-03T08:12:00,M-013,BCI
T-6240,CU-981,685.20,USD,ES,web,D-981,2025-12-03T08:22:00,M-003,SAN
T-6946,CU-343,591.66,USD,US,web,D-343,2025-12-03T08:45:00,M-030,BAC
T-3057,CU-495,1595.51,USD,CO,mobile,D-495,2025-12-03T08:45:00,M-030,DAV
T-6166,CU-878,1043.92,USD,CL,mobile,D-878,2025-12-03T08:48:00,M-050,BCI
T-6662,CU-026,1136.91,USD,CO,web,D-026,2025-12-03T08:51:00,M-003,DAV
T-3446,CU-047,1068.25,USD,AR,mobile,D-047,2025-12-03T08:57:00,M-044,BNA
T-2710,CU-959,3781.36,USD,ES,web,D-959,2025-12-03T09:00:00,M-023,CABK
T-3718,CU-025,14069.70,USD,CO,web,D-025,2025-12-03T09:00:00,M-036,BOG
T-3756,CU-881,1404.71,USD,AR,mobile,D-881,2025-12-03T09:00:00,M-019,GAL
T-3138,CU-666,2516.69,USD,MX,mobile,D-666,2025-12-03T09:00:00,M-017,BBVA
T-2350,CU-754,9128.22,USD,US,web,D-754,2025-12-03T09:00:00,M-020,BAC
T-2688,CU-238,2398.81,USD,US,mobile,D-238,2025-12-03T09:00:00,M-019,WFC
T-6188,CU-890,2313.55,USD,CO,web,D-890,2025-12-03T09:27:00,M-029,DAV
T-2732,CU-822,3180.13,USD,CO,mobile,D-822,2025-12-03T09:30:00,M-032,BOG
T-5013,CU-059,3507.51,PEN,PE,web,D-059,2025-12-03T10:00:00,M-005,BCI
T-7324,CU-198,3649.26,PEN,PE,mobile,D-198,2025-12-03T10:00:00,M-039,SAN
T-2932,CU-966,974.41,PEN,PE,mobile,D-966,2025-12-03T10:00:00,M-018,IBK
T-6052,CU-733,264.35,USD,CL,web,D-733,2025-12-03T10:04:00,M-013,SAN
T-4777,CU-863,1138.52,USD,AR,web,D-863,2025-12-03T10:16:00,M-019,BNA
T-1398,CU-121,5935.68,PEN,PE,mobile,D-121,2025-12-03T10:18:00,M-014,BCP
T-6977,CU-633,802.13,USD,MX,mobile,D-633,2025-12-03T10:27:00,M-022,SAN
T-4926,CU-172,2205.77,USD,MX,web,D-172,2025-12-03T10:31:00,M-050,BAN
T-1502,CU-677,6126.89,USD,CL,web,D-677,2025-12-03T10:33:00,M-022,BCH
T-3255,CU-201,3964.94,USD,US,web,D-201,2025-12-03T10:33:00,M-008,JPM
T-2304,CU-251,2538.13,USD,US,mobile,D-251,2025-12-03T10:42:00,M-006,JPM
T-2847,CU-315,690.20,USD,CO,mobile,D-315,2025-12-03T10:50:00,M-037,BAN
T-7002,CU-769,834.07,USD,AR,mobile,D-769,2025-12-03T10:53:00,M-015,SAN
T-2173,CU-802,2953.23,USD,US,web,D-802,2025-12-03T10:54:00,M-001,JPM
T-7408,CU-209,2185.57,USD,US,web,D-209,2025-12-03T10:57:00,M-041,WFC
T-3719,CU-025,14069.70,USD,CO,web,D-025,2025-12-03T11:00:00,M-036,BOG
T-3757,CU-881,1404.71,USD,AR,mobile,D-881,2025-12-03T11:00:00,M-019,GAL
T-4812,CU-348,1251.73,USD,US,web,D-348,2025-12-03T11:00:00,M-999,JPM
T-2351,CU-754,9128.22,USD,US,web,D-754,2025-12-03T11:00:00,M-020,BAC
T-3139,CU-666,2516.69,USD,MX,mobile,D-666,2025-12-03T11:00:00,M-017,BBVA
T-2689,CU-238,2398.81,USD,US,mobile,D-238,2025-12-03T11:00:00,M-019,WFC
T-2711,CU-959,3781.36,USD,ES,web,D-959,2025-12-03T11:00:00,M-023,CABK
T-6241,CU-181,2735.76,USD,US,mobile,D-181,2025-12-03T11:19:00,M-048,WFC
T-5417,CU-048,4316.47,USD,MX,web,D-048,2025-12-03T11:23:00,M-007,SAN
T-1920,CU-432,466.15,USD,US,web,D-432,2025-12-03T11:27:00,M-041,BAC
T-2933,CU-966,974.41,USD,ES,mobile,D-966,2025-12-03T11:30:00,M-047,IBK
T-7325,CU-198,3649.26,USD,ES,mobile,D-198,2025-12-03T11:30:00,M-024,SAN
T-5014,CU-059,3507.51,USD,ES,web,D-059,2025-12-03T11:30:00,M-021,BCI
T-2423,CU-185,1810.88,USD,CO,mobile,D-185,2025-12-03T11:34:00,M-019,DAV
T-2573,CU-212,5669.76,USD,CL,mobile,D-212,2025-12-03T11:34:00,M-038,BCI
T-7200,CU-751,4247.66,USD,ES,mobile,D-751,2025-12-03T11:36:00,M-025,BBVA
T-3547,CU-322,2389.18,USD,AR,web,D-322,2025-12-03T11:41:00,M-039,SAN
T-2361,CU-137,2126.04,USD,MX,mobile,D-137,2025-12-03T11:47:00,M-037,BBVA
T-3436,CU-444,4115.90,USD,MX,web,D-444,2025-12-03T11:50:00,M-008,BBVA
T-1768,CU-535,4577.02,USD,AR,web,D-535,2025-12-03T11:50:00,M-036,GAL
T-3485,CU-241,356.30,USD,ES,mobile,D-241,2025-12-03T11:51:00,M-050,CABK
T-6138,CU-212,3962.72,USD,CL,mobile,D-212,2025-12-03T11:54:00,M-030,BCI
T-4448,CU-230,4342.78,USD,ES,web,D-230,2025-12-03T12:00:00,M-018,BBVA
T-3819,CU-232,2668.43,USD,MX,web,D-232,2025-12-03T12:01:00,M-046,SAN
T-4391,CU-047,217.25,USD,AR,mobile,D-047,2025-12-03T12:01:00,M-002,BNA
T-3074,CU-772,1285.70,PEN,PE,web,D-772,2025-12-03T12:01:00,M-025,BCP
T-2030,CU-656,575.49,USD,AR,web,D-656,2025-12-03T12:01:00,M-049,BNA
T-4392,CU-047,450.02,USD,AR,mobile,D-047,2025-12-03T12:02:00,M-002,BNA
T-2031,CU-656,864.79,USD,AR,web,D-656,2025-12-03T12:02:00,M-049,BNA
T-3075,CU-772,1054.91,PEN,PE,web,D-772,2025-12-03T12:02:00,M-025,BCP
T-5351,CU-436,1411.47,USD,ES,mobile,D-436,2025-12-03T12:03:00,M-029,SAN
T-7969,CU-751,2924.13,USD,ES,mobile,D-751,2025-12-03T12:03:00,M-004,BBVA
T-3076,CU-772,1050.89,PEN,PE,web,D-772,2025-12-03T12:03:00,M-025,BCP
T-2032,CU-656,1063.76,USD,AR,web,D-656,2025-12-03T12:03:00,M-049,BNA
T-4393,CU-047,345.75,USD,AR,mobile,D-047,2025-12-03T12:03:00,M-002,BNA
T-3077,CU-772,344.28,PEN,PE,web,D-772,2025-12-03T12:04:00,M-025,BCP
T-4394,CU-047,939.77,USD,AR,mobile,D-047,2025-12-03T12:04:00,M-002,BNA
T-2033,CU-656,1173.70,USD,AR,web,D-656,2025-12-03T12:04:00,M-049,BNA
T-3083,CU-983,1507.84,USD,MX,web,D-983,2025-12-03T12:13:00,M-047,BBVA
T-7362,CU-146,605.74,PEN,PE,web,D-146,2025-12-03T12:14:00,M-047,BCP
T-1027,CU-243,3914.18,PEN,PE,mobile,D-243,2025-12-03T12:22:00,M-042,IBK
T-2523,CU-277,3200.16,USD,AR,mobile,D-277,2025-12-03T12:40:00,M-016,SAN
T-7196,CU-175,2078.31,USD,CL,web,D-175,2025-12-03T12:40:00,M-043,BCH
T-7516,CU-381,753.24,USD,AR,mobile,D-381,2025-12-03T12:56:00,M-048,SAN
T-3758,CU-881,1404.71,USD,AR,mobile,D-881,2025-12-03T13:00:00,M-019,GAL
T-3140,CU-666,2516.69,USD,MX,mobile,D-666,2025-12-03T13:00:00,M-017,BBVA
T-1880,CU-529,491.15,USD,US,mobile,D-529,2025-12-03T13:00:00,M-048,BAC
T-2690,CU-238,2398.81,USD,US,mobile,D-238,2025-12-03T13:00:00,M-019,WFC
T-3720,CU-025,14069.70,USD,CO,web,D-025,2025-12-03T13:00:00,M-036,BOG
T-3205,CU-426,240.83,USD,CL,web,D-426,2025-12-03T13:00:00,M-003,BCI
T-2352,CU-754,9128.22,USD,US,web,D-754,2025-12-03T13:00:00,M-020,BAC
T-2712,CU-959,3781.36,USD,ES,web,D-959,2025-12-03T13:00:00,M-023,CABK
T-6929,CU-460,542.35,USD,US,mobile,D-460,2025-12-03T13:08:00,M-006,BAC
T-5403,CU-308,2158.87,USD,ES,mobile,D-308,2025-12-03T13:09:00,M-031,BBVA
T-5830,CU-764,1659.04,USD,CO,mobile,D-764,2025-12-03T13:10:00,M-049,BAN
T-5484,CU-961,222.67,PEN,PE,mobile,D-961,2025-12-03T13:15:00,M-042,IBK
T-7438,CU-268,4545.90,USD,MX,mobile,D-268,2025-12-03T13:17:00,M-005,BBVA
T-5026,CU-573,678.64,USD,AR,web,D-573,2025-12-03T13:19:00,M-023,BNA
T-4538,CU-755,5037.60,PEN,PE,web,D-755,2025-12-03T13:21:00,M-028,BCP
T-6286,CU-200,1041.00,USD,AR,mobile,D-200,2025-12-03T13:24:00,M-014,GAL
T-6762,CU-642,2091.28,USD,US,web,D-642,2025-12-03T13:33:00,M-003,BAC
T-5832,CU-771,4636.48,PEN,PE,mobile,D-771,2025-12-03T13:36:00,M-033,IBK
T-3469,CU-003,3651.68,USD,US,mobile,D-003,2025-12-03T13:37:00,M-002,WFC
T-4077,CU-290,3642.98,USD,US,mobile,D-290,2025-12-03T13:38:00,M-039,BAC
T-2974,CU-541,2905.89,USD,CL,web,D-541,2025-12-03T13:42:00,M-032,BCI
T-4208,CU-489,319.92,USD,CL,mobile,D-489,2025-12-03T13:43:00,M-015,SAN
T-1009,CU-293,5324.80,USD,CL,web,D-293,2025-12-03T13:51:00,M-023,BCH
T-2365,CU-573,416.90,USD,AR,web,D-573,2025-12-03T13:53:00,M-022,BNA
T-5633,CU-486,961.57,USD,CL,mobile,D-486,2025-12-03T13:57:00,M-035,BCI
T-3835,CU-314,177.67,PEN,PE,web,D-314,2025-12-03T13:57:00,M-038,IBK
T-7391,CU-399,1642.81,USD,MX,mobile,D-399,2025-12-03T13:58:00,M-021,SAN
T-5332,CU-404,6130.13,USD,ES,web,D-404,2025-12-03T13:58:00,M-034,BBVA
T-3695,CU-207,8907.39,USD,AR,web,D-207,2025-12-03T14:00:00,M-030,GAL
T-5376,CU-570,0.50,USD,CL,mobile,D-999336,2025-12-03T14:00:00,M-006,SAN
T-7787,CU-818,610.43,USD,AR,mobile,D-818,2025-12-03T14:00:00,M-048,BNA
T-2848,CU-609,3258.51,USD,AR,mobile,D-609,2025-12-03T14:01:00,M-033,BNA
T-5377,CU-570,0.50,USD,CL,mobile,D-999336,2025-12-03T14:02:00,M-006,SAN
T-7722,CU-233,1797.42,USD,MX,web,D-233,2025-12-03T14:02:00,M-011,SAN
T-1790,CU-335,1230.90,USD,ES,web,D-335,2025-12-03T14:02:00,M-018,SAN
T-1538,CU-495,1021.96,USD,CO,mobile,D-495,2025-12-03T14:02:00,M-034,DAV
T-5724,CU-428,411.44,USD,MX,mobile,D-428,2025-12-03T14:03:00,M-028,BBVA
T-6869,CU-965,2157.13,USD,MX,mobile,D-965,2025-12-03T14:06:00,M-024,SAN
T-5378,CU-570,3183.08,USD,CL,mobile,D-999336,2025-12-03T14:06:00,M-050,SAN
T-2697,CU-176,2279.58,USD,AR,mobile,D-176,2025-12-03T14:07:00,M-007,SAN
T-6208,CU-733,114.46,USD,CL,web,D-733,2025-12-03T14:14:00,M-007,SAN
T-6261,CU-629,679.85,USD,CL,web,D-629,2025-12-03T14:15:00,M-031,BCI
T-5508,CU-705,6150.13,PEN,PE,web,D-705,2025-12-03T14:48:00,M-032,BCP
T-4516,CU-965,3239.87,USD,MX,mobile,D-965,2025-12-03T14:49:00,M-027,SAN
T-2078,CU-480,1891.35,USD,ES,mobile,D-480,2025-12-03T14:49:00,M-031,BBVA
T-5207,CU-561,2376.22,USD,CO,mobile,D-561,2025-12-03T14:51:00,M-030,BOG
T-5051,CU-495,1118.63,USD,CO,mobile,D-495,2025-12-03T14:53:00,M-043,DAV
T-6764,CU-317,2140.96,USD,CL,web,D-317,2025-12-03T14:54:00,M-031,BCH
T-6410,CU-502,783.67,USD,US,mobile,D-502,2025-12-03T14:57:00,M-033,JPM
T-1283,CU-459,1061.18,USD,MX,web,D-459,2025-12-03T15:00:00,M-999,BAN
T-5033,CU-836,3315.95,PEN,PE,mobile,D-836,2025-12-03T15:00:00,M-019,IBK
T-7269,CU-789,4708.08,USD,US,web,D-789,2025-12-03T15:00:00,M-021,WFC
T-5995,CU-798,4259.70,USD,CO,web,D-798,2025-12-03T15:04:00,M-012,BAN
T-2934,CU-488,4228.98,USD,ES,web,D-488,2025-12-03T15:05:00,M-026,BBVA
T-5386,CU-046,4761.86,USD,MX,mobile,D-046,2025-12-03T15:08:00,M-004,BBVA
T-7118,CU-207,3262.53,USD,AR,mobile,D-207,2025-12-03T15:14:00,M-045,GAL
T-3127,CU-356,2631.72,USD,ES,mobile,D-356,2025-12-03T15:18:00,M-046,BBVA
T-5421,CU-934,3028.76,USD,MX,web,D-934,2025-12-03T15:18:00,M-001,SAN
T-1898,CU-756,920.50,USD,CL,mobile,D-756,2025-12-03T15:22:00,M-020,SAN
T-5299,CU-899,5751.76,USD,CO,mobile,D-899,2025-12-03T15:25:00,M-005,BAN
T-7116,CU-866,1929.65,USD,US,web,D-866,2025-12-03T15:26:00,M-020,BAC
T-7964,CU-575,1998.84,USD,MX,mobile,D-575,2025-12-03T15:48:00,M-029,BAN
T-2444,CU-422,1944.61,USD,MX,web,D-422,2025-12-03T15:49:00,M-040,BAN
T-5626,CU-233,1767.93,USD,MX,web,D-233,2025-12-03T15:52:00,M-025,SAN
T-5670,CU-403,5875.51,USD,CO,web,D-403,2025-12-03T16:00:00,M-036,DAV
T-6488,CU-402,6021.75,USD,CO,mobile,D-402,2025-12-03T16:00:00,M-025,BAN
T-3920,CU-796,2000.55,USD,MX,mobile,D-796,2025-12-03T16:00:00,M-029,SAN
T-7639,CU-762,291.90,USD,AR,mobile,D-762,2025-12-03T16:08:00,M-006,GAL
T-5066,CU-993,5564.44,USD,CO,web,D-993,2025-12-03T16:10:00,M-020,BOG
T-2682,CU-171,3169.14,USD,US,web,D-171,2025-12-03T16:11:00,M-033,WFC
T-2077,CU-639,4559.16,USD,CO,mobile,D-639,2025-12-03T16:13:00,M-002,BOG
T-6591,CU-499,3787.18,PEN,PE,mobile,D-499,2025-12-03T16:14:00,M-049,BCP
T-6514,CU-676,2605.61,USD,AR,mobile,D-676,2025-12-03T16:20:00,M-032,BNA
T-3009,CU-183,4065.36,USD,US,web,D-183,2025-12-03T16:22:00,M-004,BAC
T-2937,CU-975,1770.22,USD,CL,web,D-975,2025-12-03T16:25:00,M-023,SAN
T-5388,CU-867,2248.02,PEN,PE,mobile,D-867,2025-12-03T16:27:00,M-044,IBK
T-5605,CU-340,1721.28,USD,CL,web,D-340,2025-12-03T16:29:00,M-025,BCH
T-5472,CU-962,1414.35,PEN,PE,web,D-962,2025-12-03T16:34:00,M-050,IBK
T-3873,CU-844,480.87,USD,CO,web,D-844,2025-12-03T16:36:00,M-046,BAN
T-5523,CU-890,3491.38,USD,CO,web,D-890,2025-12-03T16:37:00,M-050,DAV
T-2072,CU-901,3476.53,USD,CO,web,D-901,2025-12-03T16:39:00,M-041,DAV
T-6737,CU-886,907.83,USD,AR,mobile,D-886,2025-12-03T16:45:00,M-007,BNA
T-2381,CU-833,2626.84,USD,CL,web,D-833,2025-12-03T16:45:00,M-024,SAN
T-2125,CU-543,3071.21,USD,CL,mobile,D-543,2025-12-03T16:50:00,M-009,BCI
T-6567,CU-456,6757.27,USD,CO,mobile,D-456,2025-12-03T16:51:00,M-014,DAV
T-1452,CU-217,5111.53,USD,MX,mobile,D-217,2025-12-03T16:54:00,M-007,SAN
T-1638,CU-840,174.92,USD,MX,web,D-840,2025-12-03T16:54:00,M-047,BBVA
T-2383,CU-612,1051.98,PEN,PE,web,D-612,2025-12-03T16:54:00,M-007,BCP
T-5338,CU-962,1363.82,PEN,PE,web,D-962,2025-12-03T16:58:00,M-037,IBK
T-3157,CU-637,1041.78,USD,CO,web,D-637,2025-12-03T17:00:00,M-043,BAN
T-4692,CU-125,3228.65,PEN,PE,web,D-125,2025-12-03T17:04:00,M-039,BBVA
T-1609,CU-168,3545.42,USD,CL,mobile,D-168,2025-12-03T17:04:00,M-038,BCI
T-3628,CU-512,989.19,USD,AR,mobile,D-512,2025-12-03T17:07:00,M-028,SAN
T-7713,CU-694,3858.98,USD,AR,web,D-694,2025-12-03T17:10:00,M-043,BNA
T-5939,CU-506,6364.52,PEN,PE,web,D-506,2025-12-03T17:12:00,M-027,BCP
T-1486,CU-253,4124.87,USD,CL,mobile,D-253,2025-12-03T17:15:00,M-028,BCH
T-6493,CU-419,2532.12,USD,CO,mobile,D-419,2025-12-03T17:20:00,M-039,BOG
T-4996,CU-188,2648.10,USD,ES,web,D-188,2025-12-03T17:21:00,M-048,SAN
T-1358,CU-338,1727.18,PEN,PE,web,D-338,2025-12-03T17:23:00,M-028,BCP
T-5561,CU-604,1834.87,USD,AR,mobile,D-604,2025-12-03T17:25:00,M-010,GAL
T-6752,CU-137,3579.45,USD,MX,mobile,D-137,2025-12-03T17:31:00,M-024,BBVA
T-6153,CU-001,1610.70,USD,MX,web,D-001,2025-12-03T17:33:00,M-004,BBVA
T-1241,CU-870,5530.99,USD,CO,web,D-870,2025-12-03T17:38:00,M-015,DAV
T-4835,CU-257,1767.02,USD,AR,web,D-257,2025-12-03T17:41:00,M-022,SAN
T-3387,CU-977,2773.09,USD,AR,mobile,D-977,2025-12-03T17:51:00,M-036,BNA
T-1945,CU-374,562.94,PEN,PE,web,D-374,2025-12-03T18:00:00,M-044,BBVA
T-4357,CU-955,1724.47,USD,ES,mobile,D-955,2025-12-03T18:00:00,M-999,SAN
T-3520,CU-317,1964.89,USD,CL,web,D-317,2025-12-03T18:02:00,M-040,BCH
T-4401,CU-496,622.14,USD,US,web,D-496,2025-12-03T18:06:00,M-035,WFC
T-6702,CU-068,1931.28,USD,AR,mobile,D-068,2025-12-03T18:10:00,M-034,SAN
T-4646,CU-805,838.60,USD,AR,web,D-805,2025-12-03T18:16:00,M-027,BNA
T-3755,CU-856,1426.74,USD,MX,mobile,D-856,2025-12-03T18:16:00,M-025,BBVA
T-2919,CU-787,210.12,USD,CO,mobile,D-787,2025-12-03T18:16:00,M-042,BAN
T-5248,CU-634,1921.36,USD,ES,mobile,D-634,2025-12-03T18:18:00,M-024,CABK
T-1269,CU-206,1277.26,USD,US,web,D-206,2025-12-03T18:28:00,M-042,JPM
T-4792,CU-957,1247.96,USD,CL,web,D-957,2025-12-03T18:28:00,M-038,SAN
T-1834,CU-676,2624.45,USD,AR,mobile,D-676,2025-12-03T18:31:00,M-010,BNA
T-3513,CU-881,766.40,USD,AR,mobile,D-881,2025-12-03T18:36:00,M-048,GAL
T-1024,CU-765,4849.14,USD,CO,web,D-765,2025-12-03T18:39:00,M-002,BOG
T-3187,CU-995,1940.61,PEN,PE,web,D-995,2025-12-03T18:41:00,M-032,BBVA
T-1207,CU-463,689.34,USD,MX,mobile,D-463,2025-12-03T18:45:00,M-022,BAN
T-5790,CU-746,3270.50,USD,ES,mobile,D-746,2025-12-03T18:57:00,M-027,BBVA
T-6120,CU-567,4312.81,USD,CO,mobile,D-567,2025-12-03T19:09:00,M-035,BOG
T-6227,CU-212,2968.91,USD,CL,mobile,D-212,2025-12-03T19:11:00,M-008,BCI
T-5356,CU-492,2185.41,USD,US,mobile,D-492,2025-12-03T19:11:00,M-009,WFC
T-6599,CU-918,3645.71,PEN,PE,web,D-918,2025-12-03T19:23:00,M-014,BCP
T-4305,CU-469,2628.83,USD,AR,mobile,D-469,2025-12-03T19:33:00,M-018,SAN
T-6618,CU-095,560.28,USD,ES,mobile,D-095,2025-12-03T19:38:00,M-038,SAN
T-6976,CU-759,918.59,USD,CL,web,D-759,2025-12-03T19:39:00,M-040,BCI
T-6558,CU-278,1665.93,USD,ES,web,D-278,2025-12-03T19:45:00,M-050,SAN
T-2374,CU-176,2182.81,USD,AR,mobile,D-176,2025-12-03T19:49:00,M-029,SAN
T-6506,CU-675,1464.20,USD,CL,mobile,D-675,2025-12-03T19:49:00,M-006,BCI
T-1282,CU-522,3855.55,USD,ES,web,D-522,2025-12-03T19:50:00,M-032,SAN
T-1237,CU-706,3331.81,USD,MX,web,D-706,2025-12-03T19:53:00,M-026,SAN
T-7597,CU-281,7113.90,USD,US,web,D-281,2025-12-03T19:54:00,M-004,BAC
T-6379,CU-101,378.82,USD,ES,web,D-101,2025-12-03T19:57:00,M-014,SAN
T-5555,CU-285,1906.44,USD,CO,web,D-285,2025-12-03T20:00:00,M-022,DAV
T-1287,CU-950,944.64,USD,AR,mobile,D-950,2025-12-03T20:03:00,M-033,BNA
T-7777,CU-396,431.80,USD,US,web,D-396,2025-12-03T20:08:00,M-028,JPM
T-2641,CU-438,2241.44,PEN,PE,mobile,D-438,2025-12-03T20:14:00,M-004,BCP
T-7666,CU-393,3579.74,PEN,PE,mobile,D-393,2025-12-03T20:16:00,M-034,BBVA
T-6142,CU-078,2035.17,USD,US,web,D-078,2025-12-03T20:32:00,M-047,BAC
T-1565,CU-627,3297.89,USD,US,web,D-627,2025-12-03T20:39:00,M-042,WFC
T-1614,CU-006,1285.16,USD,MX,mobile,D-006,2025-12-03T20:42:00,M-047,BAN
T-5223,CU-491,972.78,USD,MX,mobile,D-491,2025-12-03T20:45:00,M-008,BAN
T-2862,CU-478,1817.32,USD,AR,web,D-478,2025-12-03T20:58:00,M-002,SAN
T-1728,CU-046,6618.54,USD,MX,mobile,D-046,2025-12-03T21:08:00,M-011,BBVA
T-4274,CU-332,14705.43,USD,ES,mobile,D-332,2025-12-03T21:20:00,M-021,BBVA
T-7345,CU-601,1721.94,USD,CL,web,D-601,2025-12-03T21:30:00,M-028,SAN
T-4256,CU-594,2166.13,PEN,PE,web,D-594,2025-12-03T21:30:00,M-040,BCP
T-6720,CU-359,3697.56,USD,MX,web,D-359,2025-12-03T21:35:00,M-004,SAN
T-5488,CU-654,420.31,PEN,PE,mobile,D-654,2025-12-03T21:47:00,M-039,BBVA
T-2267,CU-240,222.08,USD,ES,mobile,D-240,2025-12-03T21:52:00,M-003,CABK
T-4629,CU-645,1370.83,PEN,PE,web,D-645,2025-12-04T01:04:00,M-007,BCP
T-6724,CU-275,481.17,PEN,PE,mobile,D-275,2025-12-04T06:44:00,M-040,IBK
T-3002,CU-830,1395.58,USD,US,mobile,D-830,2025-12-04T06:48:00,M-004,BAC
T-3409,CU-560,2639.89,USD,US,web,D-560,2025-12-04T07:29:00,M-035,BAC
T-4736,CU-193,4258.03,USD,MX,mobile,D-193,2025-12-04T07:37:00,M-001,BAN
T-6903,CU-828,5029.60,USD,CL,web,D-828,2025-12-04T07:53:00,M-002,BCH
T-6676,CU-194,3644.59,USD,US,web,D-194,2025-12-04T08:01:00,M-049,JPM
T-6779,CU-188,3340.53,USD,ES,web,D-188,2025-12-04T08:01:00,M-049,SAN
T-2259,CU-764,1518.98,USD,CO,mobile,D-764,2025-12-04T08:08:00,M-015,BAN
T-6285,CU-541,2634.11,USD,CL,web,D-541,2025-12-04T08:19:00,M-046,BCI
T-2355,CU-143,3103.88,USD,ES,web,D-143,2025-12-04T08:29:00,M-013,CABK
T-3802,CU-841,1115.88,USD,AR,web,D-841,2025-12-04T08:32:00,M-043,GAL
T-7162,CU-810,2701.54,PEN,PE,mobile,D-810,2025-12-04T08:34:00,M-042,IBK
T-4529,CU-877,740.33,USD,MX,mobile,D-877,2025-12-04T08:35:00,M-008,SAN
T-2923,CU-675,1361.67,USD,CL,mobile,D-675,2025-12-04T08:42:00,M-016,BCI
T-3192,CU-410,2800.08,USD,US,web,D-410,2025-12-04T08:49:00,M-028,JPM
T-2773,CU-446,816.66,USD,MX,web,D-446,2025-12-04T08:49:00,M-028,SAN
T-4885,CU-049,2221.94,USD,CL,mobile,D-049,2025-12-04T08:51:00,M-023,BCH
T-5359,CU-214,690.65,USD,AR,mobile,D-214,2025-12-04T08:53:00,M-037,BNA
T-2990,CU-198,4097.03,USD,AR,mobile,D-198,2025-12-04T08:54:00,M-009,SAN
T-6391,CU-354,1040.75,USD,MX,mobile,D-354,2025-12-04T08:58:00,M-045,BAN
T-1796,CU-215,7283.44,USD,CL,mobile,D-215,2025-12-04T09:00:00,M-049,SAN
T-4937,CU-294,2330.91,USD,CL,web,D-294,2025-12-04T09:03:00,M-024,SAN
T-3019,CU-997,536.70,USD,CO,web,D-997,2025-12-04T09:10:00,M-041,BOG
T-1551,CU-539,5220.19,USD,ES,web,D-539,2025-12-04T09:20:00,M-018,BBVA
T-7756,CU-440,3580.59,USD,AR,mobile,D-440,2025-12-04T09:20:00,M-014,BNA
T-6291,CU-185,2449.50,USD,CO,mobile,D-185,2025-12-04T09:25:00,M-024,DAV
T-1179,CU-169,1996.54,USD,US,mobile,D-169,2025-12-04T09:29:00,M-025,BAC
T-3935,CU-067,4785.59,USD,CO,mobile,D-067,2025-12-04T09:33:00,M-031,BAN
T-3206,CU-249,4926.68,PEN,PE,web,D-249,2025-12-04T09:48:00,M-003,IBK
T-5154,CU-284,4235.23,PEN,PE,web,D-284,2025-12-04T10:00:00,M-042,BCH
T-3696,CU-122,2804.39,USD,CL,web,D-122,2025-12-04T10:02:00,M-005,SAN
T-1429,CU-869,2040.21,USD,US,mobile,D-869,2025-12-04T10:06:00,M-036,WFC
T-1714,CU-552,1087.80,USD,ES,mobile,D-552,2025-12-04T10:06:00,M-009,SAN
T-2658,CU-898,5264.41,USD,ES,mobile,D-898,2025-12-04T10:11:00,M-048,BBVA
T-5545,CU-866,960.83,USD,US,web,D-866,2025-12-04T10:17:00,M-006,BAC
T-6045,CU-879,3066.24,USD,CL,mobile,D-879,2025-12-04T10:17:00,M-029,SAN
T-2622,CU-419,3004.31,USD,CO,mobile,D-419,2025-12-04T10:17:00,M-041,BOG
T-3914,CU-347,4255.36,PEN,PE,web,D-347,2025-12-04T10:18:00,M-007,BBVA
T-1812,CU-782,1021.16,USD,CL,mobile,D-782,2025-12-04T10:18:00,M-009,BCH
T-5828,CU-600,3226.14,USD,US,web,D-600,2025-12-04T10:22:00,M-013,JPM
T-5271,CU-930,4077.10,PEN,PE,mobile,D-930,2025-12-04T10:24:00,M-043,IBK
T-5966,CU-860,4469.92,PEN,PE,web,D-860,2025-12-04T10:27:00,M-035,IBK
T-6577,CU-558,1473.31,USD,MX,mobile,D-558,2025-12-04T10:29:00,M-044,BAN
T-4499,CU-745,2494.72,USD,ES,mobile,D-745,2025-12-04T10:32:00,M-048,SAN
T-3406,CU-893,4153.92,PEN,PE,mobile,D-893,2025-12-04T10:40:00,M-003,IBK
T-2235,CU-265,2819.66,USD,ES,web,D-265,2025-12-04T10:41:00,M-036,CABK
T-2143,CU-368,2018.21,USD,US,web,D-368,2025-12-04T10:51:00,M-028,BAC
T-3176,CU-577,508.50,USD,US,web,D-577,2025-12-04T10:54:00,M-020,JPM
T-1797,CU-215,7283.44,USD,CL,mobile,D-215,2025-12-04T11:00:00,M-049,SAN
T-4990,CU-684,4070.66,USD,US,mobile,D-684,2025-12-04T11:05:00,M-037,WFC
T-7265,CU-780,192.71,USD,MX,mobile,D-780,2025-12-04T11:06:00,M-028,SAN
T-4453,CU-003,4180.90,USD,US,mobile,D-003,2025-12-04T11:07:00,M-014,WFC
T-1738,CU-994,2536.25,USD,US,mobile,D-994,2025-12-04T11:19:00,M-009,JPM
T-5155,CU-284,4235.23,USD,ES,web,D-284,2025-12-04T11:30:00,M-043,BCH
T-2371,CU-856,3713.49,USD,MX,mobile,D-856,2025-12-04T11:30:00,M-047,BBVA
T-7386,CU-056,3585.69,USD,US,mobile,D-056,2025-12-04T11:38:00,M-049,BAC
T-6272,CU-401,1623.88,USD,CO,mobile,D-401,2025-12-04T11:43:00,M-034,BAN
T-1301,CU-869,5167.33,USD,US,mobile,D-869,2025-12-04T11:47:00,M-017,WFC
T-5452,CU-329,364.53,USD,US,web,D-329,2025-12-04T11:49:00,M-024,BAC
T-3492,CU-335,1574.54,USD,ES,web,D-335,2025-12-04T11:55:00,M-036,SAN
T-6867,CU-499,3280.82,PEN,PE,mobile,D-499,2025-12-04T11:58:00,M-040,BCP
T-2036,CU-471,635.02,USD,CL,web,D-471,2025-12-04T12:00:00,M-042,BCI
T-6433,CU-101,180.95,USD,ES,web,D-101,2025-12-04T12:01:00,M-034,SAN
T-1654,CU-550,250.54,PEN,PE,web,D-550,2025-12-04T12:01:00,M-011,BCP
T-6434,CU-101,67.13,USD,ES,web,D-101,2025-12-04T12:02:00,M-034,SAN
T-1655,CU-550,716.32,PEN,PE,web,D-550,2025-12-04T12:02:00,M-011,BCP
T-6435,CU-101,121.85,USD,ES,web,D-101,2025-12-04T12:03:00,M-034,SAN
T-1656,CU-550,741.68,PEN,PE,web,D-550,2025-12-04T12:03:00,M-011,BCP
T-4558,CU-214,1118.06,USD,AR,mobile,D-214,2025-12-04T12:04:00,M-048,BNA
T-6436,CU-101,37.62,USD,ES,web,D-101,2025-12-04T12:04:00,M-034,SAN
T-1657,CU-550,462.71,PEN,PE,web,D-550,2025-12-04T12:04:00,M-011,BCP
T-4449,CU-663,3425.08,USD,CL,mobile,D-663,2025-12-04T12:05:00,M-017,SAN
T-4749,CU-273,314.80,USD,CO,mobile,D-273,2025-12-04T12:08:00,M-021,BAN
T-6550,CU-194,2599.65,USD,US,web,D-194,2025-12-04T12:08:00,M-023,JPM
T-6412,CU-353,1098.75,USD,MX,mobile,D-353,2025-12-04T12:16:00,M-050,BAN
T-3220,CU-699,419.90,USD,US,web,D-699,2025-12-04T12:17:00,M-014,WFC
T-4647,CU-835,1859.02,USD,CL,mobile,D-835,2025-12-04T12:17:00,M-020,BCI
T-3654,CU-515,1715.80,USD,US,mobile,D-515,2025-12-04T12:18:00,M-024,BAC
T-1624,CU-461,3334.02,USD,CO,mobile,D-461,2025-12-04T12:23:00,M-036,BOG
T-7404,CU-769,825.03,USD,AR,mobile,D-769,2025-12-04T12:26:00,M-006,SAN
T-7984,CU-162,4653.61,USD,ES,mobile,D-162,2025-12-04T12:33:00,M-032,CABK
T-4530,CU-985,3923.86,PEN,PE,web,D-985,2025-12-04T12:35:00,M-043,IBK
T-3771,CU-599,263.81,USD,US,mobile,D-599,2025-12-04T12:43:00,M-033,BAC
T-2391,CU-816,2039.23,USD,US,mobile,D-816,2025-12-04T12:43:00,M-037,BAC
T-2931,CU-862,2546.02,USD,CL,web,D-862,2025-12-04T12:47:00,M-036,SAN
T-3411,CU-352,563.69,USD,CO,web,D-352,2025-12-04T12:49:00,M-023,DAV
T-7311,CU-273,254.75,USD,CO,mobile,D-273,2025-12-04T12:49:00,M-043,BAN
T-2463,CU-425,1631.38,USD,CL,mobile,D-425,2025-12-04T12:54:00,M-001,BCH
T-3388,CU-054,5768.88,USD,US,web,D-054,2025-12-04T12:54:00,M-047,JPM
T-6836,CU-408,340.77,USD,US,mobile,D-408,2025-12-04T12:57:00,M-013,JPM
T-1798,CU-215,7283.44,USD,CL,mobile,D-215,2025-12-04T13:00:00,M-049,SAN
T-5279,CU-737,2151.75,USD,AR,web,D-737,2025-12-04T13:00:00,M-005,BNA
T-6931,CU-969,1070.70,USD,AR,mobile,D-969,2025-12-04T13:02:00,M-038,GAL
T-7022,CU-295,2531.68,USD,CL,web,D-295,2025-12-04T13:06:00,M-048,BCH
T-5318,CU-217,6192.09,USD,MX,mobile,D-217,2025-12-04T13:07:00,M-028,SAN
T-1986,CU-994,4070.24,USD,US,mobile,D-994,2025-12-04T13:11:00,M-026,JPM
T-1818,CU-008,868.81,PEN,PE,mobile,D-008,2025-12-04T13:13:00,M-016,BCP
T-2696,CU-822,3191.18,USD,CO,mobile,D-822,2025-12-04T13:14:00,M-012,BOG
T-7038,CU-860,4251.20,PEN,PE,web,D-860,2025-12-04T13:17:00,M-043,IBK
T-1503,CU-799,1951.20,PEN,PE,web,D-799,2025-12-04T13:23:00,M-020,IBK
T-2048,CU-408,224.25,USD,US,mobile,D-408,2025-12-04T13:25:00,M-042,JPM
T-2520,CU-118,2463.25,USD,AR,mobile,D-118,2025-12-04T13:28:00,M-010,BNA
T-4853,CU-167,2417.79,USD,AR,mobile,D-167,2025-12-04T13:29:00,M-005,BNA
T-6686,CU-076,6075.23,USD,ES,web,D-076,2025-12-04T13:32:00,M-005,CABK
T-4019,CU-862,2257.82,USD,CL,web,D-862,2025-12-04T13:33:00,M-007,SAN
T-7513,CU-056,2898.47,USD,US,mobile,D-056,2025-12-04T13:50:00,M-015,BAC
T-1276,CU-769,1467.72,USD,AR,mobile,D-769,2025-12-04T13:51:00,M-010,SAN
T-5667,CU-354,0.50,USD,MX,mobile,D-999780,2025-12-04T14:00:00,M-005,BAN
T-1353,CU-498,1471.73,USD,AR,mobile,D-498,2025-12-04T14:00:00,M-004,GAL
T-6700,CU-076,3603.68,USD,ES,web,D-076,2025-12-04T14:01:00,M-047,CABK
T-1677,CU-013,3420.85,PEN,PE,web,D-013,2025-12-04T14:01:00,M-036,BBVA
T-5668,CU-354,0.50,USD,MX,mobile,D-999780,2025-12-04T14:02:00,M-033,BAN
T-3410,CU-457,2200.41,USD,CO,mobile,D-457,2025-12-04T14:05:00,M-033,DAV
T-5669,CU-354,3218.76,USD,MX,mobile,D-999780,2025-12-04T14:06:00,M-043,BAN
T-6611,CU-752,4646.37,USD,US,web,D-752,2025-12-04T14:11:00,M-049,BAC
T-3082,CU-609,2607.24,USD,AR,mobile,D-609,2025-12-04T14:16:00,M-010,BNA
T-5126,CU-768,2685.71,PEN,PE,web,D-768,2025-12-04T14:22:00,M-027,BCP
T-7490,CU-704,2887.33,PEN,PE,mobile,D-704,2025-12-04T14:24:00,M-006,BBVA
T-4811,CU-605,1308.01,USD,CL,web,D-605,2025-12-04T14:43:00,M-040,BCH
T-2781,CU-802,2428.23,USD,US,web,D-802,2025-12-04T14:45:00,M-006,JPM
T-5057,CU-806,2694.29,PEN,PE,web,D-806,2025-12-04T14:45:00,M-029,IBK
T-4114,CU-111,649.29,USD,MX,web,D-111,2025-12-04T14:46:00,M-006,SAN
T-4257,CU-667,7237.51,USD,CO,mobile,D-667,2025-12-04T14:48:00,M-005,BOG
T-5433,CU-598,2648.61,USD,US,mobile,D-598,2025-12-04T14:52:00,M-040,WFC
T-7396,CU-115,3691.44,USD,US,web,D-115,2025-12-04T14:54:00,M-024,BAC
T-7691,CU-635,6037.27,USD,MX,web,D-635,2025-12-04T14:56:00,M-048,SAN
T-2105,CU-056,3187.50,USD,US,mobile,D-056,2025-12-04T14:56:00,M-010,BAC
T-4067,CU-276,3737.48,USD,CO,mobile,D-276,2025-12-04T14:57:00,M-047,BOG
T-5059,CU-582,2189.96,USD,AR,web,D-582,2025-12-04T14:58:00,M-013,GAL
T-5468,CU-217,3414.05,USD,MX,mobile,D-217,2025-12-04T14:59:00,M-009,SAN
T-1456,CU-716,631.02,USD,MX,web,D-716,2025-12-04T15:00:00,M-999,SAN
T-2343,CU-502,303.95,USD,US,mobile,D-502,2025-12-04T15:02:00,M-049,JPM
T-2873,CU-120,1725.13,PEN,PE,mobile,D-120,2025-12-04T15:03:00,M-009,IBK
T-7678,CU-508,650.02,USD,CL,mobile,D-508,2025-12-04T15:08:00,M-041,BCI
T-7512,CU-855,2403.26,USD,AR,mobile,D-855,2025-12-04T15:09:00,M-028,GAL
T-7894,CU-317,4929.24,USD,CL,web,D-317,2025-12-04T15:11:00,M-024,BCH
T-7941,CU-956,3129.09,USD,AR,web,D-956,2025-12-04T15:12:00,M-014,SAN
T-2530,CU-771,2054.58,PEN,PE,mobile,D-771,2025-12-04T15:19:00,M-016,IBK
T-4370,CU-322,4934.46,USD,AR,web,D-322,2025-12-04T15:24:00,M-030,SAN
T-7402,CU-448,983.52,USD,US,mobile,D-448,2025-12-04T15:24:00,M-013,JPM
T-6122,CU-504,2289.30,USD,ES,web,D-504,2025-12-04T15:26:00,M-005,SAN
T-2958,CU-315,379.36,USD,CO,mobile,D-315,2025-12-04T15:31:00,M-024,BAN
T-7904,CU-221,6081.51,USD,US,mobile,D-221,2025-12-04T15:40:00,M-048,WFC
T-1451,CU-321,4092.13,USD,ES,web,D-321,2025-12-04T15:49:00,M-014,BBVA
T-4008,CU-126,4959.07,USD,AR,mobile,D-126,2025-12-04T15:58:00,M-022,GAL
T-3800,CU-725,2575.85,USD,ES,web,D-725,2025-12-04T16:00:00,M-001,SAN
T-4824,CU-774,1495.79,USD,US,web,D-774,2025-12-04T16:01:00,M-006,WFC
T-1100,CU-043,3421.92,USD,AR,web,D-043,2025-12-04T16:04:00,M-005,GAL
T-7986,CU-777,1073.17,USD,AR,mobile,D-777,2025-12-04T16:07:00,M-050,BNA
T-5704,CU-384,2203.91,PEN,PE,web,D-384,2025-12-04T16:11:00,M-003,IBK
T-6730,CU-929,4997.12,USD,MX,mobile,D-929,2025-12-04T16:12:00,M-036,BBVA
T-5038,CU-517,277.07,PEN,PE,web,D-517,2025-12-04T16:13:00,M-044,BCP
T-2132,CU-968,352.80,USD,MX,mobile,D-968,2025-12-04T16:15:00,M-014,BBVA
T-2607,CU-227,3190.44,PEN,PE,web,D-227,2025-12-04T16:16:00,M-021,IBK
T-4308,CU-525,3504.08,USD,CL,web,D-525,2025-12-04T16:17:00,M-005,SAN
T-4311,CU-811,2827.16,USD,ES,mobile,D-811,2025-12-04T16:22:00,M-024,BBVA
T-3121,CU-259,1593.51,USD,US,mobile,D-259,2025-12-04T16:25:00,M-010,JPM
T-2927,CU-433,403.73,USD,CO,web,D-433,2025-12-04T16:27:00,M-023,BOG
T-2903,CU-694,7115.94,USD,AR,web,D-694,2025-12-04T16:32:00,M-047,BNA
T-6652,CU-202,3537.95,USD,AR,mobile,D-202,2025-12-04T16:34:00,M-013,SAN
T-4559,CU-911,2834.75,PEN,PE,web,D-911,2025-12-04T16:37:00,M-018,BBVA
T-7774,CU-287,3687.64,USD,US,web,D-287,2025-12-04T16:38:00,M-019,WFC
T-1739,CU-592,2822.06,USD,CL,web,D-592,2025-12-04T16:40:00,M-045,BCI
T-1399,CU-688,2439.42,USD,US,web,D-688,2025-12-04T16:44:00,M-040,WFC
T-3296,CU-791,5138.24,USD,ES,web,D-791,2025-12-04T16:45:00,M-021,SAN
T-3262,CU-608,1130.73,USD,AR,mobile,D-608,2025-12-04T16:47:00,M-038,GAL
T-4041,CU-771,4641.54,PEN,PE,mobile,D-771,2025-12-04T16:53:00,M-049,IBK
T-6933,CU-177,1461.16,USD,CL,web,D-177,2025-12-04T16:56:00,M-010,SAN
T-5712,CU-768,3356.53,PEN,PE,web,D-768,2025-12-04T16:57:00,M-048,BCP
T-5989,CU-567,3499.11,USD,CO,mobile,D-567,2025-12-04T16:57:00,M-015,BOG
T-4012,CU-751,2499.77,USD,ES,mobile,D-751,2025-12-04T16:59:00,M-046,BBVA
T-5186,CU-659,4784.01,USD,AR,mobile,D-659,2025-12-04T17:00:00,M-026,SAN
T-5515,CU-761,820.57,PEN,PE,web,D-761,2025-12-04T17:03:00,M-037,BBVA
T-2861,CU-514,5708.35,USD,US,mobile,D-514,2025-12-04T17:12:00,M-020,WFC
T-1900,CU-530,449.80,USD,ES,web,D-530,2025-12-04T17:14:00,M-037,BBVA
T-4716,CU-872,6223.44,USD,CL,mobile,D-872,2025-12-04T17:29:00,M-033,BCH
T-2586,CU-227,1664.95,PEN,PE,web,D-227,2025-12-04T17:30:00,M-033,IBK
T-7170,CU-326,6225.71,USD,ES,web,D-326,2025-12-04T17:31:00,M-035,SAN
T-7562,CU-110,3900.75,USD,ES,mobile,D-110,2025-12-04T17:39:00,M-036,BBVA
T-7838,CU-894,1413.90,USD,US,web,D-894,2025-12-04T17:45:00,M-031,WFC
T-7323,CU-807,288.88,USD,MX,mobile,D-807,2025-12-04T17:46:00,M-025,BBVA
T-1018,CU-029,3141.26,USD,CO,mobile,D-029,2025-12-04T17:47:00,M-010,BOG
T-3790,CU-454,4023.07,USD,ES,web,D-454,2025-12-04T17:59:00,M-040,CABK
T-7671,CU-234,393.15,USD,MX,web,D-234,2025-12-04T18:01:00,M-031,BBVA
T-3228,CU-921,3715.42,USD,CL,web,D-921,2025-12-04T18:08:00,M-012,SAN
T-2176,CU-180,1497.16,USD,ES,web,D-180,2025-12-04T18:11:00,M-018,CABK
T-6991,CU-597,410.32,PEN,PE,mobile,D-597,2025-12-04T18:17:00,M-023,BBVA
T-4445,CU-484,4374.69,USD,CO,web,D-484,2025-12-04T18:21:00,M-040,DAV
T-7955,CU-435,5433.23,USD,CL,web,D-435,2025-12-04T18:23:00,M-006,SAN
T-3268,CU-308,1737.20,USD,ES,mobile,D-308,2025-12-04T18:25:00,M-028,BBVA
T-1909,CU-865,311.65,PEN,PE,mobile,D-865,2025-12-04T18:28:00,M-037,BCP
T-2154,CU-840,141.46,USD,MX,web,D-840,2025-12-04T18:29:00,M-019,BBVA
T-1631,CU-443,4011.84,USD,ES,web,D-443,2025-12-04T18:38:00,M-016,CABK
T-5552,CU-626,384.18,USD,CO,mobile,D-626,2025-12-04T18:41:00,M-001,BOG
T-6125,CU-934,3352.03,USD,MX,web,D-934,2025-12-04T18:45:00,M-043,SAN
T-5694,CU-074,1571.01,USD,AR,mobile,D-074,2025-12-04T18:45:00,M-026,SAN
T-2378,CU-536,2497.40,USD,ES,web,D-536,2025-12-04T18:49:00,M-002,SAN
T-5324,CU-257,1413.75,USD,AR,web,D-257,2025-12-04T18:50:00,M-005,SAN
T-2064,CU-881,878.11,USD,AR,mobile,D-881,2025-12-04T18:50:00,M-011,GAL
T-6592,CU-230,6970.33,USD,ES,web,D-230,2025-12-04T18:52:00,M-044,BBVA
T-7690,CU-104,1603.64,PEN,PE,web,D-104,2025-12-04T18:54:00,M-025,BBVA
T-5349,CU-165,3264.99,USD,CO,web,D-165,2025-12-04T18:57:00,M-041,BAN
T-1411,CU-518,1702.19,USD,CL,web,D-518,2025-12-04T18:58:00,M-003,BCI
T-4601,CU-992,2641.24,USD,MX,mobile,D-992,2025-12-04T19:06:00,M-043,BAN
T-4679,CU-398,2099.69,PEN,PE,web,D-398,2025-12-04T19:17:00,M-014,BCP
T-5814,CU-990,5869.23,USD,CL,web,D-990,2025-12-04T19:18:00,M-016,BCH
T-7770,CU-528,2715.00,USD,CL,web,D-528,2025-12-04T19:19:00,M-049,BCI
T-5158,CU-119,1451.89,USD,CO,mobile,D-119,2025-12-04T19:24:00,M-031,BOG
T-1105,CU-594,5188.45,PEN,PE,web,D-594,2025-12-04T19:30:00,M-049,BCP
T-7008,CU-577,1449.83,USD,US,mobile,D-577,2025-12-04T20:00:00,M-046,JPM
T-6718,CU-102,1285.63,USD,AR,mobile,D-102,2025-12-04T20:01:00,M-013,SAN
T-2455,CU-429,4807.59,USD,CL,mobile,D-429,2025-12-04T20:01:00,M-041,BCI
T-1783,CU-891,3943.76,USD,MX,web,D-891,2025-12-04T20:05:00,M-009,SAN
T-4740,CU-535,4527.40,USD,AR,web,D-535,2025-12-04T20:10:00,M-002,GAL
T-6483,CU-562,3341.18,USD,CL,web,D-562,2025-12-04T20:16:00,M-049,BCH
T-7421,CU-413,1994.89,USD,MX,mobile,D-413,2025-12-04T20:20:00,M-012,BAN
T-7729,CU-291,600.35,USD,ES,mobile,D-291,2025-12-04T20:20:00,M-048,SAN
T-4804,CU-036,1172.78,PEN,PE,mobile,D-036,2025-12-04T20:22:00,M-008,BCP
T-3465,CU-021,6510.58,USD,CO,web,D-021,2025-12-04T20:23:00,M-032,BOG
T-4785,CU-090,1844.35,PEN,PE,web,D-090,2025-12-04T20:25:00,M-038,BBVA
T-4584,CU-352,873.91,USD,CO,web,D-352,2025-12-04T20:28:00,M-015,DAV
T-7507,CU-436,2307.57,USD,ES,mobile,D-436,2025-12-04T20:31:00,M-021,SAN
T-5629,CU-086,2769.12,USD,CL,mobile,D-086,2025-12-04T20:34:00,M-041,BCH
T-6796,CU-212,6024.29,USD,CL,mobile,D-212,2025-12-04T20:58:00,M-030,BCI
T-5986,CU-418,4320.89,USD,CO,web,D-418,2025-12-04T21:01:00,M-005,BAN
T-2382,CU-577,739.72,USD,US,web,D-577,2025-12-04T21:08:00,M-014,JPM
T-5006,CU-604,1522.54,USD,AR,mobile,D-604,2025-12-04T21:18:00,M-013,GAL
T-4834,CU-358,7036.17,USD,MX,mobile,D-358,2025-12-04T21:24:00,M-020,BAN
T-6578,CU-591,969.52,USD,US,web,D-591,2025-12-04T21:29:00,M-042,WFC
T-5807,CU-999,2866.14,USD,CO,mobile,D-999,2025-12-04T21:36:00,M-009,BAN
T-3097,CU-810,2925.53,PEN,PE,mobile,D-810,2025-12-04T21:40:00,M-018,IBK
T-4217,CU-486,596.00,USD,CL,mobile,D-486,2025-12-04T21:46:00,M-002,BCI
T-2628,CU-501,5512.19,USD,CL,mobile,D-501,2025-12-04T22:04:00,M-050,BCH
T-4713,CU-189,952.54,USD,ES,mobile,D-189,2025-12-04T22:15:00,M-026,CABK
T-7107,CU-405,3786.57,USD,CO,mobile,D-405,2025-12-04T22:28:00,M-038,DAV
T-3124,CU-062,2778.53,USD,MX,mobile,D-062,2025-12-04T22:46:00,M-040,BBVA
T-1419,CU-607,4854.31,USD,AR,mobile,D-607,2025-12-04T22:56:00,M-014,GAL
T-3066,CU-130,8179.97,USD,US,mobile,D-130,2025-12-05T03:06:00,M-006,WFC
T-4600,CU-830,2881.79,USD,US,mobile,D-830,2025-12-05T07:05:00,M-020,BAC
T-4729,CU-201,2397.45,USD,US,web,D-201,2025-12-05T07:09:00,M-046,JPM
T-7764,CU-100,1835.24,USD,AR,web,D-100,2025-12-05T07:32:00,M-022,SAN
T-5229,CU-807,662.36,USD,MX,mobile,D-807,2025-12-05T07:40:00,M-033,BBVA
T-7297,CU-740,3413.88,USD,ES,web,D-740,2025-12-05T07:48:00,M-035,SAN
T-6619,CU-739,2277.35,PEN,PE,web,D-739,2025-12-05T07:55:00,M-027,BBVA
T-3916,CU-142,1246.88,USD,AR,web,D-142,2025-12-05T08:00:00,M-999,GAL
T-5942,CU-880,1692.76,PEN,PE,web,D-880,2025-12-05T08:12:00,M-045,IBK
T-6847,CU-354,896.27,USD,MX,mobile,D-354,2025-12-05T08:13:00,M-031,BAN
T-5379,CU-575,3514.24,USD,MX,mobile,D-575,2025-12-05T08:30:00,M-035,BAN
T-7847,CU-612,2617.22,PEN,PE,web,D-612,2025-12-05T09:00:00,M-047,BCP
T-1901,CU-698,2001.86,USD,US,web,D-698,2025-12-05T09:00:00,M-039,WFC
T-2209,CU-708,11291.83,USD,CL,mobile,D-708,2025-12-05T09:00:00,M-041,SAN
T-3584,CU-678,3014.69,USD,CO,mobile,D-678,2025-12-05T09:00:00,M-049,DAV
T-7878,CU-443,2489.54,USD,ES,web,D-443,2025-12-05T09:02:00,M-006,CABK
T-6248,CU-638,3248.04,USD,CO,web,D-638,2025-12-05T09:05:00,M-010,BOG
T-2986,CU-005,4574.34,USD,ES,web,D-005,2025-12-05T09:09:00,M-016,SAN
T-7258,CU-372,876.48,USD,MX,mobile,D-372,2025-12-05T09:21:00,M-018,BAN
T-6096,CU-541,1563.62,USD,CL,web,D-541,2025-12-05T09:26:00,M-012,BCI
T-2999,CU-868,1918.31,USD,CL,web,D-868,2025-12-05T09:40:00,M-020,BCH
T-2663,CU-033,5448.81,USD,AR,mobile,D-033,2025-12-05T09:46:00,M-047,GAL
T-7121,CU-009,4493.64,USD,ES,mobile,D-009,2025-12-05T09:48:00,M-027,SAN
T-7504,CU-051,153.10,PEN,PE,web,D-051,2025-12-05T10:00:00,M-039,SAN
T-4187,CU-970,379.95,PEN,PE,mobile,D-970,2025-12-05T10:00:00,M-044,BCI
T-6876,CU-368,1763.88,USD,US,web,D-368,2025-12-05T10:00:00,M-025,BAC
T-5499,CU-686,4151.26,USD,US,mobile,D-686,2025-12-05T10:10:00,M-011,JPM
T-1735,CU-422,2034.82,USD,MX,web,D-422,2025-12-05T10:10:00,M-025,BAN
T-2549,CU-710,1803.06,USD,US,mobile,D-710,2025-12-05T10:14:00,M-015,WFC
T-2579,CU-626,540.43,USD,CO,mobile,D-626,2025-12-05T10:24:00,M-048,BOG
T-5314,CU-743,2848.75,USD,AR,web,D-743,2025-12-05T10:35:00,M-015,GAL
T-6624,CU-824,1931.09,USD,CO,web,D-824,2025-12-05T10:40:00,M-038,DAV
T-4199,CU-352,466.84,USD,CO,web,D-352,2025-12-05T10:44:00,M-028,DAV
T-3890,CU-928,1448.41,USD,CL,mobile,D-928,2025-12-05T10:54:00,M-018,BCH
T-6036,CU-069,97.72,USD,US,mobile,D-069,2025-12-05T11:00:00,M-031,BAC
T-1902,CU-698,2001.86,USD,US,web,D-698,2025-12-05T11:00:00,M-039,WFC
T-2210,CU-708,11291.83,USD,CL,mobile,D-708,2025-12-05T11:00:00,M-041,SAN
T-3585,CU-678,3014.69,USD,CO,mobile,D-678,2025-12-05T11:00:00,M-049,DAV
T-7848,CU-612,2617.22,PEN,PE,web,D-612,2025-12-05T11:00:00,M-047,BCP
T-3246,CU-914,2165.14,USD,US,mobile,D-914,2025-12-05T11:17:00,M-012,JPM
T-7865,CU-201,4158.90,USD,US,web,D-201,2025-12-05T11:20:00,M-042,JPM
T-4956,CU-703,3937.17,USD,CO,web,D-703,2025-12-05T11:28:00,M-023,BAN
T-2073,CU-751,6197.18,USD,ES,mobile,D-751,2025-12-05T11:30:00,M-013,BBVA
T-7505,CU-051,153.10,USD,ES,web,D-051,2025-12-05T11:30:00,M-041,SAN
T-4188,CU-970,379.95,USD,ES,mobile,D-970,2025-12-05T11:30:00,M-023,BCI
T-3982,CU-134,1820.18,USD,US,web,D-134,2025-12-05T11:40:00,M-030,WFC
T-2764,CU-879,3488.49,USD,CL,mobile,D-879,2025-12-05T11:42:00,M-041,SAN
T-3548,CU-318,1524.57,USD,CO,web,D-318,2025-12-05T11:42:00,M-032,BOG
T-4911,CU-089,3770.48,USD,AR,web,D-089,2025-12-05T11:44:00,M-006,BNA
T-6050,CU-944,2040.05,USD,CO,web,D-944,2025-12-05T11:47:00,M-039,BAN
T-7957,CU-375,1888.32,USD,AR,mobile,D-375,2025-12-05T11:52:00,M-010,BNA
T-3525,CU-873,2915.39,USD,ES,web,D-873,2025-12-05T11:53:00,M-027,CABK
T-5211,CU-132,665.05,PEN,PE,mobile,D-132,2025-12-05T11:55:00,M-028,BCP
T-5408,CU-745,2999.09,USD,ES,mobile,D-745,2025-12-05T11:57:00,M-035,SAN
T-5457,CU-726,181.15,USD,ES,web,D-726,2025-12-05T12:00:00,M-035,CABK
T-5061,CU-869,923.38,USD,US,mobile,D-869,2025-12-05T12:01:00,M-003,WFC
T-1014,CU-916,1309.82,USD,MX,web,D-916,2025-12-05T12:01:00,M-048,BAN
T-6101,CU-293,1551.38,USD,CL,web,D-293,2025-12-05T12:01:00,M-026,BCH
T-5320,CU-186,769.62,USD,US,mobile,D-186,2025-12-05T12:01:00,M-046,JPM
T-1401,CU-557,2913.59,USD,CO,mobile,D-557,2025-12-05T12:02:00,M-038,BAN
T-1015,CU-916,384.37,USD,MX,web,D-916,2025-12-05T12:02:00,M-048,BAN
T-5321,CU-186,585.17,USD,US,mobile,D-186,2025-12-05T12:02:00,M-046,JPM
T-5062,CU-869,1496.33,USD,US,mobile,D-869,2025-12-05T12:02:00,M-003,WFC
T-6102,CU-293,1503.69,USD,CL,web,D-293,2025-12-05T12:02:00,M-026,BCH
T-5322,CU-186,279.21,USD,US,mobile,D-186,2025-12-05T12:03:00,M-046,JPM
T-5063,CU-869,1141.42,USD,US,mobile,D-869,2025-12-05T12:03:00,M-003,WFC
T-6103,CU-293,605.28,USD,CL,web,D-293,2025-12-05T12:03:00,M-026,BCH
T-1016,CU-916,1309.60,USD,MX,web,D-916,2025-12-05T12:03:00,M-048,BAN
T-1017,CU-916,915.39,USD,MX,web,D-916,2025-12-05T12:04:00,M-048,BAN
T-6104,CU-293,1678.44,USD,CL,web,D-293,2025-12-05T12:04:00,M-026,BCH
T-5064,CU-869,1210.78,USD,US,mobile,D-869,2025-12-05T12:04:00,M-003,WFC
T-5323,CU-186,587.22,USD,US,mobile,D-186,2025-12-05T12:04:00,M-046,JPM
T-4007,CU-506,5020.76,PEN,PE,web,D-506,2025-12-05T12:06:00,M-004,BCP
T-4174,CU-322,4978.73,USD,AR,web,D-322,2025-12-05T12:08:00,M-020,SAN
T-4455,CU-460,487.17,USD,US,mobile,D-460,2025-12-05T12:11:00,M-029,BAC
T-7385,CU-309,1021.12,USD,CO,mobile,D-309,2025-12-05T12:16:00,M-005,DAV
T-3810,CU-621,2264.22,USD,US,mobile,D-621,2025-12-05T12:17:00,M-040,BAC
T-1180,CU-706,1885.77,USD,MX,web,D-706,2025-12-05T12:18:00,M-042,SAN
T-1779,CU-228,3540.15,USD,US,web,D-228,2025-12-05T12:19:00,M-002,JPM
T-3832,CU-396,338.40,USD,US,web,D-396,2025-12-05T12:30:00,M-031,JPM
T-5344,CU-993,4820.35,USD,CO,web,D-993,2025-12-05T12:43:00,M-032,BOG
T-5943,CU-899,2924.93,USD,CO,mobile,D-899,2025-12-05T12:46:00,M-042,BAN
T-4381,CU-965,4371.69,USD,MX,mobile,D-965,2025-12-05T12:51:00,M-008,SAN
T-5015,CU-351,3698.07,USD,MX,web,D-351,2025-12-05T12:52:00,M-020,BAN
T-5551,CU-906,2409.35,PEN,PE,web,D-906,2025-12-05T12:52:00,M-044,IBK
T-6515,CU-316,3533.25,USD,CL,mobile,D-316,2025-12-05T12:54:00,M-015,SAN
T-7849,CU-612,2617.22,PEN,PE,web,D-612,2025-12-05T13:00:00,M-047,BCP
T-2211,CU-708,11291.83,USD,CL,mobile,D-708,2025-12-05T13:00:00,M-041,SAN
T-3586,CU-678,3014.69,USD,CO,mobile,D-678,2025-12-05T13:00:00,M-049,DAV
T-1903,CU-698,2001.86,USD,US,web,D-698,2025-12-05T13:00:00,M-039,WFC
T-2185,CU-744,7029.10,USD,MX,web,D-744,2025-12-05T13:01:00,M-012,BAN
T-3154,CU-833,3591.51,USD,CL,web,D-833,2025-12-05T13:02:00,M-047,SAN
T-7187,CU-509,6089.66,USD,AR,web,D-509,2025-12-05T13:04:00,M-021,BNA
T-5793,CU-233,2523.91,USD,MX,web,D-233,2025-12-05T13:04:00,M-028,SAN
T-3533,CU-870,6721.94,USD,CO,web,D-870,2025-12-05T13:06:00,M-007,DAV
T-2451,CU-671,1823.86,PEN,PE,web,D-671,2025-12-05T13:06:00,M-018,IBK
T-2809,CU-650,3772.96,USD,ES,web,D-650,2025-12-05T13:06:00,M-026,CABK
T-7453,CU-763,2874.90,USD,ES,web,D-763,2025-12-05T13:08:00,M-023,CABK
T-2327,CU-911,4960.61,PEN,PE,web,D-911,2025-12-05T13:13:00,M-002,BBVA
T-2621,CU-819,3285.13,USD,MX,mobile,D-819,2025-12-05T13:17:00,M-028,BAN
T-2591,CU-435,2909.58,USD,CL,web,D-435,2025-12-05T13:22:00,M-011,SAN
T-5994,CU-740,2743.89,USD,ES,web,D-740,2025-12-05T13:29:00,M-015,SAN
T-2357,CU-816,1254.17,USD,US,mobile,D-816,2025-12-05T13:30:00,M-010,BAC
T-4967,CU-323,4014.80,USD,US,web,D-323,2025-12-05T13:31:00,M-025,WFC
T-6123,CU-107,3434.86,USD,MX,web,D-107,2025-12-05T13:31:00,M-038,BAN
T-1618,CU-213,3921.29,PEN,PE,mobile,D-213,2025-12-05T13:38:00,M-009,IBK
T-5506,CU-010,4135.74,USD,CO,web,D-010,2025-12-05T13:40:00,M-046,BOG
T-4069,CU-973,171.14,USD,MX,web,D-973,2025-12-05T13:41:00,M-037,BAN
T-5617,CU-396,736.28,USD,US,web,D-396,2025-12-05T13:43:00,M-024,JPM
T-7151,CU-205,815.92,PEN,PE,web,D-205,2025-12-05T13:44:00,M-009,IBK
T-5176,CU-013,2408.33,PEN,PE,web,D-013,2025-12-05T13:47:00,M-010,BBVA
T-3362,CU-381,808.01,USD,AR,mobile,D-381,2025-12-05T13:49:00,M-041,SAN
T-3046,CU-193,4055.45,USD,MX,mobile,D-193,2025-12-05T13:51:00,M-010,BAN
T-6428,CU-056,2014.86,USD,US,mobile,D-056,2025-12-05T13:51:00,M-017,BAC
T-7676,CU-703,4822.43,USD,CO,web,D-703,2025-12-05T13:52:00,M-018,BAN
T-4268,CU-887,1779.14,USD,MX,mobile,D-887,2025-12-05T13:54:00,M-017,BAN
T-4535,CU-253,2893.43,USD,CL,mobile,D-253,2025-12-05T13:57:00,M-029,BCH
T-1662,CU-499,5396.54,PEN,PE,mobile,D-499,2025-12-05T13:59:00,M-038,BCP
T-7295,CU-109,948.74,USD,CL,web,D-109,2025-12-05T14:00:00,M-999,SAN
T-7699,CU-064,0.50,USD,CO,web,D-999422,2025-12-05T14:00:00,M-045,BAN
T-7700,CU-064,0.50,USD,CO,web,D-999422,2025-12-05T14:02:00,M-015,BAN
T-5688,CU-794,2522.60,USD,CL,mobile,D-794,2025-12-05T14:04:00,M-027,BCH
T-7701,CU-064,15091.72,USD,CO,web,D-999422,2025-12-05T14:06:00,M-004,BAN
T-6526,CU-834,364.09,USD,CO,mobile,D-834,2025-12-05T14:15:00,M-042,DAV
T-3816,CU-519,2917.26,USD,CO,web,D-519,2025-12-05T14:17:00,M-042,DAV
T-5665,CU-884,1897.00,USD,CL,web,D-884,2025-12-05T14:19:00,M-026,BCH
T-5445,CU-494,2830.51,USD,CL,web,D-494,2025-12-05T14:27:00,M-015,SAN
T-1681,CU-575,2284.84,USD,MX,mobile,D-575,2025-12-05T14:36:00,M-043,BAN
T-6427,CU-359,2520.30,USD,MX,web,D-359,2025-12-05T14:39:00,M-005,SAN
T-5373,CU-861,1252.69,PEN,PE,mobile,D-861,2025-12-05T14:39:00,M-037,IBK
T-7668,CU-441,2963.96,USD,ES,web,D-441,2025-12-05T14:39:00,M-045,SAN
T-3016,CU-782,602.96,USD,CL,mobile,D-782,2025-12-05T14:45:00,M-041,BCH
T-5382,CU-951,2143.43,USD,CO,mobile,D-951,2025-12-05T14:51:00,M-022,BOG
T-7214,CU-339,1530.91,USD,MX,mobile,D-339,2025-12-05T14:52:00,M-049,SAN
T-3170,CU-723,4657.91,USD,US,web,D-723,2025-12-05T14:52:00,M-024,JPM
T-7173,CU-666,720.09,USD,MX,mobile,D-666,2025-12-05T14:56:00,M-038,BBVA
T-1299,CU-913,1379.30,USD,US,web,D-913,2025-12-05T14:57:00,M-014,WFC
T-2266,CU-204,3345.76,USD,MX,mobile,D-204,2025-12-05T15:03:00,M-044,BAN
T-5671,CU-425,2714.92,USD,CL,mobile,D-425,2025-12-05T15:12:00,M-011,BCH
T-3825,CU-166,1285.05,USD,AR,web,D-166,2025-12-05T15:13:00,M-018,BNA
T-1875,CU-149,4092.94,USD,US,mobile,D-149,2025-12-05T15:15:00,M-040,JPM
T-1345,CU-566,3801.41,USD,CO,mobile,D-566,2025-12-05T15:19:00,M-048,BOG
T-2061,CU-066,715.66,USD,AR,web,D-066,2025-12-05T15:26:00,M-023,SAN
T-6350,CU-108,332.18,USD,CL,web,D-108,2025-12-05T15:27:00,M-008,BCI
T-7844,CU-761,624.01,PEN,PE,web,D-761,2025-12-05T15:29:00,M-044,BBVA
T-7624,CU-917,2555.03,USD,CO,mobile,D-917,2025-12-05T15:45:00,M-028,DAV
T-6180,CU-744,6515.33,USD,MX,web,D-744,2025-12-05T15:49:00,M-041,BAN
T-5517,CU-800,1571.23,USD,ES,web,D-800,2025-12-05T15:49:00,M-027,SAN
T-3639,CU-216,4003.53,USD,CO,web,D-216,2025-12-05T15:51:00,M-030,BAN
T-1253,CU-401,3150.23,USD,CO,mobile,D-401,2025-12-05T15:56:00,M-045,BAN
T-6275,CU-836,15239.41,PEN,PE,web,D-836,2025-12-05T16:00:00,M-025,IBK
T-4748,CU-001,2361.48,USD,MX,web,D-001,2025-12-05T16:01:00,M-030,BBVA
T-2251,CU-128,3478.28,USD,ES,web,D-128,2025-12-05T16:03:00,M-002,BBVA
T-2897,CU-339,1771.29,USD,MX,mobile,D-339,2025-12-05T16:04:00,M-006,SAN
T-2120,CU-119,1315.57,USD,CO,mobile,D-119,2025-12-05T16:06:00,M-006,BOG
T-4958,CU-695,1395.03,USD,ES,mobile,D-695,2025-12-05T16:12:00,M-017,CABK
T-4287,CU-857,2282.36,USD,CL,web,D-857,2025-12-05T16:23:00,M-024,BCI
T-2447,CU-861,2041.89,PEN,PE,mobile,D-861,2025-12-05T16:33:00,M-011,IBK
T-4754,CU-950,1833.17,USD,AR,mobile,D-950,2025-12-05T16:35:00,M-021,BNA
T-1467,CU-639,2903.46,USD,CO,mobile,D-639,2025-12-05T16:36:00,M-033,BOG
T-1134,CU-260,640.53,USD,CO,mobile,D-260,2025-12-05T16:38:00,M-034,BAN
T-2218,CU-026,2146.64,USD,CO,web,D-026,2025-12-05T16:40:00,M-011,DAV
T-1747,CU-261,2505.27,USD,US,mobile,D-261,2025-12-05T16:48:00,M-032,WFC
T-5896,CU-336,1167.94,USD,ES,mobile,D-336,2025-12-05T16:48:00,M-034,SAN
T-2774,CU-737,2059.49,USD,AR,web,D-737,2025-12-05T16:51:00,M-021,BNA
T-5129,CU-435,4789.71,USD,CL,web,D-435,2025-12-05T16:55:00,M-025,SAN
T-5723,CU-945,5783.47,PEN,PE,mobile,D-945,2025-12-05T16:57:00,M-045,BBVA
T-1166,CU-309,4504.60,USD,CO,web,D-309,2025-12-05T17:00:00,M-016,DAV
T-7914,CU-084,3417.19,USD,ES,web,D-084,2025-12-05T17:01:00,M-026,SAN
T-6056,CU-003,6530.73,USD,US,mobile,D-003,2025-12-05T17:08:00,M-001,WFC
T-2916,CU-010,3364.72,USD,CO,web,D-010,2025-12-05T17:10:00,M-035,BOG
T-2152,CU-579,3347.14,USD,US,web,D-579,2025-12-05T17:22:00,M-015,BAC
T-1455,CU-736,1111.64,USD,ES,mobile,D-736,2025-12-05T17:22:00,M-007,CABK
T-4833,CU-902,2956.05,USD,CO,web,D-902,2025-12-05T17:25:00,M-004,DAV
T-2474,CU-685,139.10,USD,CL,web,D-685,2025-12-05T17:26:00,M-006,BCI
T-6077,CU-082,2462.62,USD,CL,web,D-082,2025-12-05T17:31:00,M-047,BCI
T-6533,CU-421,3586.78,USD,US,mobile,D-421,2025-12-05T17:31:00,M-038,WFC
T-6734,CU-173,3015.93,USD,MX,mobile,D-173,2025-12-05T17:31:00,M-030,BBVA
T-1450,CU-166,1502.47,USD,AR,web,D-166,2025-12-05T17:34:00,M-036,BNA
T-6060,CU-614,413.31,PEN,PE,mobile,D-614,2025-12-05T17:36:00,M-007,BCP
T-6732,CU-795,1477.28,USD,ES,mobile,D-795,2025-12-05T17:40:00,M-040,CABK
T-3778,CU-230,3325.84,USD,ES,web,D-230,2025-12-05T17:43:00,M-033,BBVA
T-1843,CU-047,2655.06,USD,AR,mobile,D-047,2025-12-05T17:49:00,M-024,BNA
T-4164,CU-748,2339.65,USD,MX,web,D-748,2025-12-05T17:52:00,M-049,BAN
T-3101,CU-850,1688.38,USD,AR,mobile,D-850,2025-12-05T17:54:00,M-004,SAN
T-1338,CU-358,6494.63,USD,MX,mobile,D-358,2025-12-05T17:55:00,M-007,BAN
T-7584,CU-856,3539.98,USD,MX,mobile,D-856,2025-12-05T17:57:00,M-039,BBVA
T-6319,CU-352,481.09,USD,CO,web,D-352,2025-12-05T17:58:00,M-026,DAV
T-1690,CU-659,1843.80,USD,AR,web,D-659,2025-12-05T17:58:00,M-034,SAN
T-2694,CU-917,4766.79,USD,CO,mobile,D-917,2025-12-05T18:01:00,M-047,DAV
T-1079,CU-676,4258.69,USD,AR,mobile,D-676,2025-12-05T18:06:00,M-008,BNA
T-7983,CU-148,1154.70,USD,ES,web,D-148,2025-12-05T18:09:00,M-003,BBVA
T-2901,CU-354,915.72,USD,MX,mobile,D-354,2025-12-05T18:12:00,M-038,BAN
T-4603,CU-726,97.10,USD,ES,web,D-726,2025-12-05T18:13:00,M-050,CABK
T-3652,CU-465,1573.90,USD,AR,web,D-465,2025-12-05T18:13:00,M-024,SAN
T-4859,CU-268,2498.22,USD,MX,mobile,D-268,2025-12-05T18:19:00,M-006,BBVA
T-3531,CU-590,896.52,USD,US,web,D-590,2025-12-05T18:19:00,M-010,JPM
T-1061,CU-208,1418.71,USD,CL,web,D-208,2025-12-05T18:19:00,M-014,BCI
T-2925,CU-358,3172.09,USD,MX,mobile,D-358,2025-12-05T18:20:00,M-028,BAN
T-3523,CU-804,2721.54,USD,CO,web,D-804,2025-12-05T18:23:00,M-030,BAN
T-4816,CU-936,916.73,USD,US,mobile,D-936,2025-12-05T18:24:00,M-039,JPM
T-4415,CU-637,2600.51,USD,CO,web,D-637,2025-12-05T18:36:00,M-031,BAN
T-3660,CU-044,1863.48,USD,ES,mobile,D-044,2025-12-05T18:38:00,M-033,BBVA
T-4528,CU-900,566.86,USD,MX,web,D-900,2025-12-05T18:43:00,M-036,BAN
T-3729,CU-337,3517.71,USD,US,mobile,D-337,2025-12-05T18:47:00,M-040,BAC
T-4444,CU-968,499.95,USD,MX,mobile,D-968,2025-12-05T18:54:00,M-027,BBVA
T-7992,CU-027,5000.06,USD,US,mobile,D-027,2025-12-05T18:58:00,M-025,JPM
T-7043,CU-649,1867.46,USD,MX,web,D-649,2025-12-05T18:58:00,M-047,BBVA
T-5494,CU-837,508.81,USD,CO,web,D-837,2025-12-05T18:58:00,M-008,BOG
T-3706,CU-428,699.85,USD,MX,mobile,D-428,2025-12-05T19:04:00,M-014,BBVA
T-1306,CU-464,375.17,USD,ES,mobile,D-464,2025-12-05T19:05:00,M-038,CABK
T-3160,CU-836,2907.13,PEN,PE,mobile,D-836,2025-12-05T19:08:00,M-024,IBK
T-6622,CU-073,778.71,USD,US,mobile,D-073,2025-12-05T19:08:00,M-050,JPM
T-1746,CU-562,4584.24,USD,CL,web,D-562,2025-12-05T19:10:00,M-040,BCH
T-3763,CU-451,3913.07,USD,AR,web,D-451,2025-12-05T19:10:00,M-038,BNA
T-7609,CU-228,3652.93,USD,US,web,D-228,2025-12-05T19:11:00,M-037,JPM
T-3327,CU-257,1884.63,USD,AR,web,D-257,2025-12-05T19:14:00,M-050,SAN
T-2398,CU-163,2462.88,USD,US,mobile,D-163,2025-12-05T19:43:00,M-014,JPM
T-1500,CU-882,1738.51,USD,CL,mobile,D-882,2025-12-05T19:49:00,M-011,BCH
T-2214,CU-596,1495.91,PEN,PE,web,D-596,2025-12-05T19:53:00,M-032,BCP
T-4897,CU-527,1899.05,USD,AR,web,D-527,2025-12-05T20:00:00,M-020,GAL
T-5543,CU-380,5078.08,USD,CO,web,D-380,2025-12-05T20:20:00,M-030,DAV
T-7973,CU-416,1270.87,USD,CL,web,D-416,2025-12-05T20:25:00,M-034,SAN
T-6176,CU-971,2099.00,USD,AR,mobile,D-971,2025-12-05T20:40:00,M-001,SAN
T-3590,CU-013,2545.79,PEN,PE,web,D-013,2025-12-05T20:47:00,M-032,BBVA
T-2457,CU-279,7031.45,USD,AR,mobile,D-279,2025-12-05T20:48:00,M-034,GAL
T-4081,CU-626,369.55,USD,CO,mobile,D-626,2025-12-05T20:51:00,M-038,BOG
T-2187,CU-220,1957.12,USD,AR,mobile,D-220,2025-12-05T20:54:00,M-050,BNA
T-1823,CU-428,510.39,USD,MX,mobile,D-428,2025-12-05T20:55:00,M-036,BBVA
T-2104,CU-466,4968.00,USD,CL,web,D-466,2025-12-05T21:18:00,M-024,BCH
T-7909,CU-829,1035.17,USD,CO,web,D-829,2025-12-05T21:34:00,M-013,DAV
T-4038,CU-759,1482.31,USD,CL,web,D-759,2025-12-05T21:54:00,M-045,BCI
T-2003,CU-904,1816.55,USD,ES,web,D-904,2025-12-05T22:00:00,M-999,CABK
T-1331,CU-967,322.49,USD,CL,web,D-967,2025-12-05T22:30:00,M-023,SAN
T-1275,CU-318,1752.00,USD,CO,web,D-318,2025-12-05T22:40:00,M-013,BOG
T-5340,CU-489,1286.62,USD,CL,mobile,D-489,2025-12-06T01:23:00,M-038,SAN
T-4612,CU-026,1863.59,USD,CO,web,D-026,2025-12-06T06:13:00,M-026,DAV
T-6137,CU-622,2192.62,USD,US,mobile,D-622,2025-12-06T07:08:00,M-015,WFC
T-5661,CU-271,674.34,USD,ES,web,D-271,2025-12-06T07:17:00,M-050,CABK
T-2219,CU-539,4184.70,USD,ES,web,D-539,2025-12-06T07:22:00,M-001,BBVA
T-7074,CU-392,3714.16,PEN,PE,web,D-392,2025-12-06T07:27:00,M-008,BBVA
T-3188,CU-114,4205.17,USD,CO,web,D-114,2025-12-06T07:37:00,M-013,BAN
T-7846,CU-561,1087.20,USD,CO,mobile,D-561,2025-12-06T08:12:00,M-026,BOG
T-5697,CU-546,4896.81,PEN,PE,mobile,D-546,2025-12-06T08:22:00,M-016,IBK
T-2668,CU-483,3941.05,USD,AR,web,D-483,2025-12-06T08:25:00,M-037,BNA
T-2360,CU-567,2631.73,USD,CO,mobile,D-567,2025-12-06T08:38:00,M-049,BOG
T-3722,CU-175,960.79,USD,CL,web,D-175,2025-12-06T08:45:00,M-002,BCH
T-6105,CU-207,2534.51,USD,AR,mobile,D-207,2025-12-06T08:54:00,M-029,GAL
T-4564,CU-171,6591.86,USD,US,web,D-171,2025-12-06T09:00:00,M-017,WFC
T-7326,CU-981,1550.58,USD,ES,web,D-981,2025-12-06T09:00:00,M-033,SAN
T-3282,CU-201,5183.69,USD,US,web,D-201,2025-12-06T09:00:00,M-034,JPM
T-1284,CU-851,5286.95,USD,US,mobile,D-851,2025-12-06T09:00:00,M-040,JPM
T-1056,CU-014,1038.88,USD,MX,mobile,D-014,2025-12-06T09:06:00,M-037,BBVA
T-2600,CU-362,4324.50,USD,CO,web,D-362,2025-12-06T09:08:00,M-010,BOG
T-6155,CU-345,1257.60,USD,AR,mobile,D-345,2025-12-06T09:13:00,M-037,SAN
T-6211,CU-276,3143.96,USD,CO,mobile,D-276,2025-12-06T09:22:00,M-042,BOG
T-4459,CU-494,2442.92,USD,CL,web,D-494,2025-12-06T09:23:00,M-019,SAN
T-4137,CU-287,2420.93,USD,US,web,D-287,2025-12-06T09:26:00,M-007,WFC
T-6203,CU-346,2589.32,USD,US,mobile,D-346,2025-12-06T09:34:00,M-009,WFC
T-1865,CU-114,2995.62,USD,CO,web,D-114,2025-12-06T09:39:00,M-032,BAN
T-6665,CU-447,3286.67,USD,US,web,D-447,2025-12-06T09:42:00,M-030,WFC
T-3863,CU-010,5641.84,USD,CO,web,D-010,2025-12-06T09:52:00,M-046,BOG
T-4249,CU-026,1833.63,USD,CO,web,D-026,2025-12-06T09:56:00,M-006,DAV
T-7534,CU-595,3056.85,USD,AR,web,D-595,2025-12-06T09:58:00,M-014,SAN
T-6572,CU-434,5854.66,USD,US,mobile,D-434,2025-12-06T10:00:00,M-040,JPM
T-7303,CU-052,1710.46,PEN,PE,web,D-052,2025-12-06T10:00:00,M-004,BBVA
T-7072,CU-618,4477.68,PEN,PE,mobile,D-618,2025-12-06T10:00:00,M-020,BAC
T-2229,CU-504,3683.29,USD,ES,web,D-504,2025-12-06T10:00:00,M-004,SAN
T-5285,CU-316,3970.35,USD,CL,mobile,D-316,2025-12-06T10:02:00,M-010,SAN
T-7837,CU-701,927.49,USD,CL,web,D-701,2025-12-06T10:13:00,M-031,BCI
T-5728,CU-821,4204.98,PEN,PE,mobile,D-821,2025-12-06T10:13:00,M-050,BCP
T-1226,CU-061,1456.23,USD,MX,web,D-061,2025-12-06T10:16:00,M-048,BBVA
T-3036,CU-910,1341.98,USD,AR,mobile,D-910,2025-12-06T10:22:00,M-013,BNA
T-6649,CU-960,1811.58,USD,CO,web,D-960,2025-12-06T10:24:00,M-039,BAN
T-7575,CU-538,5478.88,USD,CO,mobile,D-538,2025-12-06T10:36:00,M-022,BOG
T-7239,CU-182,2988.15,USD,MX,web,D-182,2025-12-06T10:38:00,M-006,BAN
T-6601,CU-055,4886.38,USD,AR,mobile,D-055,2025-12-06T10:41:00,M-007,GAL
T-4342,CU-857,5335.62,USD,CL,web,D-857,2025-12-06T10:42:00,M-016,BCI
T-5977,CU-475,1699.86,USD,MX,web,D-475,2025-12-06T10:45:00,M-031,BBVA
T-7129,CU-040,1149.52,USD,MX,web,D-040,2025-12-06T10:46:00,M-010,SAN
T-4565,CU-171,6591.86,USD,US,web,D-171,2025-12-06T11:00:00,M-017,WFC
T-7327,CU-981,1550.58,USD,ES,web,D-981,2025-12-06T11:00:00,M-033,SAN
T-3283,CU-201,5183.69,USD,US,web,D-201,2025-12-06T11:00:00,M-034,JPM
T-1285,CU-851,5286.95,USD,US,mobile,D-851,2025-12-06T11:00:00,M-040,JPM
T-2841,CU-744,4928.27,USD,MX,web,D-744,2025-12-06T11:15:00,M-026,BAN
T-4252,CU-254,1641.93,USD,CO,web,D-254,2025-12-06T11:17:00,M-036,DAV
T-2815,CU-880,2000.39,PEN,PE,web,D-880,2025-12-06T11:18:00,M-031,IBK
T-6803,CU-581,3837.26,USD,CO,web,D-581,2025-12-06T11:20:00,M-042,DAV
T-7073,CU-618,4477.68,USD,ES,mobile,D-618,2025-12-06T11:30:00,M-011,BAC
T-7304,CU-052,1710.46,USD,ES,web,D-052,2025-12-06T11:30:00,M-015,BBVA
T-5103,CU-236,1544.31,USD,ES,mobile,D-236,2025-12-06T11:36:00,M-034,SAN
T-6949,CU-879,5026.38,USD,RU,mobile,D-999835,2025-12-06T11:37:00,M-001,SAN
T-6541,CU-587,1576.26,USD,CO,web,D-587,2025-12-06T11:40:00,M-046,DAV
T-7283,CU-743,3429.06,USD,AR,web,D-743,2025-12-06T11:40:00,M-030,GAL
T-2988,CU-683,1062.85,PEN,PE,web,D-683,2025-12-06T11:41:00,M-020,BBVA
T-5329,CU-655,2461.09,USD,CO,web,D-655,2025-12-06T11:42:00,M-020,BAN
T-7772,CU-470,2434.28,USD,US,mobile,D-470,2025-12-06T11:44:00,M-047,JPM
T-3546,CU-364,607.67,USD,ES,web,D-364,2025-12-06T11:46:00,M-030,CABK
T-6861,CU-620,1801.17,USD,US,mobile,D-620,2025-12-06T11:46:00,M-035,BAC
T-4023,CU-870,4122.69,USD,CO,web,D-870,2025-12-06T11:59:00,M-036,DAV
T-3686,CU-542,4752.90,USD,ES,mobile,D-542,2025-12-06T12:00:00,M-043,BBVA
T-5969,CU-858,1566.14,USD,MX,mobile,D-858,2025-12-06T12:02:00,M-029,BBVA
T-7987,CU-617,1235.46,USD,ES,web,D-617,2025-12-06T12:27:00,M-019,BBVA
T-7829,CU-242,698.43,USD,US,web,D-242,2025-12-06T12:28:00,M-037,WFC
T-5239,CU-545,2881.26,USD,CO,mobile,D-545,2025-12-06T12:32:00,M-027,DAV
T-5090,CU-878,1394.49,USD,CL,mobile,D-878,2025-12-06T12:39:00,M-019,BCI
T-2611,CU-272,457.44,USD,MX,mobile,D-272,2025-12-06T12:40:00,M-039,BBVA
T-4566,CU-171,6591.86,USD,US,web,D-171,2025-12-06T13:00:00,M-017,WFC
T-7076,CU-341,2004.35,USD,US,mobile,D-341,2025-12-06T13:00:00,M-050,BAC
T-7328,CU-981,1550.58,USD,ES,web,D-981,2025-12-06T13:00:00,M-033,SAN
T-1286,CU-851,5286.95,USD,US,mobile,D-851,2025-12-06T13:00:00,M-040,JPM
T-3284,CU-201,5183.69,USD,US,web,D-201,2025-12-06T13:00:00,M-034,JPM
T-4490,CU-254,824.06,USD,CO,web,D-254,2025-12-06T13:10:00,M-033,DAV
T-7029,CU-441,3730.62,USD,ES,web,D-441,2025-12-06T13:19:00,M-027,SAN
T-2017,CU-944,2595.31,USD,CO,web,D-944,2025-12-06T13:26:00,M-036,BAN
T-5709,CU-105,3217.24,USD,MX,mobile,D-105,2025-12-06T13:29:00,M-010,BBVA
T-6097,CU-913,3173.99,USD,US,web,D-913,2025-12-06T13:31:00,M-032,WFC
T-3376,CU-122,1982.38,USD,CL,web,D-122,2025-12-06T13:31:00,M-022,SAN
T-1310,CU-263,3766.26,USD,AR,web,D-263,2025-12-06T13:31:00,M-011,GAL
T-5570,CU-991,3926.46,USD,AR,web,D-991,2025-12-06T13:38:00,M-025,BNA
T-2830,CU-715,1121.07,USD,CO,web,D-715,2025-12-06T13:42:00,M-045,BAN
T-1416,CU-470,2690.96,USD,US,mobile,D-470,2025-12-06T13:44:00,M-019,JPM
T-7679,CU-268,2383.39,USD,MX,mobile,D-268,2025-12-06T13:46:00,M-023,BBVA
T-6537,CU-173,2286.59,USD,MX,mobile,D-173,2025-12-06T13:51:00,M-003,BBVA
T-7567,CU-623,3239.98,USD,AR,mobile,D-623,2025-12-06T14:06:00,M-013,SAN
T-5934,CU-367,7141.06,PEN,PE,web,D-367,2025-12-06T14:10:00,M-043,BBVA
T-4110,CU-219,3654.95,USD,CL,web,D-219,2025-12-06T14:16:00,M-008,SAN
T-5804,CU-397,1689.91,USD,AR,web,D-397,2025-12-06T14:17:00,M-028,BNA
T-1827,CU-259,2584.90,USD,US,mobile,D-259,2025-12-06T14:19:00,M-021,JPM
T-1770,CU-093,541.47,USD,ES,mobile,D-093,2025-12-06T14:27:00,M-048,SAN
T-3954,CU-361,4919.81,USD,CL,mobile,D-361,2025-12-06T14:29:00,M-015,SAN
T-5571,CU-682,5728.88,USD,US,web,D-682,2025-12-06T14:30:00,M-029,JPM
T-4068,CU-715,1385.42,USD,CO,web,D-715,2025-12-06T14:30:00,M-040,BAN
T-1302,CU-623,4336.52,USD,AR,mobile,D-623,2025-12-06T14:36:00,M-048,SAN
T-2335,CU-589,2249.21,USD,US,mobile,D-589,2025-12-06T14:37:00,M-032,WFC
T-5369,CU-578,3369.47,USD,CL,mobile,D-578,2025-12-06T14:43:00,M-016,SAN
T-2518,CU-752,2052.98,USD,US,web,D-752,2025-12-06T14:43:00,M-003,BAC
T-5157,CU-222,1503.78,USD,CL,web,D-222,2025-12-06T14:49:00,M-013,BCH
T-5794,CU-750,60.47,USD,CL,mobile,D-750,2025-12-06T14:51:00,M-023,BCH
T-7954,CU-644,155.85,USD,MX,web,D-644,2025-12-06T14:52:00,M-027,SAN
T-4857,CU-766,6454.09,USD,US,web,D-766,2025-12-06T14:55:00,M-014,BAC
T-1674,CU-938,1075.75,USD,MX,mobile,D-938,2025-12-06T15:00:00,M-035,SAN
T-7728,CU-992,1397.11,USD,MX,mobile,D-992,2025-12-06T15:04:00,M-001,BAN
T-2942,CU-382,1507.26,USD,US,web,D-382,2025-12-06T15:10:00,M-004,BAC
T-3955,CU-074,1572.17,USD,AR,mobile,D-074,2025-12-06T15:14:00,M-030,SAN
T-7934,CU-117,940.38,USD,US,mobile,D-117,2025-12-06T15:15:00,M-010,JPM
T-2797,CU-991,2099.62,USD,AR,web,D-991,2025-12-06T15:29:00,M-007,BNA
T-6897,CU-580,4684.81,USD,CL,mobile,D-580,2025-12-06T15:30:00,M-017,SAN
T-2609,CU-143,2788.92,USD,ES,web,D-143,2025-12-06T15:31:00,M-048,CABK
T-6405,CU-908,5358.07,USD,CL,mobile,D-908,2025-12-06T15:35:00,M-027,SAN
T-6356,CU-329,143.34,USD,US,web,D-329,2025-12-06T15:38:00,M-027,BAC
T-3214,CU-978,1535.77,USD,MX,web,D-978,2025-12-06T15:42:00,M-003,BBVA
T-7055,CU-511,974.81,USD,ES,web,D-511,2025-12-06T15:49:00,M-037,CABK
T-2280,CU-187,2286.44,USD,ES,web,D-187,2025-12-06T15:53:00,M-043,CABK
T-6997,CU-388,5503.77,USD,US,web,D-388,2025-12-06T15:57:00,M-022,BAC
T-6898,CU-137,2574.83,USD,MX,mobile,D-137,2025-12-06T16:03:00,M-043,BBVA
T-1610,CU-886,1189.00,USD,AR,mobile,D-886,2025-12-06T16:03:00,M-007,BNA
T-4416,CU-190,3946.62,USD,AR,mobile,D-190,2025-12-06T16:08:00,M-011,BNA
T-7599,CU-464,148.79,USD,ES,mobile,D-464,2025-12-06T16:26:00,M-010,CABK
T-6109,CU-964,287.64,USD,CL,web,D-964,2025-12-06T16:27:00,M-007,BCI
T-5893,CU-982,3082.97,PEN,PE,web,D-982,2025-12-06T16:32:00,M-014,IBK
T-3013,CU-664,3282.05,USD,ES,web,D-664,2025-12-06T16:32:00,M-044,CABK
T-5924,CU-894,782.81,USD,US,web,D-894,2025-12-06T16:32:00,M-006,WFC
T-3451,CU-145,5502.45,USD,MX,mobile,D-145,2025-12-06T16:38:00,M-025,BBVA
T-2581,CU-334,1583.63,USD,MX,mobile,D-334,2025-12-06T16:41:00,M-008,SAN
T-2814,CU-044,1972.50,USD,ES,mobile,D-044,2025-12-06T16:41:00,M-010,BBVA
T-7610,CU-869,5715.08,USD,US,mobile,D-869,2025-12-06T16:41:00,M-038,WFC
T-5174,CU-516,624.07,PEN,PE,mobile,D-516,2025-12-06T16:44:00,M-042,IBK
T-2735,CU-443,3225.47,USD,ES,web,D-443,2025-12-06T16:48:00,M-019,CABK
T-1297,CU-595,5690.89,USD,AR,web,D-595,2025-12-06T16:51:00,M-023,SAN
T-7739,CU-540,2335.05,USD,MX,web,D-540,2025-12-06T16:57:00,M-047,BAN
T-7455,CU-322,2690.27,USD,AR,web,D-322,2025-12-06T16:58:00,M-004,SAN
T-3577,CU-008,2322.21,PEN,PE,mobile,D-008,2025-12-06T17:00:00,M-033,BCP
T-6145,CU-530,390.04,USD,ES,web,D-530,2025-12-06T17:00:00,M-029,BBVA
T-5283,CU-501,712.86,USD,CL,mobile,D-501,2025-12-06T17:00:00,M-999,BCH
T-7590,CU-960,3590.51,USD,CO,web,D-960,2025-12-06T17:00:00,M-015,BAN
T-1971,CU-942,4146.32,USD,ES,web,D-942,2025-12-06T17:00:00,M-036,BBVA
T-1435,CU-255,1970.04,USD,AR,mobile,D-255,2025-12-06T17:03:00,M-012,SAN
T-3913,CU-930,2147.32,PEN,PE,mobile,D-930,2025-12-06T17:10:00,M-032,IBK
T-1113,CU-314,179.23,PEN,PE,web,D-314,2025-12-06T17:11:00,M-026,IBK
T-5782,CU-005,4546.27,USD,ES,web,D-005,2025-12-06T17:16:00,M-050,SAN
T-3244,CU-096,1987.13,USD,CO,web,D-096,2025-12-06T17:25:00,M-030,BOG
T-4447,CU-743,5257.73,USD,AR,web,D-743,2025-12-06T17:29:00,M-036,GAL
T-2569,CU-657,1100.25,USD,AR,web,D-657,2025-12-06T17:30:00,M-005,GAL
T-3744,CU-619,105.31,USD,US,mobile,D-619,2025-12-06T17:31:00,M-028,BAC
T-7752,CU-753,1480.61,USD,CO,web,D-753,2025-12-06T17:33:00,M-028,DAV
T-6253,CU-178,1697.36,USD,ES,mobile,D-178,2025-12-06T17:36:00,M-027,SAN
T-5789,CU-127,3077.59,USD,CL,web,D-127,2025-12-06T17:38:00,M-009,SAN
T-6193,CU-128,3288.08,USD,ES,web,D-128,2025-12-06T17:42:00,M-041,BBVA
T-6606,CU-047,2342.50,USD,AR,mobile,D-047,2025-12-06T17:43:00,M-030,BNA
T-1169,CU-221,5134.74,USD,US,mobile,D-221,2025-12-06T17:43:00,M-039,WFC
T-5200,CU-630,5393.39,USD,MX,web,D-630,2025-12-06T17:43:00,M-017,SAN
T-3182,CU-557,2930.21,USD,CO,mobile,D-557,2025-12-06T17:44:00,M-029,BAN
T-1205,CU-103,3069.61,USD,CL,mobile,D-103,2025-12-06T17:49:00,M-040,BCI
T-6574,CU-642,1653.77,USD,US,web,D-642,2025-12-06T17:55:00,M-014,BAC
T-1057,CU-565,967.52,USD,US,web,D-565,2025-12-06T17:58:00,M-001,JPM
T-2458,CU-018,1376.48,USD,ES,mobile,D-018,2025-12-06T17:58:00,M-044,BBVA
T-5950,CU-876,5714.36,USD,CL,web,D-876,2025-12-06T18:00:00,M-042,SAN
T-2144,CU-167,2270.87,USD,AR,mobile,D-167,2025-12-06T18:00:00,M-030,BNA
T-4260,CU-342,3392.16,USD,AR,web,D-342,2025-12-06T18:04:00,M-036,SAN
T-3670,CU-786,1398.60,USD,ES,web,D-786,2025-12-06T18:09:00,M-037,BBVA
T-2610,CU-543,2152.47,USD,CL,mobile,D-543,2025-12-06T18:13:00,M-023,BCI
T-3813,CU-262,3881.09,USD,ES,web,D-262,2025-12-06T18:30:00,M-041,BBVA
T-3823,CU-581,3321.07,USD,CO,web,D-581,2025-12-06T18:30:00,M-017,DAV
T-4434,CU-905,991.63,USD,CL,web,D-905,2025-12-06T18:43:00,M-019,BCI
T-2939,CU-420,133.54,USD,MX,web,D-420,2025-12-06T18:53:00,M-034,BBVA
T-3338,CU-199,1489.93,USD,CL,mobile,D-199,2025-12-06T18:57:00,M-004,BCI
T-7223,CU-105,2923.11,USD,MX,mobile,D-105,2025-12-06T18:58:00,M-049,BBVA
T-5518,CU-737,3616.46,USD,AR,web,D-737,2025-12-06T18:58:00,M-028,BNA
T-1675,CU-380,15605.22,USD,CO,mobile,D-380,2025-12-06T19:00:00,M-004,DAV
T-3261,CU-553,3236.99,PEN,PE,web,D-553,2025-12-06T19:07:00,M-043,IBK
T-2553,CU-621,2088.85,USD,US,mobile,D-621,2025-12-06T19:07:00,M-018,BAC
T-2127,CU-441,2076.71,USD,ES,web,D-441,2025-12-06T19:17:00,M-001,SAN
T-3690,CU-729,1615.18,USD,CO,mobile,D-729,2025-12-06T19:19:00,M-026,BAN
T-3177,CU-885,1805.45,USD,US,web,D-885,2025-12-06T19:27:00,M-003,JPM
T-4148,CU-347,5658.34,PEN,PE,web,D-347,2025-12-06T19:27:00,M-042,BBVA
T-7853,CU-971,2459.70,USD,AR,mobile,D-971,2025-12-06T19:35:00,M-050,SAN
T-2115,CU-758,4408.07,USD,CL,web,D-758,2025-12-06T19:37:00,M-050,SAN
T-1198,CU-823,3112.99,USD,MX,web,D-823,2025-12-06T19:41:00,M-040,BAN
T-4531,CU-873,2038.89,USD,ES,web,D-873,2025-12-06T19:44:00,M-025,CABK
T-6848,CU-936,663.98,USD,US,mobile,D-936,2025-12-06T19:52:00,M-017,JPM
T-2141,CU-095,775.10,USD,ES,mobile,D-095,2025-12-06T19:55:00,M-014,SAN
T-3804,CU-885,1354.79,USD,US,web,D-885,2025-12-06T19:59:00,M-031,JPM
T-6653,CU-469,6147.68,USD,AR,mobile,D-469,2025-12-06T20:10:00,M-032,SAN
T-4718,CU-682,2877.25,USD,US,web,D-682,2025-12-06T20:12:00,M-021,JPM
T-5951,CU-094,2805.96,USD,AR,mobile,D-094,2025-12-06T20:13:00,M-034,GAL
T-7755,CU-916,3159.37,USD,MX,web,D-916,2025-12-06T20:14:00,M-035,BAN
T-6767,CU-600,4375.41,USD,US,web,D-600,2025-12-06T20:18:00,M-008,JPM
T-3039,CU-308,3124.95,USD,ES,mobile,D-308,2025-12-06T20:19:00,M-045,BBVA
T-5343,CU-754,2016.47,USD,US,web,D-754,2025-12-06T20:32:00,M-007,BAC
T-4522,CU-983,1678.53,USD,MX,web,D-983,2025-12-06T20:39:00,M-025,BBVA
T-5706,CU-528,4428.99,USD,CL,web,D-528,2025-12-06T20:41:00,M-010,BCI
T-6589,CU-892,4640.08,USD,AR,mobile,D-892,2025-12-06T20:44:00,M-031,BNA
T-3252,CU-698,1466.10,USD,US,web,D-698,2025-12-06T20:46:00,M-023,WFC
T-2263,CU-731,3327.41,USD,CO,mobile,D-731,2025-12-06T20:46:00,M-014,BOG
T-5463,CU-033,3414.41,USD,AR,mobile,D-033,2025-12-06T20:48:00,M-030,GAL
T-5489,CU-091,1847.42,USD,MX,mobile,D-091,2025-12-06T20:58:00,M-042,BBVA
T-1229,CU-385,3518.86,USD,US,mobile,D-385,2025-12-06T20:58:00,M-006,WFC
T-4340,CU-731,3558.93,USD,CO,mobile,D-731,2025-12-06T21:19:00,M-022,BOG
T-1742,CU-265,2103.93,USD,ES,web,D-265,2025-12-06T21:20:00,M-015,CABK
T-3741,CU-473,1649.05,USD,CO,mobile,D-473,2025-12-06T21:26:00,M-035,BAN
T-4297,CU-238,2880.90,USD,US,mobile,D-238,2025-12-06T21:44:00,M-050,WFC
T-3331,CU-973,108.02,USD,MX,web,D-973,2025-12-06T21:51:00,M-012,BAN
T-3897,CU-286,393.54,PEN,PE,mobile,D-286,2025-12-06T22:31:00,M-038,BCP
T-4203,CU-571,4895.13,PEN,PE,mobile,D-571,2025-12-06T22:57:00,M-024,BBVA
T-6251,CU-294,8363.21,USD,CL,web,D-294,2025-12-07T00:24:00,M-002,SAN
T-1329,CU-649,1581.69,USD,MX,web,D-649,2025-12-07T06:25:00,M-007,BBVA
T-7748,CU-663,1641.18,USD,CL,mobile,D-663,2025-12-07T06:47:00,M-049,SAN
T-4644,CU-035,3034.15,USD,ES,web,D-035,2025-12-07T07:11:00,M-048,CABK
T-1257,CU-253,3511.40,USD,CL,mobile,D-253,2025-12-07T07:44:00,M-032,BCH
T-7570,CU-180,1137.72,USD,ES,web,D-180,2025-12-07T07:48:00,M-010,CABK
T-1560,CU-039,2310.07,USD,MX,mobile,D-039,2025-12-07T07:53:00,M-040,BBVA
T-4202,CU-730,779.30,USD,RU,mobile,D-999110,2025-12-07T08:35:00,M-032,BAN
T-2959,CU-537,630.20,USD,US,mobile,D-537,2025-12-07T08:43:00,M-041,BAC
T-1947,CU-711,5046.39,USD,MX,mobile,D-711,2025-12-07T08:59:00,M-003,BAN
T-5294,CU-260,1313.49,USD,CO,mobile,D-260,2025-12-07T09:00:00,M-013,BAN
T-7028,CU-532,1719.43,USD,US,web,D-532,2025-12-07T09:00:00,M-005,WFC
T-5512,CU-392,11522.65,PEN,PE,web,D-392,2025-12-07T09:00:00,M-031,BBVA
T-7277,CU-106,5294.46,PEN,PE,mobile,D-106,2025-12-07T09:00:00,M-019,BBVA
T-4371,CU-978,3645.90,USD,MX,web,D-978,2025-12-07T09:00:00,M-027,BBVA
T-7392,CU-063,6331.32,USD,MX,web,D-063,2025-12-07T09:27:00,M-034,BBVA
T-1852,CU-778,333.73,USD,US,web,D-778,2025-12-07T09:28:00,M-045,WFC
T-4144,CU-677,4105.62,USD,CL,web,D-677,2025-12-07T09:33:00,M-007,BCH
T-5443,CU-662,2714.06,USD,US,mobile,D-662,2025-12-07T09:34:00,M-038,BAC
T-3351,CU-175,1408.14,USD,CL,web,D-175,2025-12-07T09:37:00,M-015,BCH
T-1626,CU-932,2997.11,USD,MX,mobile,D-932,2025-12-07T09:37:00,M-035,BBVA
T-2112,CU-520,2023.17,USD,MX,web,D-520,2025-12-07T09:46:00,M-018,BAN
T-6993,CU-556,663.97,USD,CL,web,D-556,2025-12-07T09:47:00,M-048,BCH
T-3993,CU-863,1317.74,USD,AR,web,D-863,2025-12-07T09:53:00,M-048,BNA
T-4190,CU-040,1103.05,USD,MX,web,D-040,2025-12-07T09:54:00,M-032,SAN
T-2560,CU-736,870.30,PEN,PE,mobile,D-736,2025-12-07T10:00:00,M-042,CABK
T-2417,CU-123,605.16,PEN,PE,web,D-123,2025-12-07T10:00:00,M-048,BAN
T-5890,CU-027,4870.95,PEN,PE,mobile,D-027,2025-12-07T10:00:00,M-022,JPM
T-6075,CU-282,114.31,PEN,PE,mobile,D-282,2025-12-07T10:00:00,M-032,BNA
T-3557,CU-192,2796.11,PEN,PE,web,D-192,2025-12-07T10:00:00,M-002,BCH
T-1074,CU-699,1934.65,USD,US,web,D-699,2025-12-07T10:00:00,M-999,WFC
T-3163,CU-998,2565.38,USD,CL,mobile,D-998,2025-12-07T10:04:00,M-042,BCH
T-5854,CU-326,3684.07,USD,ES,web,D-326,2025-12-07T10:06:00,M-032,SAN
T-3399,CU-324,3904.20,PEN,PE,mobile,D-324,2025-12-07T10:17:00,M-004,IBK
T-1392,CU-653,5204.42,USD,AR,web,D-653,2025-12-07T10:23:00,M-034,GAL
T-7130,CU-945,2359.62,PEN,PE,mobile,D-945,2025-12-07T10:23:00,M-042,BBVA
T-2100,CU-992,1674.90,USD,MX,mobile,D-992,2025-12-07T10:29:00,M-007,BAN
T-5931,CU-048,4517.70,USD,MX,web,D-048,2025-12-07T10:30:00,M-047,SAN
T-7266,CU-997,401.77,USD,CO,web,D-997,2025-12-07T10:31:00,M-049,BOG
T-6834,CU-262,3839.56,USD,ES,web,D-262,2025-12-07T10:40:00,M-034,BBVA
T-5916,CU-411,2115.85,USD,MX,web,D-411,2025-12-07T10:45:00,M-036,SAN
T-5680,CU-984,1173.04,PEN,PE,mobile,D-984,2025-12-07T10:47:00,M-006,BBVA
T-2615,CU-800,3876.43,USD,ES,web,D-800,2025-12-07T10:51:00,M-049,SAN
T-6243,CU-564,1279.65,USD,US,mobile,D-564,2025-12-07T10:51:00,M-012,WFC
T-3167,CU-852,845.64,USD,AR,mobile,D-852,2025-12-07T10:59:00,M-001,SAN
T-7278,CU-106,5294.46,PEN,PE,mobile,D-106,2025-12-07T11:00:00,M-019,BBVA
T-4372,CU-978,3645.90,USD,MX,web,D-978,2025-12-07T11:00:00,M-027,BBVA
T-5513,CU-392,11522.65,PEN,PE,web,D-392,2025-12-07T11:00:00,M-031,BBVA
T-5295,CU-260,1313.49,USD,CO,mobile,D-260,2025-12-07T11:00:00,M-013,BAN
T-6170,CU-207,1579.04,USD,AR,mobile,D-207,2025-12-07T11:00:00,M-999,GAL
T-3466,CU-859,756.76,USD,CO,mobile,D-859,2025-12-07T11:04:00,M-016,DAV
T-3539,CU-149,1736.77,USD,US,mobile,D-149,2025-12-07T11:04:00,M-029,JPM
T-1788,CU-371,2648.61,USD,AR,mobile,D-371,2025-12-07T11:05:00,M-019,BNA
T-7436,CU-392,5167.75,PEN,PE,web,D-392,2025-12-07T11:17:00,M-040,BBVA
T-1981,CU-853,2211.75,USD,US,web,D-853,2025-12-07T11:21:00,M-010,WFC
T-1174,CU-007,1205.13,USD,CL,mobile,D-007,2025-12-07T11:28:00,M-024,SAN
T-5528,CU-735,4409.86,PEN,PE,web,D-735,2025-12-07T11:28:00,M-014,IBK
T-2561,CU-736,870.30,USD,ES,mobile,D-736,2025-12-07T11:30:00,M-038,CABK
T-6076,CU-282,114.31,USD,ES,mobile,D-282,2025-12-07T11:30:00,M-033,BNA
T-2418,CU-123,605.16,USD,ES,web,D-123,2025-12-07T11:30:00,M-016,BAN
T-5891,CU-027,4870.95,USD,ES,mobile,D-027,2025-12-07T11:30:00,M-019,JPM
T-3558,CU-192,2796.11,USD,ES,web,D-192,2025-12-07T11:30:00,M-032,BCH
T-3555,CU-611,3275.35,USD,MX,web,D-611,2025-12-07T11:36:00,M-003,SAN
T-3649,CU-609,3076.79,USD,AR,mobile,D-609,2025-12-07T11:47:00,M-018,BNA
T-1994,CU-533,1701.81,USD,CL,web,D-533,2025-12-07T11:47:00,M-039,BCI
T-5251,CU-241,273.52,USD,ES,mobile,D-241,2025-12-07T11:56:00,M-010,CABK
T-1005,CU-180,911.30,USD,ES,web,D-180,2025-12-07T11:56:00,M-029,CABK
T-3476,CU-913,3429.55,USD,US,web,D-913,2025-12-07T12:00:00,M-038,WFC
T-6989,CU-758,2156.94,USD,CL,web,D-758,2025-12-07T12:01:00,M-039,SAN
T-1037,CU-584,141.71,USD,AR,mobile,D-584,2025-12-07T12:01:00,M-034,SAN
T-1038,CU-584,170.69,USD,AR,mobile,D-584,2025-12-07T12:02:00,M-034,SAN
T-1039,CU-584,47.30,USD,AR,mobile,D-584,2025-12-07T12:03:00,M-034,SAN
T-1040,CU-584,174.23,USD,AR,mobile,D-584,2025-12-07T12:04:00,M-034,SAN
T-4789,CU-434,876.06,USD,US,web,D-434,2025-12-07T12:07:00,M-043,JPM
T-5025,CU-180,790.95,USD,ES,web,D-180,2025-12-07T12:08:00,M-037,CABK
T-2589,CU-227,4609.29,PEN,PE,web,D-227,2025-12-07T12:18:00,M-007,IBK
T-4895,CU-351,6888.52,USD,MX,web,D-351,2025-12-07T12:19:00,M-028,BAN
T-4864,CU-117,430.95,USD,US,mobile,D-117,2025-12-07T12:24:00,M-024,JPM
T-4189,CU-289,4947.18,USD,CL,mobile,D-289,2025-12-07T12:25:00,M-016,BCI
T-4272,CU-281,2820.34,USD,US,web,D-281,2025-12-07T12:32:00,M-002,BAC
T-4406,CU-195,4162.73,USD,CL,web,D-195,2025-12-07T12:39:00,M-036,BCI
T-7235,CU-469,7001.46,USD,AR,mobile,D-469,2025-12-07T12:40:00,M-024,SAN
T-5967,CU-097,5172.07,USD,AR,mobile,D-097,2025-12-07T12:41:00,M-034,GAL
T-4177,CU-915,1402.46,PEN,PE,web,D-915,2025-12-07T12:41:00,M-004,IBK
T-7664,CU-727,6439.26,USD,CO,mobile,D-727,2025-12-07T12:44:00,M-032,DAV
T-3642,CU-082,3884.71,USD,CL,web,D-082,2025-12-07T12:46:00,M-010,BCI
T-5714,CU-056,2468.91,USD,US,mobile,D-056,2025-12-07T12:47:00,M-025,BAC
T-1540,CU-891,3587.74,USD,MX,web,D-891,2025-12-07T12:48:00,M-018,SAN
T-5805,CU-773,4766.11,USD,MX,web,D-773,2025-12-07T12:54:00,M-009,BAN
T-1332,CU-697,5570.57,USD,CL,web,D-697,2025-12-07T12:56:00,M-027,BCH
T-6839,CU-260,388.70,USD,CO,mobile,D-260,2025-12-07T12:58:00,M-045,BAN
T-4373,CU-978,3645.90,USD,MX,web,D-978,2025-12-07T13:00:00,M-027,BBVA
T-7279,CU-106,5294.46,PEN,PE,mobile,D-106,2025-12-07T13:00:00,M-019,BBVA
T-5514,CU-392,11522.65,PEN,PE,web,D-392,2025-12-07T13:00:00,M-031,BBVA
T-5296,CU-260,1313.49,USD,CO,mobile,D-260,2025-12-07T13:00:00,M-013,BAN
T-5441,CU-945,5486.38,PEN,PE,mobile,D-945,2025-12-07T13:01:00,M-037,BBVA
T-6955,CU-056,2540.40,USD,US,mobile,D-056,2025-12-07T13:06:00,M-014,BAC
T-6644,CU-850,3576.66,USD,AR,mobile,D-850,2025-12-07T13:09:00,M-009,SAN
T-4475,CU-077,5862.24,USD,CL,mobile,D-077,2025-12-07T13:09:00,M-043,BCI
T-3752,CU-954,2810.21,PEN,PE,mobile,D-954,2025-12-07T13:12:00,M-045,IBK
T-5609,CU-796,2404.23,USD,MX,mobile,D-796,2025-12-07T13:14:00,M-049,SAN
T-7082,CU-836,4262.41,PEN,PE,mobile,D-836,2025-12-07T13:20:00,M-002,IBK
T-4874,CU-482,5846.30,USD,CL,web,D-482,2025-12-07T13:24:00,M-011,SAN
T-4127,CU-535,5602.03,USD,AR,web,D-535,2025-12-07T13:29:00,M-001,GAL
T-7403,CU-337,3397.39,USD,US,mobile,D-337,2025-12-07T13:31:00,M-024,BAC
T-6557,CU-544,1475.47,USD,CO,mobile,D-544,2025-12-07T13:34:00,M-002,DAV
T-2843,CU-948,2413.52,PEN,PE,web,D-948,2025-12-07T13:34:00,M-013,BCP
T-1611,CU-478,1972.87,USD,AR,web,D-478,2025-12-07T13:34:00,M-040,SAN
T-5412,CU-649,1299.06,USD,MX,web,D-649,2025-12-07T13:36:00,M-029,BBVA
T-3457,CU-047,2860.18,USD,AR,mobile,D-047,2025-12-07T13:42:00,M-020,BNA
T-7607,CU-785,4435.46,USD,US,mobile,D-785,2025-12-07T13:48:00,M-012,BAC
T-2070,CU-775,283.89,USD,MX,mobile,D-775,2025-12-07T13:49:00,M-030,SAN
T-3573,CU-038,3306.37,USD,CL,mobile,D-038,2025-12-07T13:53:00,M-044,BCH
T-3306,CU-818,71.23,USD,AR,mobile,D-818,2025-12-07T13:59:00,M-049,BNA
T-2886,CU-246,6158.83,USD,ES,web,D-246,2025-12-07T14:07:00,M-023,BBVA
T-2539,CU-520,3203.53,USD,MX,web,D-520,2025-12-07T14:08:00,M-003,BAN
T-7154,CU-512,661.04,USD,AR,mobile,D-512,2025-12-07T14:09:00,M-031,SAN
T-4309,CU-014,669.85,USD,MX,mobile,D-014,2025-12-07T14:11:00,M-040,BBVA
T-6031,CU-220,2185.38,USD,AR,mobile,D-220,2025-12-07T14:13:00,M-030,BNA
T-7830,CU-723,4981.64,USD,US,web,D-723,2025-12-07T14:17:00,M-027,JPM
T-7003,CU-197,1595.85,USD,CL,web,D-197,2025-12-07T14:21:00,M-024,SAN
T-3369,CU-302,568.00,USD,US,web,D-302,2025-12-07T14:24:00,M-034,WFC
T-2664,CU-100,1474.16,USD,AR,web,D-100,2025-12-07T14:25:00,M-025,SAN
T-3867,CU-938,910.09,USD,MX,mobile,D-938,2025-12-07T14:26:00,M-024,SAN
T-6325,CU-604,1774.89,USD,AR,mobile,D-604,2025-12-07T14:28:00,M-023,GAL
T-4936,CU-651,1192.12,PEN,PE,web,D-651,2025-12-07T14:30:00,M-002,IBK
T-4241,CU-284,3877.78,USD,CL,web,D-284,2025-12-07T14:34:00,M-043,BCH
T-2526,CU-021,2552.52,USD,CO,web,D-021,2025-12-07T14:40:00,M-049,BOG
T-2496,CU-930,4702.26,PEN,PE,mobile,D-930,2025-12-07T14:43:00,M-038,IBK
T-2035,CU-684,1692.82,USD,US,mobile,D-684,2025-12-07T14:45:00,M-009,WFC
T-3100,CU-833,3548.68,USD,CL,web,D-833,2025-12-07T14:46:00,M-043,SAN
T-3491,CU-441,2772.31,USD,ES,web,D-441,2025-12-07T14:47:00,M-010,SAN
T-1373,CU-329,323.23,USD,US,web,D-329,2025-12-07T14:47:00,M-003,BAC
T-1694,CU-624,3121.72,PEN,PE,mobile,D-624,2025-12-07T14:47:00,M-010,BBVA
T-3679,CU-816,907.04,USD,US,mobile,D-816,2025-12-07T14:47:00,M-025,BAC
T-4160,CU-162,2198.44,USD,ES,mobile,D-162,2025-12-07T14:52:00,M-009,CABK
T-1839,CU-415,1958.69,USD,CO,web,D-415,2025-12-07T14:53:00,M-026,DAV
T-3370,CU-651,1683.56,PEN,PE,web,D-651,2025-12-07T14:56:00,M-046,IBK
T-5122,CU-668,3524.79,USD,AR,mobile,D-668,2025-12-07T15:07:00,M-003,BNA
T-4112,CU-141,1533.67,USD,MX,mobile,D-141,2025-12-07T15:09:00,M-031,BBVA
T-3626,CU-432,498.77,USD,US,web,D-432,2025-12-07T15:10:00,M-021,BAC
T-5599,CU-817,1527.32,USD,US,web,D-817,2025-12-07T15:11:00,M-029,BAC
T-1300,CU-050,1026.26,PEN,PE,mobile,D-050,2025-12-07T15:15:00,M-014,IBK
T-5052,CU-030,3511.49,USD,MX,mobile,D-030,2025-12-07T15:21:00,M-041,BBVA
T-4480,CU-558,1377.21,USD,MX,mobile,D-558,2025-12-07T15:28:00,M-044,BAN
T-8000,CU-652,2880.93,USD,CO,web,D-652,2025-12-07T15:47:00,M-009,DAV
T-3459,CU-087,120.10,USD,CL,mobile,D-087,2025-12-07T15:59:00,M-010,SAN
T-6775,CU-303,1193.00,PEN,PE,web,D-303,2025-12-07T16:00:00,M-003,IBK
T-5036,CU-444,5698.44,USD,MX,web,D-444,2025-12-07T16:02:00,M-022,BBVA
T-2021,CU-679,3599.65,USD,US,web,D-679,2025-12-07T16:04:00,M-001,WFC
T-7299,CU-623,1794.75,USD,AR,mobile,D-623,2025-12-07T16:06:00,M-004,SAN
T-1915,CU-797,1428.23,PEN,PE,mobile,D-797,2025-12-07T16:08:00,M-037,IBK
T-6011,CU-180,1407.46,USD,ES,web,D-180,2025-12-07T16:12:00,M-013,CABK
T-7339,CU-414,2781.28,USD,US,web,D-414,2025-12-07T16:13:00,M-046,JPM
T-3359,CU-243,5427.19,PEN,PE,mobile,D-243,2025-12-07T16:17:00,M-019,IBK
T-7622,CU-911,6174.71,PEN,PE,web,D-911,2025-12-07T16:21:00,M-008,BBVA
T-3903,CU-315,370.07,USD,CO,mobile,D-315,2025-12-07T16:24:00,M-030,BAN
T-5649,CU-751,3067.34,USD,ES,mobile,D-751,2025-12-07T16:25:00,M-008,BBVA
T-2157,CU-115,2538.06,USD,US,web,D-115,2025-12-07T16:33:00,M-039,BAC
T-6496,CU-667,3123.74,USD,CO,mobile,D-667,2025-12-07T16:43:00,M-044,BOG
T-1032,CU-492,2723.44,USD,US,mobile,D-492,2025-12-07T16:46:00,M-006,WFC
T-7166,CU-243,6083.01,PEN,PE,mobile,D-243,2025-12-07T16:46:00,M-030,IBK
T-4062,CU-708,4784.63,USD,CL,mobile,D-708,2025-12-07T16:47:00,M-027,SAN
T-2389,CU-103,4446.87,USD,CL,mobile,D-103,2025-12-07T16:47:00,M-027,BCI
T-6482,CU-994,2187.52,USD,US,mobile,D-994,2025-12-07T16:54:00,M-012,JPM
T-4861,CU-273,300.86,USD,CO,mobile,D-273,2025-12-07T17:03:00,M-017,BAN
T-2271,CU-709,954.98,USD,US,mobile,D-709,2025-12-07T17:05:00,M-046,WFC
T-1242,CU-053,3663.49,USD,CL,web,D-053,2025-12-07T17:05:00,M-002,SAN
T-4104,CU-337,1743.63,USD,US,mobile,D-337,2025-12-07T17:07:00,M-004,BAC
T-3106,CU-393,6200.27,PEN,PE,mobile,D-393,2025-12-07T17:10:00,M-008,BBVA
T-4867,CU-581,3423.78,USD,CO,web,D-581,2025-12-07T17:10:00,M-042,DAV
T-1020,CU-930,2747.29,PEN,PE,mobile,D-930,2025-12-07T17:15:00,M-019,IBK
T-3347,CU-313,97.38,USD,US,web,D-313,2025-12-07T17:15:00,M-018,JPM
T-2972,CU-062,3702.87,USD,MX,mobile,D-062,2025-12-07T17:25:00,M-024,BBVA
T-5442,CU-014,1168.20,USD,MX,mobile,D-014,2025-12-07T17:37:00,M-045,BBVA
T-2957,CU-164,1682.18,USD,MX,mobile,D-164,2025-12-07T17:57:00,M-016,BAN
T-7451,CU-529,310.40,USD,US,mobile,D-529,2025-12-07T17:58:00,M-035,BAC
T-1691,CU-167,4220.96,USD,AR,mobile,D-167,2025-12-07T17:59:00,M-037,BNA
T-7337,CU-390,2691.88,USD,MX,web,D-390,2025-12-07T18:00:00,M-017,BBVA
T-6205,CU-605,2488.07,USD,CL,web,D-605,2025-12-07T18:07:00,M-032,BCH
T-3242,CU-269,942.93,USD,ES,mobile,D-269,2025-12-07T18:09:00,M-024,BBVA
T-2445,CU-854,3954.43,PEN,PE,web,D-854,2025-12-07T18:18:00,M-040,BCP
T-2040,CU-778,429.19,USD,US,web,D-778,2025-12-07T18:18:00,M-019,WFC
T-7903,CU-437,1758.84,USD,MX,mobile,D-437,2025-12-07T18:19:00,M-050,BAN
T-7810,CU-704,2141.93,PEN,PE,mobile,D-704,2025-12-07T18:19:00,M-040,BBVA
T-4633,CU-298,1898.48,USD,CL,mobile,D-298,2025-12-07T18:38:00,M-025,BCH
T-3740,CU-490,1475.75,USD,CO,mobile,D-490,2025-12-07T18:40:00,M-002,DAV
T-1086,CU-563,3735.69,PEN,PE,web,D-563,2025-12-07T18:41:00,M-039,IBK
T-1508,CU-825,4366.60,USD,US,mobile,D-825,2025-12-07T18:54:00,M-032,BAC
T-5046,CU-155,2292.95,USD,ES,mobile,D-155,2025-12-07T19:01:00,M-009,BBVA
T-1116,CU-096,1634.77,USD,CO,web,D-096,2025-12-07T19:07:00,M-019,BOG
T-2824,CU-691,2287.92,USD,US,mobile,D-691,2025-12-07T19:11:00,M-003,WFC
T-4519,CU-915,3692.50,PEN,PE,web,D-915,2025-12-07T19:14:00,M-032,IBK
T-5612,CU-850,2455.54,USD,AR,mobile,D-850,2025-12-07T19:24:00,M-014,SAN
T-6135,CU-528,5454.88,USD,CL,web,D-528,2025-12-07T19:28:00,M-049,BCI
T-6860,CU-329,352.40,USD,US,web,D-329,2025-12-07T19:29:00,M-015,BAC
T-1787,CU-783,2608.76,USD,MX,web,D-783,2025-12-07T19:31:00,M-008,SAN
T-2500,CU-614,1001.59,PEN,PE,mobile,D-614,2025-12-07T19:35:00,M-036,BCP
T-6370,CU-885,1875.30,USD,US,web,D-885,2025-12-07T19:37:00,M-007,JPM
T-7450,CU-013,2983.19,PEN,PE,web,D-013,2025-12-07T19:41:00,M-027,BBVA
T-6741,CU-617,1437.88,USD,ES,web,D-617,2025-12-07T19:45:00,M-001,BBVA
T-1719,CU-339,1520.98,USD,MX,mobile,D-339,2025-12-07T19:47:00,M-041,SAN
T-6794,CU-098,1770.20,USD,ES,mobile,D-098,2025-12-07T19:48:00,M-015,CABK
T-2893,CU-197,1958.67,USD,CL,web,D-197,2025-12-07T20:12:00,M-044,SAN
T-1418,CU-687,1057.03,USD,AR,web,D-687,2025-12-07T20:19:00,M-050,GAL
T-4125,CU-510,2381.26,USD,AR,mobile,D-510,2025-12-07T20:29:00,M-041,SAN
T-4741,CU-510,2273.06,USD,AR,mobile,D-510,2025-12-07T20:42:00,M-044,SAN
T-3564,CU-302,736.99,USD,US,web,D-302,2025-12-07T20:44:00,M-042,WFC
T-4182,CU-494,1518.29,USD,CL,web,D-494,2025-12-07T20:51:00,M-040,SAN
T-1407,CU-888,5151.22,PEN,PE,mobile,D-888,2025-12-07T21:00:00,M-029,IBK
T-2979,CU-774,1602.15,USD,US,web,D-774,2025-12-07T21:04:00,M-026,WFC
T-6310,CU-643,3043.32,USD,ES,web,D-643,2025-12-07T21:32:00,M-008,BBVA
T-1468,CU-774,2149.10,USD,US,web,D-774,2025-12-07T21:40:00,M-037,WFC
T-6478,CU-473,2564.90,USD,CO,mobile,D-473,2025-12-07T21:42:00,M-049,BAN
T-6315,CU-390,3956.92,USD,MX,web,D-390,2025-12-07T21:44:00,M-028,BBVA
T-5961,CU-999,5042.53,USD,CO,mobile,D-999,2025-12-07T21:46:00,M-017,BAN
T-5847,CU-220,1799.52,USD,AR,mobile,D-220,2025-12-07T21:49:00,M-034,BNA
T-5426,CU-698,1239.45,USD,US,web,D-698,2025-12-07T21:51:00,M-035,WFC
T-2273,CU-350,1900.27,USD,AR,web,D-350,2025-12-07T22:05:00,M-004,GAL
T-1219,CU-612,1043.40,PEN,PE,web,D-612,2025-12-07T22:07:00,M-028,BCP
T-4540,CU-554,2241.48,USD,US,mobile,D-554,2025-12-07T22:09:00,M-028,BAC
T-3522,CU-358,5227.65,USD,MX,mobile,D-358,2025-12-07T22:10:00,M-011,BAN
T-4030,CU-540,1533.04,USD,MX,web,D-540,2025-12-07T22:22:00,M-046,BAN
T-6842,CU-486,526.72,USD,CL,mobile,D-486,2025-12-07T22:52:00,M-041,BCI
T-1899,CU-381,2587.83,USD,AR,mobile,D-381,2025-12-07T22:55:00,M-008,SAN
T-2679,CU-377,13043.31,USD,AR,web,D-377,2025-12-07T23:06:00,M-036,GAL
T-4025,CU-402,18904.86,USD,CO,mobile,D-402,2025-12-07T23:22:00,M-023,BAN
T-3223,CU-396,1748.70,USD,US,web,D-396,2025-12-08T06:00:00,M-999,JPM
T-1030,CU-820,7888.22,PEN,PE,web,D-820,2025-12-08T07:08:00,M-046,BCP
T-4022,CU-196,3592.96,USD,AR,web,D-196,2025-12-08T07:18:00,M-040,SAN
T-7625,CU-322,4784.03,USD,AR,web,D-322,2025-12-08T07:33:00,M-023,SAN
T-3529,CU-287,2483.46,USD,US,web,D-287,2025-12-08T07:38:00,M-027,WFC
T-1424,CU-676,2144.04,USD,AR,mobile,D-676,2025-12-08T07:46:00,M-033,BNA
T-5876,CU-252,769.59,USD,CO,web,D-252,2025-12-08T08:00:00,M-017,BAN
T-4172,CU-961,466.10,PEN,PE,mobile,D-961,2025-12-08T08:02:00,M-010,IBK
T-2498,CU-217,5062.27,USD,MX,mobile,D-217,2025-12-08T08:18:00,M-041,SAN
T-1874,CU-660,564.61,USD,US,web,D-660,2025-12-08T08:27:00,M-046,BAC
T-2666,CU-977,2529.63,USD,AR,mobile,D-977,2025-12-08T08:33:00,M-026,BNA
T-1144,CU-117,957.82,USD,US,mobile,D-117,2025-12-08T08:38:00,M-033,JPM
T-1769,CU-445,744.99,PEN,PE,mobile,D-445,2025-12-08T08:39:00,M-032,IBK
T-6529,CU-133,2967.68,USD,AR,web,D-133,2025-12-08T09:00:00,M-021,SAN
T-2276,CU-634,2331.68,USD,ES,mobile,D-634,2025-12-08T09:00:00,M-029,CABK
T-1149,CU-586,708.59,USD,MX,web,D-586,2025-12-08T09:08:00,M-007,BBVA
T-7873,CU-652,6000.62,USD,CO,web,D-652,2025-12-08T09:16:00,M-018,DAV
T-4002,CU-725,1299.05,USD,ES,web,D-725,2025-12-08T09:17:00,M-018,SAN
T-1556,CU-052,1547.29,USD,ES,web,D-052,2025-12-08T09:21:00,M-025,BBVA
T-6525,CU-459,3993.56,USD,MX,web,D-459,2025-12-08T09:26:00,M-042,BAN
T-2905,CU-225,1992.05,USD,MX,mobile,D-225,2025-12-08T09:27:00,M-043,BAN
T-4290,CU-248,864.48,USD,ES,web,D-248,2025-12-08T09:27:00,M-025,CABK
T-6485,CU-439,3781.66,USD,AR,web,D-439,2025-12-08T09:35:00,M-029,GAL
T-5881,CU-005,2065.86,USD,ES,web,D-005,2025-12-08T09:41:00,M-035,SAN
T-3442,CU-524,1898.61,USD,AR,web,D-524,2025-12-08T09:43:00,M-021,SAN
T-3494,CU-500,3374.60,USD,US,web,D-500,2025-12-08T09:49:00,M-036,WFC
T-6910,CU-419,3498.88,USD,CO,mobile,D-419,2025-12-08T09:55:00,M-041,BOG
T-4567,CU-580,602.24,USD,CL,mobile,D-580,2025-12-08T10:00:00,M-999,SAN
T-2240,CU-426,586.33,USD,CL,web,D-426,2025-12-08T10:00:00,M-032,BCI
T-7924,CU-225,1838.72,PEN,PE,mobile,D-225,2025-12-08T10:00:00,M-005,BAN
T-5999,CU-600,4462.16,PEN,PE,web,D-600,2025-12-08T10:00:00,M-048,JPM
T-7111,CU-186,2371.12,PEN,PE,mobile,D-186,2025-12-08T10:00:00,M-004,JPM
T-6600,CU-309,1330.00,USD,CO,mobile,D-309,2025-12-08T10:01:00,M-034,DAV
T-7039,CU-329,237.49,USD,US,web,D-329,2025-12-08T10:04:00,M-013,BAC
T-3197,CU-620,1512.19,USD,US,mobile,D-620,2025-12-08T10:05:00,M-037,BAC
T-1408,CU-053,2881.93,USD,CL,web,D-053,2025-12-08T10:11:00,M-046,SAN
T-5686,CU-992,2673.74,USD,MX,mobile,D-992,2025-12-08T10:24:00,M-007,BAN
T-1573,CU-276,3724.52,USD,CO,mobile,D-276,2025-12-08T10:26:00,M-047,BOG
T-4862,CU-742,5432.09,USD,CL,mobile,D-742,2025-12-08T10:43:00,M-029,BCH
T-6121,CU-129,260.73,USD,MX,mobile,D-129,2025-12-08T10:43:00,M-038,BAN
T-5849,CU-209,1330.70,USD,US,web,D-209,2025-12-08T10:44:00,M-004,WFC
T-4929,CU-465,1714.78,USD,AR,web,D-465,2025-12-08T10:45:00,M-006,SAN
T-3017,CU-616,2166.55,USD,US,mobile,D-616,2025-12-08T10:47:00,M-030,JPM
T-6911,CU-182,1798.25,USD,MX,web,D-182,2025-12-08T10:57:00,M-020,BAN
T-6530,CU-133,2967.68,USD,AR,web,D-133,2025-12-08T11:00:00,M-021,SAN
T-7743,CU-965,1197.31,USD,MX,mobile,D-965,2025-12-08T11:00:00,M-999,SAN
T-1262,CU-304,8201.02,USD,MX,mobile,D-304,2025-12-08T11:00:00,M-010,BBVA
T-5077,CU-864,82.03,USD,ES,mobile,D-864,2025-12-08T11:04:00,M-037,CABK
T-2521,CU-563,3696.71,PEN,PE,web,D-563,2025-12-08T11:07:00,M-038,IBK
T-6725,CU-566,4458.12,USD,CO,mobile,D-566,2025-12-08T11:12:00,M-030,BOG
T-7112,CU-186,2371.12,USD,ES,mobile,D-186,2025-12-08T11:30:00,M-032,JPM
T-6000,CU-600,4462.16,USD,ES,web,D-600,2025-12-08T11:30:00,M-039,JPM
T-7925,CU-225,1838.72,USD,ES,mobile,D-225,2025-12-08T11:30:00,M-033,BAN
T-6985,CU-608,2547.73,USD,AR,mobile,D-608,2025-12-08T11:31:00,M-020,GAL
T-3276,CU-030,2728.44,USD,MX,mobile,D-030,2025-12-08T11:36:00,M-026,BBVA
T-6715,CU-240,404.41,USD,ES,mobile,D-240,2025-12-08T11:38:00,M-013,CABK
T-5125,CU-179,3798.96,USD,CL,mobile,D-179,2025-12-08T11:39:00,M-003,SAN
T-7236,CU-474,502.95,USD,CL,web,D-474,2025-12-08T11:40:00,M-042,BCI
T-7240,CU-090,1625.49,PEN,PE,web,D-090,2025-12-08T11:43:00,M-043,BBVA
T-4084,CU-981,466.53,USD,ES,web,D-981,2025-12-08T11:43:00,M-019,SAN
T-7241,CU-802,4214.65,USD,US,web,D-802,2025-12-08T11:52:00,M-025,JPM
T-5193,CU-566,5929.22,USD,CO,mobile,D-566,2025-12-08T11:55:00,M-026,BOG
T-7179,CU-824,1703.34,USD,CO,web,D-824,2025-12-08T11:55:00,M-013,DAV
T-6922,CU-478,2047.97,USD,AR,web,D-478,2025-12-08T11:56:00,M-030,SAN
T-5556,CU-817,1363.18,USD,US,web,D-817,2025-12-08T11:57:00,M-005,BAC
T-3251,CU-384,1292.70,PEN,PE,web,D-384,2025-12-08T12:00:00,M-038,IBK
T-6281,CU-611,1167.43,USD,MX,web,D-611,2025-12-08T12:01:00,M-048,SAN
T-1137,CU-748,704.05,USD,MX,web,D-748,2025-12-08T12:01:00,M-020,BAN
T-2475,CU-958,338.02,USD,CO,web,D-958,2025-12-08T12:01:00,M-039,BAN
T-1138,CU-748,750.39,USD,MX,web,D-748,2025-12-08T12:02:00,M-020,BAN
T-2476,CU-958,438.03,USD,CO,web,D-958,2025-12-08T12:02:00,M-039,BAN
T-6282,CU-611,1260.26,USD,MX,web,D-611,2025-12-08T12:02:00,M-048,SAN
T-6283,CU-611,857.85,USD,MX,web,D-611,2025-12-08T12:03:00,M-048,SAN
T-1139,CU-748,634.43,USD,MX,web,D-748,2025-12-08T12:03:00,M-020,BAN
T-2477,CU-958,573.33,USD,CO,web,D-958,2025-12-08T12:03:00,M-039,BAN
T-1807,CU-382,2450.05,USD,US,web,D-382,2025-12-08T12:04:00,M-034,BAC
T-1140,CU-748,928.09,USD,MX,web,D-748,2025-12-08T12:04:00,M-020,BAN
T-2478,CU-958,232.42,USD,CO,web,D-958,2025-12-08T12:04:00,M-039,BAN
T-6284,CU-611,1314.54,USD,MX,web,D-611,2025-12-08T12:04:00,M-048,SAN
T-3710,CU-528,3295.78,USD,CL,web,D-528,2025-12-08T12:05:00,M-004,BCI
T-3398,CU-614,1011.46,PEN,PE,mobile,D-614,2025-12-08T12:06:00,M-033,BCP
T-2338,CU-361,3613.32,USD,CL,mobile,D-361,2025-12-08T12:15:00,M-032,SAN
T-4546,CU-937,1980.30,USD,CL,mobile,D-937,2025-12-08T12:17:00,M-036,SAN
T-1178,CU-960,3047.87,USD,CO,web,D-960,2025-12-08T12:29:00,M-049,BAN
T-3423,CU-791,4730.71,USD,ES,web,D-791,2025-12-08T12:36:00,M-034,SAN
T-4817,CU-421,3246.63,USD,US,mobile,D-421,2025-12-08T12:43:00,M-004,WFC
T-6936,CU-812,5397.26,USD,US,mobile,D-812,2025-12-08T12:49:00,M-005,BAC
T-2729,CU-071,548.74,USD,AR,web,D-071,2025-12-08T12:55:00,M-001,SAN
T-7146,CU-878,915.73,USD,CL,mobile,D-878,2025-12-08T12:55:00,M-027,BCI
T-6531,CU-133,2967.68,USD,AR,web,D-133,2025-12-08T13:00:00,M-021,SAN
T-1381,CU-801,3568.22,USD,MX,web,D-801,2025-12-08T13:00:00,M-015,BAN
T-7606,CU-037,2093.61,USD,ES,web,D-037,2025-12-08T13:04:00,M-005,SAN
T-3336,CU-231,2219.58,USD,AR,mobile,D-231,2025-12-08T13:11:00,M-015,GAL
T-2596,CU-128,3154.60,USD,ES,web,D-128,2025-12-08T13:14:00,M-013,BBVA
T-3219,CU-142,6129.88,USD,AR,web,D-142,2025-12-08T13:14:00,M-019,GAL
T-4466,CU-791,2768.22,USD,ES,web,D-791,2025-12-08T13:15:00,M-043,SAN
T-2076,CU-506,6344.54,PEN,PE,web,D-506,2025-12-08T13:17:00,M-016,BCP
T-2771,CU-705,6606.26,PEN,PE,web,D-705,2025-12-08T13:18:00,M-017,BCP
T-5756,CU-310,3682.43,USD,CO,mobile,D-310,2025-12-08T13:24:00,M-023,BAN
T-7397,CU-746,3470.35,USD,ES,mobile,D-746,2025-12-08T13:38:00,M-015,BBVA
T-4350,CU-938,1169.80,USD,MX,mobile,D-938,2025-12-08T13:38:00,M-022,SAN
T-6825,CU-131,168.77,USD,MX,mobile,D-131,2025-12-08T13:45:00,M-046,SAN
T-5163,CU-376,649.09,USD,ES,web,D-376,2025-12-08T13:47:00,M-048,CABK
T-1379,CU-434,1846.12,USD,US,web,D-434,2025-12-08T13:48:00,M-031,JPM
T-3235,CU-872,6495.21,USD,CL,mobile,D-872,2025-12-08T13:50:00,M-036,BCH
T-3866,CU-261,3051.19,USD,US,mobile,D-261,2025-12-08T13:52:00,M-030,WFC
T-3827,CU-708,4410.51,USD,CL,mobile,D-708,2025-12-08T13:56:00,M-049,SAN
T-6754,CU-765,0.50,USD,CO,web,D-999286,2025-12-08T14:00:00,M-048,BOG
T-1559,CU-378,1384.55,USD,MX,mobile,D-378,2025-12-08T14:01:00,M-048,BBVA
T-6755,CU-765,0.50,USD,CO,web,D-999286,2025-12-08T14:02:00,M-035,BOG
T-6756,CU-765,14514.20,USD,CO,web,D-999286,2025-12-08T14:06:00,M-028,BOG
T-1660,CU-038,5275.61,USD,CL,mobile,D-038,2025-12-08T14:14:00,M-018,BCH
T-1315,CU-115,2967.44,USD,US,web,D-115,2025-12-08T14:14:00,M-047,BAC
T-2195,CU-297,3038.68,USD,CO,web,D-297,2025-12-08T14:14:00,M-015,DAV
T-5423,CU-449,4656.87,USD,CO,web,D-449,2025-12-08T14:14:00,M-043,BAN
T-1737,CU-608,2576.58,USD,AR,mobile,D-608,2025-12-08T14:19:00,M-042,GAL
T-1541,CU-768,5353.69,PEN,PE,web,D-768,2025-12-08T14:27:00,M-027,BCP
T-5438,CU-550,866.56,PEN,PE,web,D-550,2025-12-08T14:30:00,M-015,BCP
T-2789,CU-934,3415.98,USD,MX,web,D-934,2025-12-08T14:31:00,M-033,SAN
T-5092,CU-064,4051.58,USD,CO,web,D-064,2025-12-08T14:34:00,M-021,BAN
T-7763,CU-442,612.07,USD,AR,mobile,D-442,2025-12-08T14:36:00,M-047,GAL
T-3273,CU-246,2250.90,USD,ES,web,D-246,2025-12-08T14:39:00,M-043,BBVA
T-6800,CU-924,2227.91,PEN,PE,mobile,D-924,2025-12-08T14:41:00,M-024,BCP
T-7559,CU-769,1355.25,USD,AR,mobile,D-769,2025-12-08T14:43:00,M-032,SAN
T-6308,CU-350,2917.48,USD,AR,web,D-350,2025-12-08T14:47:00,M-042,GAL
T-5402,CU-699,450.04,USD,US,web,D-699,2025-12-08T14:49:00,M-046,WFC
T-2481,CU-232,5465.81,USD,MX,web,D-232,2025-12-08T14:50:00,M-035,SAN
T-6414,CU-460,971.00,USD,US,mobile,D-460,2025-12-08T14:59:00,M-029,BAC
T-2599,CU-518,1853.65,USD,CL,web,D-518,2025-12-08T15:00:00,M-005,BCI
T-6838,CU-967,375.94,USD,CL,web,D-967,2025-12-08T15:06:00,M-043,SAN
T-6167,CU-357,3717.52,USD,MX,web,D-357,2025-12-08T15:06:00,M-050,BAN
T-1566,CU-112,1151.54,USD,CL,web,D-112,2025-12-08T15:10:00,M-016,SAN
T-5264,CU-678,816.81,USD,CO,mobile,D-678,2025-12-08T15:12:00,M-004,DAV
T-4155,CU-222,2682.65,USD,CL,web,D-222,2025-12-08T15:47:00,M-030,BCH
T-3796,CU-010,3807.86,USD,CO,web,D-010,2025-12-08T15:51:00,M-040,BOG
T-5341,CU-337,2768.70,USD,US,mobile,D-337,2025-12-08T15:53:00,M-015,BAC
T-5952,CU-747,1324.89,USD,AR,web,D-747,2025-12-08T15:53:00,M-013,GAL
T-1321,CU-051,93.76,USD,ES,web,D-051,2025-12-08T15:54:00,M-001,SAN
T-3495,CU-005,3987.69,USD,ES,web,D-005,2025-12-08T15:57:00,M-007,SAN
T-7393,CU-929,2366.77,USD,MX,mobile,D-929,2025-12-08T15:59:00,M-042,BBVA
T-6038,CU-462,4812.85,USD,US,web,D-462,2025-12-08T16:07:00,M-003,JPM
T-4253,CU-118,1323.90,USD,AR,mobile,D-118,2025-12-08T16:08:00,M-006,BNA
T-5926,CU-627,3565.69,USD,US,web,D-627,2025-12-08T16:09:00,M-013,WFC
T-4543,CU-638,4917.83,USD,CO,web,D-638,2025-12-08T16:14:00,M-041,BOG
T-7336,CU-968,687.55,USD,MX,mobile,D-968,2025-12-08T16:16:00,M-026,BBVA
T-4775,CU-899,2910.97,USD,CO,mobile,D-899,2025-12-08T16:22:00,M-007,BAN
T-5022,CU-832,3498.04,USD,US,web,D-832,2025-12-08T16:23:00,M-041,BAC
T-2471,CU-814,1430.81,USD,US,web,D-814,2025-12-08T16:24:00,M-015,WFC
T-2024,CU-015,627.07,USD,AR,mobile,D-015,2025-12-08T16:30:00,M-048,BNA
T-2261,CU-761,373.56,PEN,PE,web,D-761,2025-12-08T16:32:00,M-010,BBVA
T-7061,CU-081,2903.87,PEN,PE,web,D-081,2025-12-08T16:48:00,M-043,IBK
T-1047,CU-795,1809.89,USD,ES,mobile,D-795,2025-12-08T16:50:00,M-018,CABK
T-6198,CU-455,362.89,USD,US,mobile,D-455,2025-12-08T16:53:00,M-032,WFC
T-5586,CU-486,1353.85,USD,CL,mobile,D-486,2025-12-08T16:57:00,M-035,BCI
T-5190,CU-679,1712.29,USD,US,web,D-679,2025-12-08T16:58:00,M-021,WFC
T-5857,CU-221,3524.34,USD,US,mobile,D-221,2025-12-08T16:58:00,M-036,WFC
T-4912,CU-470,13529.42,USD,US,mobile,D-470,2025-12-08T17:00:00,M-028,JPM
T-5203,CU-730,1076.84,USD,CO,mobile,D-730,2025-12-08T17:01:00,M-041,BAN
T-4471,CU-234,527.26,USD,MX,web,D-234,2025-12-08T17:01:00,M-018,BBVA
T-2363,CU-843,2440.57,USD,ES,web,D-843,2025-12-08T17:04:00,M-012,CABK
T-2022,CU-046,2691.47,USD,MX,mobile,D-046,2025-12-08T17:07:00,M-010,BBVA
T-6678,CU-371,1817.56,USD,AR,mobile,D-371,2025-12-08T17:21:00,M-038,BNA
T-7216,CU-881,416.02,USD,AR,mobile,D-881,2025-12-08T17:22:00,M-023,GAL
T-1175,CU-726,99.27,USD,ES,web,D-726,2025-12-08T17:22:00,M-038,CABK
T-4017,CU-597,262.78,PEN,PE,mobile,D-597,2025-12-08T17:23:00,M-011,BBVA
T-7090,CU-154,1727.57,PEN,PE,web,D-154,2025-12-08T17:24:00,M-020,BBVA
T-3559,CU-555,801.79,USD,MX,web,D-555,2025-12-08T17:25:00,M-032,BBVA
T-6918,CU-030,3550.78,USD,MX,mobile,D-030,2025-12-08T17:25:00,M-017,BBVA
T-5716,CU-409,4777.86,PEN,PE,web,D-409,2025-12-08T17:29:00,M-026,IBK
T-3567,CU-852,1161.03,USD,AR,mobile,D-852,2025-12-08T17:29:00,M-008,SAN
T-7905,CU-996,724.41,USD,AR,web,D-996,2025-12-08T17:29:00,M-012,SAN
T-3501,CU-248,486.23,USD,ES,web,D-248,2025-12-08T17:31:00,M-030,CABK
T-7852,CU-132,554.51,PEN,PE,mobile,D-132,2025-12-08T17:31:00,M-036,BCP
T-7563,CU-917,2463.43,USD,CO,mobile,D-917,2025-12-08T17:38:00,M-011,DAV
T-5353,CU-563,2664.09,PEN,PE,web,D-563,2025-12-08T17:45:00,M-037,IBK
T-2230,CU-868,1650.27,USD,CL,web,D-868,2025-12-08T17:50:00,M-017,BCH
T-6856,CU-168,3870.27,USD,CL,mobile,D-168,2025-12-08T17:50:00,M-017,BCI
T-4412,CU-706,4016.76,USD,MX,web,D-706,2025-12-08T17:52:00,M-038,SAN
T-1308,CU-159,2687.20,USD,ES,web,D-159,2025-12-08T17:55:00,M-037,SAN
T-4196,CU-617,2891.00,USD,ES,mobile,D-617,2025-12-08T18:00:00,M-034,BBVA
T-3295,CU-379,5410.66,USD,AR,mobile,D-379,2025-12-08T18:01:00,M-029,BNA
T-3606,CU-348,296.42,USD,US,web,D-348,2025-12-08T18:04:00,M-011,JPM
T-5076,CU-708,3466.37,USD,CL,mobile,D-708,2025-12-08T18:05:00,M-016,SAN
T-1291,CU-707,4069.09,USD,AR,mobile,D-707,2025-12-08T18:05:00,M-020,GAL
T-5149,CU-846,213.48,USD,US,mobile,D-846,2025-12-08T18:06:00,M-013,BAC
T-2394,CU-441,2593.25,USD,ES,web,D-441,2025-12-08T18:06:00,M-049,SAN
T-3448,CU-983,1725.64,USD,MX,web,D-983,2025-12-08T18:16:00,M-030,BBVA
T-4582,CU-468,1884.46,USD,AR,mobile,D-468,2025-12-08T18:32:00,M-028,SAN
T-4527,CU-042,3649.66,USD,US,mobile,D-042,2025-12-08T18:33:00,M-041,JPM
T-6556,CU-156,562.29,USD,ES,web,D-156,2025-12-08T18:37:00,M-026,CABK
T-1514,CU-606,2721.35,USD,ES,web,D-606,2025-12-08T18:38:00,M-008,BBVA
T-1249,CU-277,2670.68,USD,AR,mobile,D-277,2025-12-08T18:46:00,M-021,SAN
T-4599,CU-199,2372.80,USD,CL,mobile,D-199,2025-12-08T18:48:00,M-013,BCI
T-4316,CU-599,705.37,USD,US,mobile,D-599,2025-12-08T18:54:00,M-004,BAC
T-3468,CU-337,2240.21,USD,US,mobile,D-337,2025-12-08T18:58:00,M-026,BAC
T-1295,CU-789,3758.96,USD,US,web,D-789,2025-12-08T18:59:00,M-023,WFC
T-5699,CU-365,4148.08,USD,US,web,D-365,2025-12-08T19:20:00,M-030,WFC
T-2150,CU-836,5322.55,PEN,PE,mobile,D-836,2025-12-08T19:21:00,M-042,IBK
T-3797,CU-381,832.45,USD,AR,mobile,D-381,2025-12-08T19:28:00,M-010,SAN
T-7126,CU-285,1512.96,USD,CO,web,D-285,2025-12-08T19:29:00,M-022,DAV
T-7637,CU-971,2682.81,USD,AR,mobile,D-971,2025-12-08T19:30:00,M-006,SAN
T-4994,CU-379,5246.32,USD,AR,mobile,D-379,2025-12-08T19:31:00,M-029,BNA
T-3760,CU-001,2619.74,USD,MX,web,D-001,2025-12-08T19:41:00,M-026,BBVA
T-1644,CU-881,1004.38,USD,AR,mobile,D-881,2025-12-08T19:41:00,M-012,GAL
T-7805,CU-205,949.08,PEN,PE,web,D-205,2025-12-08T19:42:00,M-018,IBK
T-5780,CU-429,2567.15,USD,CL,mobile,D-429,2025-12-08T19:46:00,M-033,BCI
T-5530,CU-228,2551.80,USD,US,web,D-228,2025-12-08T19:48:00,M-025,JPM
T-1184,CU-088,3614.39,USD,ES,web,D-088,2025-12-08T19:54:00,M-037,SAN
T-3693,CU-902,3624.81,USD,CO,web,D-902,2025-12-08T20:02:00,M-040,DAV
T-6584,CU-210,3302.07,USD,ES,web,D-210,2025-12-08T20:21:00,M-005,SAN
T-7488,CU-653,4916.51,USD,AR,web,D-653,2025-12-08T20:22:00,M-018,GAL
T-2012,CU-145,2807.74,USD,MX,mobile,D-145,2025-12-08T20:22:00,M-046,BBVA
T-3997,CU-219,3860.74,USD,CL,web,D-219,2025-12-08T20:32:00,M-012,SAN
T-6461,CU-225,2335.52,USD,MX,mobile,D-225,2025-12-08T20:40:00,M-042,BAN
T-7054,CU-438,2167.71,PEN,PE,mobile,D-438,2025-12-08T20:42:00,M-024,BCP
T-6087,CU-212,6297.55,USD,CL,mobile,D-212,2025-12-08T20:50:00,M-050,BCI
T-5624,CU-167,2892.97,USD,AR,mobile,D-167,2025-12-08T20:52:00,M-039,BNA
T-4678,CU-001,2364.43,USD,MX,web,D-001,2025-12-08T20:54:00,M-026,BBVA
T-2950,CU-401,3448.03,USD,CO,mobile,D-401,2025-12-08T20:55:00,M-017,BAN
T-2163,CU-288,4665.55,USD,US,mobile,D-288,2025-12-08T21:25:00,M-030,BAC
T-7437,CU-152,688.03,USD,MX,web,D-152,2025-12-08T21:43:00,M-048,BBVA
T-2700,CU-376,2145.03,USD,ES,web,D-376,2025-12-08T22:11:00,M-006,CABK
T-5905,CU-335,1126.91,USD,ES,web,D-335,2025-12-08T22:18:00,M-047,SAN
T-6256,CU-294,2060.50,USD,CL,web,D-294,2025-12-08T22:29:00,M-047,SAN
T-4631,CU-583,1929.74,USD,AR,web,D-583,2025-12-08T22:40:00,M-042,BNA
T-1520,CU-579,2975.72,USD,US,web,D-579,2025-12-08T22:42:00,M-046,BAC
T-5787,CU-623,2568.57,USD,AR,mobile,D-623,2025-12-08T22:53:00,M-022,SAN
T-3385,CU-243,19740.19,PEN,PE,mobile,D-243,2025-12-09T05:24:00,M-017,IBK
T-4129,CU-521,325.66,USD,CL,mobile,D-521,2025-12-09T06:02:00,M-030,SAN
T-3632,CU-214,517.01,USD,AR,mobile,D-214,2025-12-09T06:02:00,M-002,BNA
T-3704,CU-926,5738.01,PEN,PE,web,D-926,2025-12-09T06:27:00,M-007,BCP
T-7654,CU-757,1810.42,USD,AR,mobile,D-757,2025-12-09T07:13:00,M-027,SAN
T-2269,CU-536,3741.87,USD,ES,web,D-536,2025-12-09T07:18:00,M-002,SAN
T-1354,CU-324,3319.57,PEN,PE,mobile,D-324,2025-12-09T07:29:00,M-045,IBK
T-6691,CU-645,346.31,PEN,PE,web,D-645,2025-12-09T07:33:00,M-044,BCP
T-4577,CU-085,2224.42,USD,AR,mobile,D-085,2025-12-09T07:33:00,M-050,SAN
T-2436,CU-065,4337.54,USD,CL,web,D-065,2025-12-09T07:54:00,M-045,SAN
T-7225,CU-730,592.67,USD,CO,mobile,D-730,2025-12-09T07:55:00,M-036,BAN
T-4682,CU-169,2213.66,USD,US,mobile,D-169,2025-12-09T08:00:00,M-045,BAC
T-4807,CU-975,3907.43,USD,CL,web,D-975,2025-12-09T08:05:00,M-020,SAN
T-3079,CU-449,2527.24,USD,CO,web,D-449,2025-12-09T08:27:00,M-014,BAN
T-4042,CU-284,4262.60,USD,CL,web,D-284,2025-12-09T08:35:00,M-039,BCH
T-6329,CU-912,4130.31,USD,CL,web,D-912,2025-12-09T08:56:00,M-023,BCH
T-5906,CU-818,129.30,USD,AR,mobile,D-818,2025-12-09T08:59:00,M-023,BNA
T-2051,CU-103,8025.48,USD,CL,mobile,D-103,2025-12-09T09:00:00,M-040,BCI
T-5781,CU-098,777.26,USD,ES,mobile,D-098,2025-12-09T09:00:00,M-040,CABK
T-3855,CU-160,2961.94,USD,AR,mobile,D-160,2025-12-09T09:00:00,M-043,SAN
T-6935,CU-820,2089.97,PEN,PE,web,D-820,2025-12-09T09:02:00,M-004,BCP
T-7023,CU-259,2263.20,USD,US,mobile,D-259,2025-12-09T09:19:00,M-040,JPM
T-5792,CU-213,2940.39,PEN,PE,mobile,D-213,2025-12-09T09:22:00,M-038,IBK
T-7591,CU-428,823.03,USD,MX,mobile,D-428,2025-12-09T09:34:00,M-001,BBVA
T-1447,CU-889,2798.45,PEN,PE,mobile,D-889,2025-12-09T09:35:00,M-027,BBVA
T-4326,CU-391,3321.68,PEN,PE,mobile,D-391,2025-12-09T09:36:00,M-017,IBK
T-4053,CU-699,415.16,USD,US,web,D-699,2025-12-09T09:44:00,M-045,WFC
T-4435,CU-365,2193.57,USD,US,web,D-365,2025-12-09T09:45:00,M-046,WFC
T-7711,CU-771,5719.24,PEN,PE,mobile,D-771,2025-12-09T09:55:00,M-006,IBK
T-3633,CU-388,4353.08,USD,US,web,D-388,2025-12-09T09:56:00,M-040,BAC
T-5266,CU-372,1106.47,PEN,PE,mobile,D-372,2025-12-09T10:00:00,M-036,BAN
T-4313,CU-744,2862.49,USD,MX,web,D-744,2025-12-09T10:00:00,M-049,BAN
T-7605,CU-852,1489.03,USD,AR,mobile,D-852,2025-12-09T10:07:00,M-007,SAN
T-3911,CU-004,615.22,USD,CL,mobile,D-004,2025-12-09T10:08:00,M-018,BCI
T-2875,CU-160,1592.65,USD,AR,mobile,D-160,2025-12-09T10:13:00,M-013,SAN
T-7956,CU-958,978.16,USD,CO,web,D-958,2025-12-09T10:15:00,M-038,BAN
T-7630,CU-500,3493.98,USD,US,web,D-500,2025-12-09T10:17:00,M-036,WFC
T-2341,CU-487,1853.95,USD,CO,web,D-487,2025-12-09T10:21:00,M-029,BAN
T-3734,CU-011,449.65,USD,ES,web,D-011,2025-12-09T10:23:00,M-049,CABK
T-7078,CU-443,2016.62,USD,ES,web,D-443,2025-12-09T10:24:00,M-044,CABK
T-1583,CU-355,4358.08,USD,CL,mobile,D-355,2025-12-09T10:25:00,M-012,BCI
T-5991,CU-487,1290.63,USD,CO,web,D-487,2025-12-09T10:38:00,M-014,BAN
T-1723,CU-430,823.96,USD,CO,mobile,D-430,2025-12-09T10:39:00,M-045,BOG
T-3884,CU-165,3285.98,USD,CO,web,D-165,2025-12-09T10:44:00,M-013,BAN
T-1019,CU-723,2485.04,USD,US,web,D-723,2025-12-09T10:44:00,M-033,JPM
T-2052,CU-103,8025.48,USD,CL,mobile,D-103,2025-12-09T11:00:00,M-040,BCI
T-3856,CU-160,2961.94,USD,AR,mobile,D-160,2025-12-09T11:00:00,M-043,SAN
T-5651,CU-908,4598.52,USD,CL,mobile,D-908,2025-12-09T11:07:00,M-025,SAN
T-4379,CU-060,468.26,USD,AR,mobile,D-060,2025-12-09T11:09:00,M-037,GAL
T-3161,CU-461,2369.42,USD,CO,mobile,D-461,2025-12-09T11:09:00,M-042,BOG
T-3054,CU-831,231.10,USD,US,web,D-831,2025-12-09T11:12:00,M-009,JPM
T-6995,CU-066,1131.71,USD,AR,web,D-066,2025-12-09T11:13:00,M-010,SAN
T-5331,CU-918,4597.62,PEN,PE,web,D-918,2025-12-09T11:14:00,M-048,BCP
T-6570,CU-886,1703.50,USD,AR,mobile,D-886,2025-12-09T11:26:00,M-020,BNA
T-3218,CU-220,1030.46,USD,AR,mobile,D-220,2025-12-09T11:28:00,M-004,BNA
T-2840,CU-576,150.80,USD,CL,web,D-576,2025-12-09T11:29:00,M-017,BCI
T-5267,CU-372,1106.47,USD,ES,mobile,D-372,2025-12-09T11:30:00,M-049,BAN
T-5696,CU-415,1240.60,USD,CO,web,D-415,2025-12-09T11:35:00,M-037,DAV
T-2584,CU-018,738.32,USD,ES,mobile,D-018,2025-12-09T11:35:00,M-029,BBVA
T-7675,CU-628,1944.31,USD,MX,web,D-628,2025-12-09T11:41:00,M-040,BAN
T-4904,CU-358,4259.28,USD,MX,mobile,D-358,2025-12-09T11:43:00,M-032,BAN
T-1759,CU-947,3805.04,USD,ES,mobile,D-947,2025-12-09T11:48:00,M-010,SAN
T-5183,CU-269,1227.60,USD,ES,mobile,D-269,2025-12-09T11:51:00,M-031,BBVA
T-5188,CU-260,598.03,USD,CO,mobile,D-260,2025-12-09T11:52:00,M-035,BAN
T-5436,CU-346,3356.06,USD,US,mobile,D-346,2025-12-09T11:53:00,M-047,WFC
T-1825,CU-875,702.19,USD,ES,mobile,D-875,2025-12-09T12:00:00,M-012,SAN
T-1678,CU-840,85.97,USD,MX,web,D-840,2025-12-09T12:00:00,M-013,BBVA
T-1707,CU-859,216.84,USD,CO,mobile,D-859,2025-12-09T12:01:00,M-038,DAV
T-4554,CU-741,395.50,PEN,PE,web,D-741,2025-12-09T12:01:00,M-045,BCP
T-4555,CU-741,776.16,PEN,PE,web,D-741,2025-12-09T12:02:00,M-045,BCP
T-1708,CU-859,644.42,USD,CO,mobile,D-859,2025-12-09T12:02:00,M-038,DAV
T-1709,CU-859,276.53,USD,CO,mobile,D-859,2025-12-09T12:03:00,M-038,DAV
T-4556,CU-741,1063.84,PEN,PE,web,D-741,2025-12-09T12:03:00,M-045,BCP
T-2065,CU-145,5641.75,USD,MX,mobile,D-145,2025-12-09T12:04:00,M-020,BBVA
T-1710,CU-859,338.60,USD,CO,mobile,D-859,2025-12-09T12:04:00,M-038,DAV
T-4557,CU-741,483.80,PEN,PE,web,D-741,2025-12-09T12:04:00,M-045,BCP
T-4504,CU-685,215.48,USD,CL,web,D-685,2025-12-09T12:06:00,M-007,BCI
T-5156,CU-894,1243.31,USD,US,web,D-894,2025-12-09T12:19:00,M-045,WFC
T-4151,CU-849,1610.73,USD,CL,mobile,D-849,2025-12-09T12:44:00,M-047,BCH
T-3424,CU-656,1609.60,USD,AR,web,D-656,2025-12-09T12:46:00,M-032,BNA
T-5708,CU-066,823.18,USD,AR,web,D-066,2025-12-09T12:47:00,M-039,SAN
T-3818,CU-575,2618.59,USD,MX,mobile,D-575,2025-12-09T12:49:00,M-044,BAN
T-7855,CU-187,1778.50,USD,ES,web,D-187,2025-12-09T12:54:00,M-023,CABK
T-3857,CU-160,2961.94,USD,AR,mobile,D-160,2025-12-09T13:00:00,M-043,SAN
T-7555,CU-922,3689.41,USD,MX,mobile,D-922,2025-12-09T13:00:00,M-001,BBVA
T-2053,CU-103,8025.48,USD,CL,mobile,D-103,2025-12-09T13:00:00,M-040,BCI
T-1816,CU-104,1400.77,PEN,PE,web,D-104,2025-12-09T13:11:00,M-014,BBVA
T-7629,CU-835,1357.72,USD,CL,mobile,D-835,2025-12-09T13:12:00,M-004,BCI
T-3324,CU-001,2818.25,USD,MX,web,D-001,2025-12-09T13:14:00,M-031,BBVA
T-4832,CU-269,1727.69,USD,ES,mobile,D-269,2025-12-09T13:17:00,M-033,BBVA
T-5236,CU-273,268.06,USD,CO,mobile,D-273,2025-12-09T13:19:00,M-050,BAN
T-3990,CU-940,2358.55,USD,CL,mobile,D-940,2025-12-09T13:21:00,M-024,BCI
T-6545,CU-280,3751.96,USD,MX,web,D-280,2025-12-09T13:24:00,M-029,BAN
T-7524,CU-875,830.13,USD,ES,mobile,D-875,2025-12-09T13:24:00,M-050,SAN
T-5471,CU-928,1367.90,USD,CL,mobile,D-928,2025-12-09T13:25:00,M-002,BCH
T-5930,CU-259,2146.51,USD,US,mobile,D-259,2025-12-09T13:26:00,M-032,JPM
T-4585,CU-767,6049.65,USD,MX,web,D-767,2025-12-09T13:26:00,M-049,BBVA
T-5879,CU-426,214.78,USD,CL,web,D-426,2025-12-09T13:32:00,M-043,BCI
T-4690,CU-745,1713.25,USD,ES,mobile,D-745,2025-12-09T13:34:00,M-034,SAN
T-7811,CU-083,2159.54,USD,CL,mobile,D-083,2025-12-09T13:35:00,M-048,SAN
T-4641,CU-452,2284.39,USD,CO,mobile,D-452,2025-12-09T13:44:00,M-017,BOG
T-1051,CU-019,6001.95,USD,CO,web,D-019,2025-12-09T13:47:00,M-036,BAN
T-7989,CU-284,5964.04,USD,CL,web,D-284,2025-12-09T13:53:00,M-023,BCH
T-3921,CU-612,1133.40,PEN,PE,web,D-612,2025-12-09T13:54:00,M-017,BCP
T-5487,CU-293,6512.89,USD,CL,web,D-293,2025-12-09T13:59:00,M-007,BCH
T-2755,CU-133,0.50,USD,AR,web,D-999465,2025-12-09T14:00:00,M-018,SAN
T-3851,CU-059,0.50,USD,CL,web,D-999423,2025-12-09T14:00:00,M-039,BCI
T-3356,CU-485,0.50,USD,ES,web,D-999987,2025-12-09T14:00:00,M-035,SAN
T-3438,CU-649,0.50,USD,MX,web,D-999404,2025-12-09T14:00:00,M-019,BBVA
T-4092,CU-690,6426.06,PEN,PE,web,D-690,2025-12-09T14:00:00,M-001,BCP
T-3439,CU-649,0.50,USD,MX,web,D-999404,2025-12-09T14:02:00,M-017,BBVA
T-3357,CU-485,0.50,USD,ES,web,D-999987,2025-12-09T14:02:00,M-010,SAN
T-3852,CU-059,0.50,USD,CL,web,D-999423,2025-12-09T14:02:00,M-017,BCI
T-2756,CU-133,0.50,USD,AR,web,D-999465,2025-12-09T14:02:00,M-022,SAN
T-4712,CU-797,1918.82,PEN,PE,mobile,D-797,2025-12-09T14:06:00,M-013,IBK
T-3358,CU-485,5794.68,USD,ES,web,D-999987,2025-12-09T14:06:00,M-017,SAN
T-2757,CU-133,6029.88,USD,AR,web,D-999465,2025-12-09T14:06:00,M-008,SAN
T-3853,CU-059,14030.04,USD,CL,web,D-999423,2025-12-09T14:06:00,M-011,BCI
T-3440,CU-649,5868.56,USD,MX,web,D-999404,2025-12-09T14:06:00,M-048,BBVA
T-5825,CU-667,3145.02,USD,CO,mobile,D-667,2025-12-09T14:17:00,M-044,BOG
T-5244,CU-325,5314.26,PEN,PE,mobile,D-325,2025-12-09T14:17:00,M-038,BCP
T-1461,CU-750,78.11,USD,CL,mobile,D-750,2025-12-09T14:21:00,M-032,BCH
T-7286,CU-273,155.57,USD,RU,mobile,D-999326,2025-12-09T14:26:00,M-046,BAN
T-2867,CU-657,891.50,USD,AR,web,D-657,2025-12-09T14:27:00,M-031,GAL
T-4710,CU-512,715.62,USD,AR,mobile,D-512,2025-12-09T14:29:00,M-004,SAN
T-4534,CU-239,2179.97,PEN,PE,web,D-239,2025-12-09T14:34:00,M-045,BCP
T-1627,CU-228,3798.53,USD,US,web,D-228,2025-12-09T14:37:00,M-029,JPM
T-7282,CU-807,361.39,USD,MX,mobile,D-807,2025-12-09T14:42:00,M-038,BBVA
T-1479,CU-540,2241.22,USD,MX,web,D-540,2025-12-09T14:46:00,M-014,BAN
T-2995,CU-830,2670.14,USD,US,mobile,D-830,2025-12-09T14:55:00,M-001,BAC
T-4909,CU-257,989.66,USD,AR,web,D-257,2025-12-09T14:58:00,M-030,SAN
T-3062,CU-893,3408.83,PEN,PE,mobile,D-893,2025-12-09T15:00:00,M-008,IBK
T-3080,CU-380,5865.77,USD,CO,web,D-380,2025-12-09T15:05:00,M-033,DAV
T-2448,CU-841,1077.52,USD,AR,web,D-841,2025-12-09T15:07:00,M-044,GAL
T-7270,CU-715,1446.64,USD,CO,web,D-715,2025-12-09T15:10:00,M-031,BAN
T-4930,CU-905,697.45,USD,CL,web,D-905,2025-12-09T15:13:00,M-027,BCI
T-3912,CU-768,6464.12,PEN,PE,web,D-768,2025-12-09T15:15:00,M-004,BCP
T-5868,CU-818,132.91,USD,AR,mobile,D-818,2025-12-09T15:19:00,M-001,BNA
T-1831,CU-172,870.81,USD,MX,web,D-172,2025-12-09T15:20:00,M-016,BAN
T-4518,CU-852,940.67,USD,AR,mobile,D-852,2025-12-09T15:23:00,M-042,SAN
T-6449,CU-018,850.24,USD,ES,mobile,D-018,2025-12-09T15:31:00,M-014,BBVA
T-6352,CU-748,3317.13,USD,MX,web,D-748,2025-12-09T15:44:00,M-017,BAN
T-5308,CU-124,3917.24,PEN,PE,web,D-124,2025-12-09T15:47:00,M-048,BCP
T-7511,CU-423,3201.21,USD,AR,web,D-423,2025-12-09T15:51:00,M-015,GAL
T-4700,CU-933,1379.60,USD,US,mobile,D-933,2025-12-09T15:55:00,M-012,JPM
T-1441,CU-272,734.01,USD,MX,mobile,D-272,2025-12-09T15:58:00,M-009,BBVA
T-3607,CU-554,1985.50,USD,US,mobile,D-554,2025-12-09T16:00:00,M-044,BAC
T-7238,CU-257,959.79,USD,AR,web,D-257,2025-12-09T16:00:00,M-999,SAN
T-1942,CU-557,1249.37,USD,CO,mobile,D-557,2025-12-09T16:00:00,M-999,BAN
T-6160,CU-748,3034.39,USD,MX,web,D-748,2025-12-09T16:04:00,M-045,BAN
T-5165,CU-850,1677.66,USD,AR,mobile,D-850,2025-12-09T16:08:00,M-001,SAN
T-1557,CU-450,1605.67,PEN,PE,web,D-450,2025-12-09T16:12:00,M-006,BCP
T-3345,CU-341,846.97,USD,US,web,D-341,2025-12-09T16:23:00,M-031,BAC
T-2368,CU-191,460.27,USD,CL,web,D-191,2025-12-09T16:25:00,M-021,SAN
T-3171,CU-610,2993.79,USD,ES,mobile,D-610,2025-12-09T16:26:00,M-028,CABK
T-6042,CU-624,4112.70,PEN,PE,mobile,D-624,2025-12-09T16:31:00,M-021,BBVA
T-5202,CU-576,88.64,USD,CL,web,D-576,2025-12-09T16:37:00,M-002,BCI
T-5516,CU-648,4232.37,USD,ES,mobile,D-648,2025-12-09T16:41:00,M-008,CABK
T-6143,CU-021,5420.24,USD,CO,web,D-021,2025-12-09T16:44:00,M-044,BOG
T-3166,CU-144,5507.31,USD,AR,mobile,D-144,2025-12-09T16:44:00,M-029,BNA
T-2737,CU-176,2204.14,USD,AR,mobile,D-176,2025-12-09T16:48:00,M-030,SAN
T-5798,CU-370,4337.45,PEN,PE,mobile,D-370,2025-12-09T16:49:00,M-007,BCP
T-6826,CU-194,2142.03,USD,US,web,D-194,2025-12-09T16:57:00,M-015,JPM
T-6491,CU-123,725.72,USD,CO,web,D-123,2025-12-09T17:05:00,M-024,BAN
T-3519,CU-875,494.38,USD,ES,mobile,D-875,2025-12-09T17:18:00,M-020,SAN
T-4769,CU-284,3067.10,USD,CL,web,D-284,2025-12-09T17:23:00,M-004,BCH
T-5751,CU-734,4388.58,USD,MX,web,D-734,2025-12-09T17:28:00,M-034,BBVA
T-4579,CU-365,4021.41,USD,US,web,D-365,2025-12-09T17:30:00,M-002,WFC
T-6217,CU-174,925.24,PEN,PE,web,D-174,2025-12-09T17:30:00,M-002,IBK
T-1243,CU-502,543.12,USD,US,mobile,D-502,2025-12-09T17:33:00,M-017,JPM
T-7854,CU-245,2848.43,USD,AR,web,D-245,2025-12-09T17:34:00,M-009,SAN
T-1687,CU-249,3735.11,PEN,PE,web,D-249,2025-12-09T17:35:00,M-047,IBK
T-2787,CU-210,4560.00,USD,ES,web,D-210,2025-12-09T17:39:00,M-025,SAN
T-4152,CU-333,1927.23,USD,CL,web,D-333,2025-12-09T17:39:00,M-048,BCH
T-2407,CU-340,1790.30,USD,CL,web,D-340,2025-12-09T17:40:00,M-048,BCH
T-3024,CU-244,3909.41,USD,US,mobile,D-244,2025-12-09T17:44:00,M-003,BAC
T-2384,CU-938,1940.35,USD,MX,mobile,D-938,2025-12-09T17:46:00,M-017,SAN
T-7785,CU-531,4913.03,USD,CL,web,D-531,2025-12-09T17:50:00,M-011,BCI
T-4286,CU-117,979.90,USD,US,mobile,D-117,2025-12-09T17:53:00,M-031,JPM
T-3159,CU-481,4047.68,PEN,PE,mobile,D-481,2025-12-09T17:55:00,M-031,IBK
T-6437,CU-911,6194.43,PEN,PE,web,D-911,2025-12-09T17:56:00,M-029,BBVA
T-1698,CU-296,2047.41,USD,CL,mobile,D-296,2025-12-09T17:58:00,M-013,BCI
T-4508,CU-465,1478.39,USD,AR,web,D-465,2025-12-09T18:01:00,M-043,SAN
T-4876,CU-207,3630.51,USD,AR,mobile,D-207,2025-12-09T18:04:00,M-019,GAL
T-4355,CU-278,1016.54,USD,ES,web,D-278,2025-12-09T18:10:00,M-004,SAN
T-6259,CU-577,404.14,USD,US,web,D-577,2025-12-09T18:22:00,M-040,JPM
T-4011,CU-119,1455.92,USD,CO,mobile,D-119,2025-12-09T18:25:00,M-049,BOG
T-3186,CU-617,889.19,USD,ES,web,D-617,2025-12-09T18:33:00,M-028,BBVA
T-7298,CU-105,2838.56,USD,MX,mobile,D-105,2025-12-09T18:36:00,M-042,BBVA
T-7190,CU-951,2718.01,USD,RU,mobile,D-999965,2025-12-09T18:40:00,M-007,BOG
T-4333,CU-388,4416.28,USD,US,web,D-388,2025-12-09T18:43:00,M-026,BAC
T-6490,CU-533,2350.47,USD,CL,web,D-533,2025-12-09T18:53:00,M-027,BCI
T-1322,CU-858,863.32,USD,MX,mobile,D-858,2025-12-09T18:59:00,M-044,BBVA
T-4737,CU-553,5062.48,PEN,PE,mobile,D-553,2025-12-09T19:00:00,M-045,IBK
T-5019,CU-667,11724.74,USD,CO,web,D-667,2025-12-09T19:00:00,M-008,BOG
T-5020,CU-341,814.13,USD,US,web,D-341,2025-12-09T19:12:00,M-018,BAC
T-6131,CU-070,6120.79,USD,CO,web,D-070,2025-12-09T19:14:00,M-001,DAV
T-4351,CU-664,2988.17,USD,ES,web,D-664,2025-12-09T19:18:00,M-041,CABK
T-1078,CU-303,1222.62,PEN,PE,web,D-303,2025-12-09T19:23:00,M-015,IBK
T-6758,CU-319,1685.59,USD,AR,mobile,D-319,2025-12-09T19:24:00,M-050,GAL
T-1449,CU-301,2468.75,PEN,PE,web,D-301,2025-12-09T19:29:00,M-020,BBVA
T-1303,CU-318,690.72,USD,CO,web,D-318,2025-12-09T19:35:00,M-029,BOG
T-4369,CU-855,1451.81,USD,AR,mobile,D-855,2025-12-09T19:37:00,M-020,GAL
T-2349,CU-260,830.88,USD,CO,mobile,D-260,2025-12-09T19:38:00,M-016,BAN
T-3587,CU-562,4358.50,USD,CL,web,D-562,2025-12-09T19:43:00,M-009,BCH
T-6830,CU-096,2926.60,USD,CO,web,D-096,2025-12-09T19:49:00,M-001,BOG
T-5040,CU-320,3046.45,USD,MX,web,D-320,2025-12-09T19:54:00,M-028,BAN
T-6711,CU-090,4536.73,PEN,PE,web,D-090,2025-12-09T19:55:00,M-003,BBVA
T-7826,CU-258,1183.51,PEN,PE,mobile,D-258,2025-12-09T20:00:00,M-999,BCP
T-1871,CU-663,2443.84,USD,CL,mobile,D-663,2025-12-09T20:08:00,M-049,SAN
T-5243,CU-892,4608.72,USD,AR,mobile,D-892,2025-12-09T20:13:00,M-003,BNA
T-4515,CU-023,5752.19,USD,RU,web,D-999656,2025-12-09T20:14:00,M-037,BCP
T-4103,CU-749,3359.79,USD,CO,mobile,D-749,2025-12-09T20:21:00,M-011,DAV
T-3848,CU-162,3209.74,USD,ES,mobile,D-162,2025-12-09T20:30:00,M-007,CABK
T-7976,CU-949,215.34,USD,CL,mobile,D-949,2025-12-09T20:31:00,M-030,BCH
T-1264,CU-102,1941.51,USD,AR,mobile,D-102,2025-12-09T20:36:00,M-002,SAN
T-5795,CU-046,3605.86,USD,MX,mobile,D-046,2025-12-09T20:38:00,M-050,BBVA
T-5587,CU-682,5515.48,USD,US,web,D-682,2025-12-09T20:40:00,M-045,JPM
T-2603,CU-215,4344.00,USD,CL,mobile,D-215,2025-12-09T20:43:00,M-029,SAN
T-4774,CU-736,696.51,USD,RU,mobile,D-999387,2025-12-09T20:47:00,M-024,CABK
T-5953,CU-127,5512.91,USD,CL,web,D-127,2025-12-09T20:49:00,M-039,SAN
T-1730,CU-458,3626.90,USD,ES,web,D-458,2025-12-09T21:04:00,M-040,SAN
T-2845,CU-052,2325.24,USD,ES,web,D-052,2025-12-09T21:09:00,M-007,BBVA
T-2129,CU-808,2687.00,USD,AR,mobile,D-808,2025-12-09T21:11:00,M-029,GAL
T-7172,CU-436,1379.56,USD,ES,mobile,D-436,2025-12-09T21:28:00,M-042,SAN
T-1347,CU-279,7042.17,USD,AR,mobile,D-279,2025-12-09T21:31:00,M-026,GAL
T-1857,CU-678,1434.87,USD,CO,mobile,D-678,2025-12-09T21:52:00,M-017,DAV
T-3253,CU-624,2725.46,PEN,PE,mobile,D-624,2025-12-09T22:11:00,M-022,BBVA
T-1160,CU-677,2861.36,USD,CL,web,D-677,2025-12-09T22:16:00,M-047,BCH
T-5221,CU-989,4093.32,USD,CO,mobile,D-989,2025-12-10T06:37:00,M-038,BAN
T-6372,CU-173,3927.35,USD,MX,mobile,D-173,2025-12-10T06:44:00,M-004,BBVA
T-7140,CU-584,459.62,USD,AR,mobile,D-584,2025-12-10T07:00:00,M-005,SAN
T-2571,CU-525,3112.86,USD,CL,web,D-525,2025-12-10T07:02:00,M-012,SAN
T-4618,CU-126,5842.28,USD,AR,mobile,D-126,2025-12-10T07:13:00,M-018,GAL
T-6228,CU-249,5063.36,PEN,PE,web,D-249,2025-12-10T07:20:00,M-049,IBK
T-6092,CU-252,1357.96,USD,CO,web,D-252,2025-12-10T07:26:00,M-042,BAN
T-4070,CU-812,16645.63,USD,US,mobile,D-812,2025-12-10T07:28:00,M-037,BAC
T-5335,CU-538,4801.22,USD,CO,mobile,D-538,2025-12-10T07:56:00,M-030,BOG
T-7982,CU-086,1006.60,USD,CL,mobile,D-086,2025-12-10T07:59:00,M-005,BCH
T-6877,CU-063,4827.52,USD,MX,web,D-063,2025-12-10T08:00:00,M-029,BBVA
T-6938,CU-961,433.20,PEN,PE,mobile,D-961,2025-12-10T08:01:00,M-038,IBK
T-5292,CU-875,549.66,USD,ES,mobile,D-875,2025-12-10T08:04:00,M-033,SAN
T-2410,CU-712,1526.24,USD,US,mobile,D-712,2025-12-10T08:08:00,M-028,WFC
T-2576,CU-897,4101.83,USD,MX,mobile,D-897,2025-12-10T08:30:00,M-044,BAN
T-6663,CU-180,1133.92,USD,ES,web,D-180,2025-12-10T08:37:00,M-013,CABK
T-1013,CU-176,881.87,USD,AR,mobile,D-176,2025-12-10T08:38:00,M-012,SAN
T-7977,CU-712,3417.90,USD,US,mobile,D-712,2025-12-10T08:42:00,M-043,WFC
T-1506,CU-121,5179.54,PEN,PE,mobile,D-121,2025-12-10T08:46:00,M-029,BCP
T-1124,CU-656,6678.58,USD,AR,web,D-656,2025-12-10T09:00:00,M-045,BNA
T-2441,CU-228,5928.70,USD,US,web,D-228,2025-12-10T09:00:00,M-035,JPM
T-3563,CU-259,2395.74,USD,US,mobile,D-259,2025-12-10T09:01:00,M-039,JPM
T-4074,CU-039,2746.84,USD,MX,mobile,D-039,2025-12-10T09:06:00,M-027,BBVA
T-6507,CU-846,226.61,USD,US,mobile,D-846,2025-12-10T09:12:00,M-029,BAC
T-5695,CU-920,3679.38,USD,AR,web,D-920,2025-12-10T09:14:00,M-024,SAN
T-1531,CU-643,2737.34,USD,ES,web,D-643,2025-12-10T09:15:00,M-025,BBVA
T-1323,CU-662,6430.10,USD,US,mobile,D-662,2025-12-10T09:26:00,M-039,BAC
T-3515,CU-040,1080.65,USD,RU,web,D-999165,2025-12-10T09:28:00,M-017,SAN
T-3143,CU-357,3149.64,USD,MX,web,D-357,2025-12-10T09:40:00,M-022,BAN
T-5531,CU-287,3319.16,USD,US,web,D-287,2025-12-10T09:47:00,M-020,WFC
T-2583,CU-287,2322.15,USD,US,web,D-287,2025-12-10T09:50:00,M-045,WFC
T-5851,CU-824,1014.27,USD,CO,web,D-824,2025-12-10T09:55:00,M-005,DAV
T-2695,CU-649,2165.34,USD,MX,web,D-649,2025-12-10T09:58:00,M-040,BBVA
T-3780,CU-715,1458.01,PEN,PE,web,D-715,2025-12-10T10:00:00,M-034,BAN
T-1022,CU-525,1856.54,USD,CL,web,D-525,2025-12-10T10:00:00,M-999,SAN
T-7688,CU-487,3644.61,USD,CO,web,D-487,2025-12-10T10:00:00,M-033,BAN
T-5735,CU-514,4879.82,PEN,PE,mobile,D-514,2025-12-10T10:00:00,M-034,WFC
T-4505,CU-930,1679.28,PEN,PE,mobile,D-930,2025-12-10T10:00:00,M-999,IBK
T-2941,CU-572,1698.14,USD,US,mobile,D-572,2025-12-10T10:09:00,M-009,WFC
T-5286,CU-908,2411.33,USD,CL,mobile,D-908,2025-12-10T10:11:00,M-019,SAN
T-4568,CU-438,5341.58,PEN,PE,mobile,D-438,2025-12-10T10:19:00,M-035,BCP
T-5194,CU-680,2235.57,USD,MX,web,D-680,2025-12-10T10:23:00,M-016,BAN
T-6365,CU-012,1904.21,USD,AR,web,D-012,2025-12-10T10:42:00,M-002,SAN
T-1953,CU-116,852.26,USD,AR,mobile,D-116,2025-12-10T10:48:00,M-030,BNA
T-2534,CU-028,2312.34,USD,ES,mobile,D-028,2025-12-10T10:48:00,M-045,CABK
T-3747,CU-511,414.87,USD,ES,web,D-511,2025-12-10T10:51:00,M-047,CABK
T-2442,CU-228,5928.70,USD,US,web,D-228,2025-12-10T11:00:00,M-035,JPM
T-1125,CU-656,6678.58,USD,AR,web,D-656,2025-12-10T11:00:00,M-045,BNA
T-2637,CU-542,1957.11,USD,ES,mobile,D-542,2025-12-10T11:02:00,M-005,BBVA
T-4063,CU-037,2786.23,USD,ES,web,D-037,2025-12-10T11:03:00,M-023,SAN
T-2620,CU-948,3409.65,PEN,PE,web,D-948,2025-12-10T11:03:00,M-015,BCP
T-5481,CU-308,3003.87,USD,ES,mobile,D-308,2025-12-10T11:06:00,M-002,BBVA
T-5298,CU-412,2735.99,USD,CO,mobile,D-412,2025-12-10T11:06:00,M-039,BOG
T-7968,CU-098,1321.98,USD,ES,mobile,D-098,2025-12-10T11:08:00,M-017,CABK
T-4004,CU-480,1674.61,USD,ES,mobile,D-480,2025-12-10T11:10:00,M-014,BBVA
T-4525,CU-635,4620.80,USD,MX,web,D-635,2025-12-10T11:10:00,M-039,SAN
T-6717,CU-958,1381.09,USD,CO,web,D-958,2025-12-10T11:10:00,M-040,BAN
T-4865,CU-788,3539.34,USD,CL,mobile,D-788,2025-12-10T11:11:00,M-018,BCI
T-5451,CU-090,3313.44,PEN,PE,web,D-090,2025-12-10T11:12:00,M-015,BBVA
T-1298,CU-733,184.42,USD,CL,web,D-733,2025-12-10T11:14:00,M-016,SAN
T-6498,CU-794,1843.62,USD,CL,mobile,D-794,2025-12-10T11:24:00,M-018,BCH
T-6409,CU-832,3413.91,USD,US,web,D-832,2025-12-10T11:24:00,M-021,BAC
T-4666,CU-216,3229.86,USD,CO,web,D-216,2025-12-10T11:27:00,M-015,BAN
T-3781,CU-715,1458.01,USD,ES,web,D-715,2025-12-10T11:30:00,M-005,BAN
T-5736,CU-514,4879.82,USD,ES,mobile,D-514,2025-12-10T11:30:00,M-032,WFC
T-1907,CU-341,580.97,USD,US,web,D-341,2025-12-10T11:32:00,M-046,BAC
T-7358,CU-210,4476.95,USD,ES,web,D-210,2025-12-10T11:33:00,M-023,SAN
T-5317,CU-658,734.56,USD,CO,web,D-658,2025-12-10T11:36:00,M-012,BOG
T-6932,CU-969,987.07,USD,AR,mobile,D-969,2025-12-10T11:37:00,M-048,GAL
T-5920,CU-370,4252.75,PEN,PE,mobile,D-370,2025-12-10T11:38:00,M-035,BCP
T-2838,CU-873,4020.85,USD,ES,web,D-873,2025-12-10T11:41:00,M-004,CABK
T-5198,CU-168,1872.16,USD,CL,mobile,D-168,2025-12-10T11:43:00,M-046,BCI
T-2364,CU-447,1489.32,USD,US,web,D-447,2025-12-10T11:45:00,M-026,WFC
T-6289,CU-496,442.68,USD,US,web,D-496,2025-12-10T11:45:00,M-041,WFC
T-1645,CU-554,2311.53,USD,US,mobile,D-554,2025-12-10T11:50:00,M-049,BAC
T-5228,CU-451,1936.10,USD,AR,web,D-451,2025-12-10T11:52:00,M-041,BNA
T-1612,CU-161,2255.36,USD,CL,web,D-161,2025-12-10T11:56:00,M-028,SAN
T-1440,CU-451,2467.48,USD,AR,web,D-451,2025-12-10T12:00:00,M-017,BNA
T-1046,CU-466,10168.99,USD,CL,mobile,D-466,2025-12-10T12:00:00,M-011,BCH
T-2319,CU-948,1221.01,PEN,PE,web,D-948,2025-12-10T12:01:00,M-021,BCP
T-7045,CU-414,1800.95,USD,US,web,D-414,2025-12-10T12:01:00,M-042,JPM
T-1570,CU-161,5413.94,USD,CL,web,D-161,2025-12-10T12:02:00,M-037,SAN
T-7046,CU-414,817.39,USD,US,web,D-414,2025-12-10T12:02:00,M-042,JPM
T-2320,CU-948,560.36,PEN,PE,web,D-948,2025-12-10T12:02:00,M-021,BCP
T-7047,CU-414,922.06,USD,US,web,D-414,2025-12-10T12:03:00,M-042,JPM
T-2321,CU-948,310.52,PEN,PE,web,D-948,2025-12-10T12:03:00,M-021,BCP
T-2322,CU-948,1179.64,PEN,PE,web,D-948,2025-12-10T12:04:00,M-021,BCP
T-7048,CU-414,506.29,USD,US,web,D-414,2025-12-10T12:04:00,M-042,JPM
T-5962,CU-311,6257.41,USD,CO,web,D-311,2025-12-10T12:04:00,M-024,BAN
T-3305,CU-350,4765.93,USD,AR,web,D-350,2025-12-10T12:06:00,M-042,GAL
T-2977,CU-212,6486.18,USD,CL,mobile,D-212,2025-12-10T12:12:00,M-041,BCI
T-1211,CU-293,6270.08,USD,CL,web,D-293,2025-12-10T12:21:00,M-005,BCH
T-5616,CU-886,1328.26,USD,AR,mobile,D-886,2025-12-10T12:27:00,M-015,BNA
T-7354,CU-978,1378.29,USD,MX,web,D-978,2025-12-10T12:27:00,M-041,BBVA
T-3609,CU-814,1976.46,USD,US,web,D-814,2025-12-10T12:31:00,M-018,WFC
T-6500,CU-830,3264.80,USD,US,mobile,D-830,2025-12-10T12:37:00,M-022,BAC
T-6992,CU-077,2358.80,USD,CL,mobile,D-077,2025-12-10T12:38:00,M-044,BCI
T-5846,CU-338,3440.93,PEN,PE,web,D-338,2025-12-10T12:40:00,M-022,BCP
T-4204,CU-065,4217.26,USD,CL,web,D-065,2025-12-10T12:40:00,M-002,SAN
T-7300,CU-445,1822.02,PEN,PE,mobile,D-445,2025-12-10T12:47:00,M-023,IBK
T-3518,CU-610,3370.29,USD,ES,mobile,D-610,2025-12-10T12:50:00,M-024,CABK
T-3591,CU-011,526.80,USD,ES,web,D-011,2025-12-10T12:52:00,M-033,CABK
T-2443,CU-228,5928.70,USD,US,web,D-228,2025-12-10T13:00:00,M-035,JPM
T-1126,CU-656,6678.58,USD,AR,web,D-656,2025-12-10T13:00:00,M-045,BNA
T-2281,CU-477,2673.50,USD,US,web,D-477,2025-12-10T13:04:00,M-030,JPM
T-1720,CU-149,1619.53,USD,US,mobile,D-149,2025-12-10T13:09:00,M-010,JPM
T-4784,CU-580,5114.85,USD,CL,mobile,D-580,2025-12-10T13:10:00,M-039,SAN
T-6423,CU-667,6359.59,USD,CO,mobile,D-667,2025-12-10T13:10:00,M-005,BOG
T-7870,CU-226,740.00,USD,CL,mobile,D-226,2025-12-10T13:15:00,M-002,BCI
T-7430,CU-680,4612.06,USD,MX,web,D-680,2025-12-10T13:15:00,M-050,BAN
T-6107,CU-866,2406.93,USD,US,web,D-866,2025-12-10T13:32:00,M-046,BAC
T-1181,CU-786,3916.30,USD,ES,web,D-786,2025-12-10T13:36:00,M-049,BBVA
T-3433,CU-074,660.95,USD,AR,mobile,D-074,2025-12-10T13:38:00,M-028,SAN
T-3712,CU-037,5488.70,USD,ES,web,D-037,2025-12-10T13:46:00,M-021,SAN
T-5231,CU-553,1355.24,PEN,PE,web,D-553,2025-12-10T13:48:00,M-003,IBK
T-6721,CU-356,3346.23,USD,ES,mobile,D-356,2025-12-10T13:56:00,M-028,BBVA
T-4708,CU-676,1899.70,USD,AR,mobile,D-676,2025-12-10T13:58:00,M-002,BNA
T-6581,CU-016,5134.03,USD,AR,mobile,D-016,2025-12-10T14:00:00,M-017,SAN
T-6183,CU-410,2310.69,USD,US,web,D-410,2025-12-10T14:05:00,M-034,JPM
T-4709,CU-906,1799.78,PEN,PE,web,D-906,2025-12-10T14:07:00,M-046,IBK
T-5106,CU-360,487.41,USD,CL,mobile,D-360,2025-12-10T14:12:00,M-045,BCI
T-2928,CU-309,2222.21,USD,CO,mobile,D-309,2025-12-10T14:13:00,M-039,DAV
T-1919,CU-017,1696.25,USD,ES,web,D-017,2025-12-10T14:15:00,M-006,CABK
T-3023,CU-696,2465.37,USD,ES,web,D-696,2025-12-10T14:17:00,M-047,BBVA
T-3371,CU-635,3099.16,USD,MX,web,D-635,2025-12-10T14:20:00,M-006,SAN
T-7528,CU-404,4592.47,USD,ES,web,D-404,2025-12-10T14:25:00,M-020,BBVA
T-1325,CU-434,1751.86,USD,US,web,D-434,2025-12-10T14:31:00,M-028,JPM
T-7128,CU-330,4012.20,USD,CO,web,D-330,2025-12-10T14:32:00,M-011,BAN
T-4271,CU-072,870.26,USD,ES,mobile,D-072,2025-12-10T14:36:00,M-048,BBVA
T-5658,CU-347,3725.69,PEN,PE,web,D-347,2025-12-10T14:36:00,M-035,BBVA
T-6560,CU-376,252.91,USD,ES,web,D-376,2025-12-10T14:39:00,M-020,CABK
T-1234,CU-758,3729.69,USD,CL,web,D-758,2025-12-10T14:44:00,M-050,SAN
T-6582,CU-119,1054.99,USD,CO,mobile,D-119,2025-12-10T14:45:00,M-020,BOG
T-6965,CU-442,1265.47,USD,AR,mobile,D-442,2025-12-10T14:47:00,M-031,GAL
T-5592,CU-722,3635.57,USD,CL,mobile,D-722,2025-12-10T14:50:00,M-046,BCI
T-1002,CU-723,3787.59,USD,US,web,D-723,2025-12-10T14:57:00,M-034,JPM
T-3623,CU-680,4553.99,USD,MX,web,D-680,2025-12-10T15:00:00,M-021,BAN
T-1304,CU-462,1453.03,USD,US,web,D-462,2025-12-10T15:00:00,M-999,JPM
T-3092,CU-419,2745.47,USD,CO,mobile,D-419,2025-12-10T15:09:00,M-028,BOG
T-1962,CU-400,4169.77,PEN,PE,web,D-400,2025-12-10T15:15:00,M-011,IBK
T-6154,CU-338,1911.21,PEN,PE,web,D-338,2025-12-10T15:20:00,M-040,BCP
T-1497,CU-376,369.39,USD,ES,web,D-376,2025-12-10T15:22:00,M-037,CABK
T-7060,CU-349,3839.24,PEN,PE,mobile,D-349,2025-12-10T15:28:00,M-015,BCP
T-6147,CU-479,3015.58,USD,US,web,D-479,2025-12-10T15:31:00,M-005,WFC
T-6703,CU-009,5999.16,USD,ES,mobile,D-009,2025-12-10T15:31:00,M-043,SAN
T-3927,CU-491,1002.53,USD,MX,mobile,D-491,2025-12-10T15:32:00,M-003,BAN
T-5110,CU-167,4127.93,USD,AR,mobile,D-167,2025-12-10T15:39:00,M-017,BNA
T-2237,CU-805,1954.04,USD,AR,web,D-805,2025-12-10T15:42:00,M-032,BNA
T-3684,CU-717,249.72,USD,AR,web,D-717,2025-12-10T15:44:00,M-049,BNA
T-4365,CU-079,4574.68,USD,ES,mobile,D-079,2025-12-10T15:46:00,M-004,CABK
T-1089,CU-549,685.05,USD,MX,mobile,D-549,2025-12-10T15:47:00,M-008,BBVA
T-1033,CU-581,4640.54,USD,CO,web,D-581,2025-12-10T15:49:00,M-004,DAV
T-3315,CU-910,762.23,USD,AR,mobile,D-910,2025-12-10T15:51:00,M-002,BNA
T-5095,CU-314,191.28,PEN,PE,web,D-314,2025-12-10T16:01:00,M-016,IBK
T-5752,CU-435,4139.11,USD,CL,web,D-435,2025-12-10T16:07:00,M-014,SAN
T-7422,CU-110,3846.95,USD,ES,mobile,D-110,2025-12-10T16:09:00,M-027,BBVA
T-5287,CU-508,432.07,USD,CL,mobile,D-508,2025-12-10T16:09:00,M-050,BCI
T-1383,CU-684,2944.05,USD,US,mobile,D-684,2025-12-10T16:17:00,M-047,WFC
T-6930,CU-108,124.80,USD,CL,web,D-108,2025-12-10T16:17:00,M-045,BCI
T-3669,CU-918,2285.67,PEN,PE,web,D-918,2025-12-10T16:19:00,M-048,BCP
T-5778,CU-943,1858.93,USD,ES,mobile,D-943,2025-12-10T16:36:00,M-030,BBVA
T-4026,CU-558,960.97,USD,MX,mobile,D-558,2025-12-10T16:39:00,M-024,BAN
T-7355,CU-210,4538.85,USD,ES,web,D-210,2025-12-10T16:39:00,M-023,SAN
T-7786,CU-806,2789.29,PEN,PE,web,D-806,2025-12-10T16:46:00,M-005,IBK
T-6979,CU-285,1287.24,USD,CO,web,D-285,2025-12-10T16:55:00,M-046,DAV
T-5250,CU-692,1104.59,USD,CO,mobile,D-692,2025-12-10T16:59:00,M-017,DAV
T-7831,CU-860,3948.38,PEN,PE,web,D-860,2025-12-10T17:00:00,M-006,IBK
T-4396,CU-032,928.05,USD,ES,web,D-032,2025-12-10T17:00:00,M-999,BBVA
T-5739,CU-182,2005.25,USD,MX,web,D-182,2025-12-10T17:01:00,M-045,BAN
T-3043,CU-786,3586.07,USD,ES,web,D-786,2025-12-10T17:03:00,M-020,BBVA
T-7647,CU-103,5158.89,USD,CL,mobile,D-103,2025-12-10T17:06:00,M-037,BCI
T-1025,CU-178,3597.66,USD,ES,mobile,D-178,2025-12-10T17:08:00,M-022,SAN
T-4843,CU-227,2015.76,PEN,PE,web,D-227,2025-12-10T17:11:00,M-044,IBK
T-2819,CU-762,391.96,USD,AR,mobile,D-762,2025-12-10T17:13:00,M-014,GAL
T-4014,CU-640,1228.05,USD,AR,mobile,D-640,2025-12-10T17:14:00,M-040,BNA
T-6846,CU-861,1995.57,PEN,PE,mobile,D-861,2025-12-10T17:15:00,M-043,IBK
T-7990,CU-950,1078.40,USD,AR,mobile,D-950,2025-12-10T17:16:00,M-035,BNA
T-1584,CU-446,1466.72,USD,MX,web,D-446,2025-12-10T17:18:00,M-005,SAN
T-4376,CU-039,1285.89,USD,MX,mobile,D-039,2025-12-10T17:19:00,M-041,BBVA
T-4513,CU-319,2298.58,USD,AR,mobile,D-319,2025-12-10T17:24:00,M-036,GAL
T-4066,CU-289,2033.49,USD,CL,mobile,D-289,2025-12-10T17:31:00,M-004,BCI
T-3183,CU-357,2159.65,USD,MX,web,D-357,2025-12-10T17:34:00,M-025,BAN
T-1926,CU-697,4157.36,USD,CL,web,D-697,2025-12-10T17:40:00,M-012,BCH
T-5910,CU-507,2237.97,USD,AR,web,D-507,2025-12-10T17:45:00,M-047,SAN
T-3588,CU-227,3530.69,PEN,PE,web,D-227,2025-12-10T17:45:00,M-039,IBK
T-2727,CU-952,7334.60,USD,MX,web,D-952,2025-12-10T17:51:00,M-050,SAN
T-4921,CU-582,5659.06,USD,AR,web,D-582,2025-12-10T17:56:00,M-016,GAL
T-1258,CU-961,1850.20,PEN,PE,mobile,D-961,2025-12-10T18:00:00,M-999,IBK
T-5532,CU-418,4495.30,USD,CO,web,D-418,2025-12-10T18:04:00,M-044,BAN
T-5083,CU-261,4728.81,USD,US,mobile,D-261,2025-12-10T18:04:00,M-023,WFC
T-6609,CU-552,1265.08,USD,ES,mobile,D-552,2025-12-10T18:09:00,M-030,SAN
T-3249,CU-864,95.30,USD,ES,mobile,D-864,2025-12-10T18:10:00,M-009,CABK
T-5520,CU-368,2927.71,USD,US,web,D-368,2025-12-10T18:15:00,M-012,BAC
T-3333,CU-960,3904.21,USD,CO,web,D-960,2025-12-10T18:16:00,M-034,BAN
T-4222,CU-404,5128.40,USD,ES,web,D-404,2025-12-10T18:17:00,M-041,BBVA
T-5566,CU-137,5604.31,USD,MX,mobile,D-137,2025-12-10T18:19:00,M-017,BBVA
T-2640,CU-802,1805.95,USD,US,web,D-802,2025-12-10T18:28:00,M-025,JPM
T-5011,CU-737,4378.54,USD,AR,web,D-737,2025-12-10T18:34:00,M-013,BNA
T-7908,CU-976,5729.68,USD,ES,web,D-976,2025-12-10T18:38:00,M-007,BBVA
T-3378,CU-551,918.54,USD,CO,web,D-551,2025-12-10T18:38:00,M-024,BOG
T-1965,CU-118,2091.13,USD,AR,mobile,D-118,2025-12-10T18:46:00,M-039,BNA
T-1733,CU-949,302.40,USD,CL,mobile,D-949,2025-12-10T18:46:00,M-039,BCH
T-6650,CU-004,1091.07,USD,CL,mobile,D-004,2025-12-10T18:48:00,M-027,BCI
T-5937,CU-835,2337.01,USD,CL,mobile,D-835,2025-12-10T18:50:00,M-012,BCI
T-7806,CU-039,2282.76,USD,MX,mobile,D-039,2025-12-10T18:51:00,M-027,BBVA
T-5593,CU-663,4406.10,USD,CL,mobile,D-663,2025-12-10T18:53:00,M-006,SAN
T-2101,CU-150,630.50,USD,CO,mobile,D-150,2025-12-10T18:55:00,M-008,BAN
T-7432,CU-784,1021.04,PEN,PE,web,D-784,2025-12-10T18:56:00,M-011,IBK
T-5112,CU-722,3813.70,USD,CL,mobile,D-722,2025-12-10T19:04:00,M-043,BCI
T-3656,CU-202,4482.17,USD,AR,mobile,D-202,2025-12-10T19:09:00,M-018,SAN
T-6235,CU-629,943.99,USD,CL,web,D-629,2025-12-10T19:10:00,M-009,BCI
T-4517,CU-397,1447.26,USD,AR,web,D-397,2025-12-10T19:27:00,M-013,BNA
T-7332,CU-191,717.81,USD,CL,web,D-191,2025-12-10T19:29:00,M-002,SAN
T-1635,CU-947,5901.11,USD,ES,mobile,D-947,2025-12-10T19:29:00,M-010,SAN
T-6722,CU-356,1551.01,USD,ES,mobile,D-356,2025-12-10T19:30:00,M-012,BBVA
T-1821,CU-842,4801.01,USD,CO,mobile,D-842,2025-12-10T19:32:00,M-036,BAN
T-6027,CU-106,2635.62,PEN,PE,mobile,D-106,2025-12-10T19:33:00,M-033,BBVA
T-1883,CU-351,6168.98,USD,MX,web,D-351,2025-12-10T19:39:00,M-012,BAN
T-2537,CU-694,5294.23,USD,AR,web,D-694,2025-12-10T19:41:00,M-010,BNA
T-3886,CU-600,4813.41,USD,US,web,D-600,2025-12-10T19:46:00,M-044,JPM
T-2300,CU-691,3333.54,USD,US,mobile,D-691,2025-12-10T19:48:00,M-015,WFC
T-1803,CU-748,3372.08,USD,MX,web,D-748,2025-12-10T19:51:00,M-041,BAN
T-7706,CU-563,4303.01,PEN,PE,web,D-563,2025-12-10T19:54:00,M-038,IBK
T-7857,CU-710,1624.36,USD,US,mobile,D-710,2025-12-10T19:55:00,M-022,WFC
T-2618,CU-469,3901.35,USD,AR,mobile,D-469,2025-12-10T19:55:00,M-023,SAN
T-3924,CU-068,3241.65,USD,AR,mobile,D-068,2025-12-10T20:21:00,M-045,SAN
T-5975,CU-054,3897.54,USD,US,web,D-054,2025-12-10T20:37:00,M-017,JPM
T-6837,CU-701,972.19,USD,CL,web,D-701,2025-12-10T20:40:00,M-023,BCI
T-6503,CU-403,2962.15,USD,CO,web,D-403,2025-12-10T20:42:00,M-046,DAV
T-5297,CU-489,267.17,USD,CL,mobile,D-489,2025-12-10T20:46:00,M-001,SAN
T-5684,CU-489,292.82,USD,CL,mobile,D-489,2025-12-10T20:50:00,M-015,SAN
T-3489,CU-396,695.75,USD,US,web,D-396,2025-12-10T20:52:00,M-034,JPM
T-6719,CU-167,2636.30,USD,AR,mobile,D-167,2025-12-10T21:12:00,M-042,BNA
T-5968,CU-333,5086.49,USD,CL,web,D-333,2025-12-10T21:29:00,M-044,BCH
T-2502,CU-740,2743.21,USD,ES,web,D-740,2025-12-10T21:52:00,M-039,SAN
T-5741,CU-604,1063.40,USD,AR,mobile,D-604,2025-12-10T22:11:00,M-046,GAL
T-1457,CU-874,1182.13,USD,CO,mobile,D-874,2025-12-10T22:20:00,M-016,BAN
T-2531,CU-202,13565.68,USD,AR,mobile,D-202,2025-12-11T04:28:00,M-045,SAN
T-2772,CU-651,1124.91,PEN,PE,web,D-651,2025-12-11T06:37:00,M-041,IBK
T-1442,CU-652,5458.59,USD,CO,web,D-652,2025-12-11T07:10:00,M-008,DAV
T-1512,CU-456,4794.62,USD,CO,mobile,D-456,2025-12-11T07:30:00,M-011,DAV
T-1679,CU-562,4171.22,USD,CL,web,D-562,2025-12-11T07:30:00,M-014,BCH
T-2503,CU-926,3206.89,PEN,PE,web,D-926,2025-12-11T07:46:00,M-021,BCP
T-4433,CU-534,6109.56,USD,ES,web,D-534,2025-12-11T08:05:00,M-023,CABK
T-4285,CU-988,1750.39,USD,US,mobile,D-988,2025-12-11T08:29:00,M-041,BAC
T-6390,CU-705,3392.60,PEN,PE,web,D-705,2025-12-11T08:31:00,M-046,BCP
T-5303,CU-649,1311.90,USD,MX,web,D-649,2025-12-11T08:38:00,M-050,BBVA
T-2388,CU-454,2920.88,USD,ES,web,D-454,2025-12-11T08:44:00,M-008,CABK
T-3578,CU-360,1449.17,USD,CL,mobile,D-360,2025-12-11T09:00:00,M-050,BCI
T-5777,CU-267,3695.36,USD,MX,web,D-267,2025-12-11T09:01:00,M-035,BAN
T-1820,CU-483,2802.71,USD,AR,web,D-483,2025-12-11T09:02:00,M-028,BNA
T-1582,CU-016,4720.73,USD,AR,mobile,D-016,2025-12-11T09:05:00,M-020,SAN
T-5872,CU-652,3377.32,USD,CO,web,D-652,2025-12-11T09:09:00,M-017,DAV
T-4307,CU-017,1164.35,USD,ES,web,D-017,2025-12-11T09:17:00,M-035,CABK
T-6070,CU-701,1507.30,USD,CL,web,D-701,2025-12-11T09:28:00,M-012,BCI
T-6298,CU-644,77.95,USD,MX,web,D-644,2025-12-11T09:28:00,M-005,SAN
T-2678,CU-185,3437.71,USD,CO,mobile,D-185,2025-12-11T09:39:00,M-038,DAV
T-3393,CU-711,4391.03,USD,MX,mobile,D-711,2025-12-11T09:40:00,M-036,BAN
T-6331,CU-981,362.77,USD,ES,web,D-981,2025-12-11T09:42:00,M-043,SAN
T-3687,CU-029,4213.82,USD,CO,mobile,D-029,2025-12-11T09:44:00,M-005,BOG
T-3286,CU-209,1072.65,USD,US,web,D-209,2025-12-11T09:47:00,M-043,WFC
T-5422,CU-984,1113.68,PEN,PE,mobile,D-984,2025-12-11T09:59:00,M-039,BBVA
T-4437,CU-301,2276.23,PEN,PE,web,D-301,2025-12-11T10:00:00,M-034,BBVA
T-7899,CU-684,3344.94,PEN,PE,mobile,D-684,2025-12-11T10:00:00,M-004,WFC
T-5799,CU-599,2920.99,USD,US,mobile,D-599,2025-12-11T10:00:00,M-045,BAC
T-6688,CU-917,3956.18,PEN,PE,mobile,D-917,2025-12-11T10:00:00,M-042,DAV
T-5913,CU-782,788.49,PEN,PE,mobile,D-782,2025-12-11T10:00:00,M-012,BCH
T-1118,CU-128,4857.90,USD,ES,web,D-128,2025-12-11T10:02:00,M-019,BBVA
T-5936,CU-827,3005.17,USD,ES,web,D-827,2025-12-11T10:10:00,M-045,CABK
T-1021,CU-743,4792.92,USD,AR,web,D-743,2025-12-11T10:11:00,M-042,GAL
T-7665,CU-476,6117.18,USD,ES,web,D-476,2025-12-11T10:12:00,M-028,SAN
T-6527,CU-523,3120.23,USD,CL,mobile,D-523,2025-12-11T10:21:00,M-026,BCI
T-4107,CU-854,2821.54,PEN,PE,web,D-854,2025-12-11T10:35:00,M-013,BCP
T-6069,CU-451,4839.54,USD,AR,web,D-451,2025-12-11T10:46:00,M-039,BNA
T-5678,CU-319,1996.58,USD,AR,mobile,D-319,2025-12-11T10:47:00,M-043,GAL
T-3908,CU-535,5983.38,USD,AR,web,D-535,2025-12-11T10:49:00,M-010,GAL
T-1453,CU-234,611.86,USD,MX,web,D-234,2025-12-11T10:56:00,M-036,BBVA
T-2778,CU-903,799.45,USD,CO,mobile,D-903,2025-12-11T11:00:00,M-999,BOG
T-3579,CU-360,1449.17,USD,CL,mobile,D-360,2025-12-11T11:00:00,M-050,BCI
T-6337,CU-006,1253.19,USD,MX,mobile,D-006,2025-12-11T11:05:00,M-014,BAN
T-2279,CU-135,1909.98,PEN,PE,web,D-135,2025-12-11T11:06:00,M-017,IBK
T-2145,CU-758,3094.19,USD,CL,web,D-758,2025-12-11T11:09:00,M-032,SAN
T-4303,CU-989,4168.15,USD,CO,mobile,D-989,2025-12-11T11:16:00,M-015,BAN
T-7900,CU-684,3344.94,USD,ES,mobile,D-684,2025-12-11T11:30:00,M-013,WFC
T-5914,CU-782,788.49,USD,ES,mobile,D-782,2025-12-11T11:30:00,M-043,BCH
T-6689,CU-917,3956.18,USD,ES,mobile,D-917,2025-12-11T11:30:00,M-039,DAV
T-4438,CU-301,2276.23,USD,ES,web,D-301,2025-12-11T11:30:00,M-001,BBVA
T-5993,CU-142,4191.99,USD,AR,web,D-142,2025-12-11T11:31:00,M-005,GAL
T-5774,CU-983,1597.38,USD,MX,web,D-983,2025-12-11T11:31:00,M-041,BBVA
T-2175,CU-755,4795.94,PEN,PE,web,D-755,2025-12-11T11:38:00,M-005,BCP
T-5358,CU-007,1603.43,USD,CL,mobile,D-007,2025-12-11T11:44:00,M-032,SAN
T-5017,CU-746,5015.40,USD,ES,mobile,D-746,2025-12-11T11:53:00,M-029,BBVA
T-1775,CU-921,1288.88,USD,CL,web,D-921,2025-12-11T12:01:00,M-019,SAN
T-3836,CU-101,65.20,USD,ES,web,D-101,2025-12-11T12:01:00,M-025,SAN
T-4183,CU-315,99.19,USD,CO,mobile,D-315,2025-12-11T12:01:00,M-028,BAN
T-3837,CU-101,157.49,USD,ES,web,D-101,2025-12-11T12:02:00,M-025,SAN
T-4184,CU-315,121.85,USD,CO,mobile,D-315,2025-12-11T12:02:00,M-028,BAN
T-1776,CU-921,759.75,USD,CL,web,D-921,2025-12-11T12:02:00,M-019,SAN
T-3865,CU-035,6744.62,USD,ES,web,D-035,2025-12-11T12:03:00,M-017,CABK
T-1777,CU-921,1107.12,USD,CL,web,D-921,2025-12-11T12:03:00,M-019,SAN
T-3838,CU-101,90.33,USD,ES,web,D-101,2025-12-11T12:03:00,M-025,SAN
T-4185,CU-315,167.83,USD,CO,mobile,D-315,2025-12-11T12:03:00,M-028,BAN
T-4186,CU-315,132.62,USD,CO,mobile,D-315,2025-12-11T12:04:00,M-028,BAN
T-1778,CU-921,938.18,USD,CL,web,D-921,2025-12-11T12:04:00,M-019,SAN
T-3839,CU-101,65.46,USD,ES,web,D-101,2025-12-11T12:04:00,M-025,SAN
T-7525,CU-736,611.56,USD,ES,mobile,D-736,2025-12-11T12:09:00,M-035,CABK
T-5175,CU-463,684.68,USD,MX,mobile,D-463,2025-12-11T12:09:00,M-017,BAN
T-7456,CU-085,2992.99,USD,AR,mobile,D-085,2025-12-11T12:11:00,M-048,SAN
T-5141,CU-943,1663.14,USD,ES,mobile,D-943,2025-12-11T12:14:00,M-009,BBVA
T-4622,CU-244,2417.35,USD,US,mobile,D-244,2025-12-11T12:18:00,M-037,BAC
T-1288,CU-717,151.64,USD,AR,web,D-717,2025-12-11T12:18:00,M-043,BNA
T-1853,CU-707,1750.58,USD,AR,mobile,D-707,2025-12-11T12:21:00,M-018,GAL
T-2686,CU-825,2621.48,USD,US,mobile,D-825,2025-12-11T12:27:00,M-038,BAC
T-3281,CU-886,2023.97,USD,AR,mobile,D-886,2025-12-11T12:35:00,M-011,BNA
T-1434,CU-275,480.36,PEN,PE,mobile,D-275,2025-12-11T12:36:00,M-009,IBK
T-2326,CU-219,2471.87,USD,CL,web,D-219,2025-12-11T12:37:00,M-006,SAN
T-6358,CU-267,3254.25,USD,MX,web,D-267,2025-12-11T12:39:00,M-029,BAN
T-3721,CU-109,218.36,USD,CL,web,D-109,2025-12-11T12:47:00,M-042,SAN
T-4039,CU-208,1019.91,USD,CL,web,D-208,2025-12-11T12:48:00,M-007,BCI
T-3349,CU-004,680.89,USD,CL,mobile,D-004,2025-12-11T12:49:00,M-001,BCI
T-3580,CU-360,1449.17,USD,CL,mobile,D-360,2025-12-11T13:00:00,M-050,BCI
T-5584,CU-235,3624.63,USD,US,mobile,D-235,2025-12-11T13:00:00,M-008,WFC
T-3981,CU-103,5709.70,USD,CL,mobile,D-103,2025-12-11T13:01:00,M-049,BCI
T-1643,CU-435,3386.53,USD,CL,web,D-435,2025-12-11T13:04:00,M-030,SAN
T-6165,CU-017,1186.83,USD,ES,web,D-017,2025-12-11T13:05:00,M-003,CABK
T-4675,CU-270,2189.33,PEN,PE,web,D-270,2025-12-11T13:06:00,M-012,BBVA
T-6761,CU-472,4131.89,PEN,PE,web,D-472,2025-12-11T13:07:00,M-005,BCP
T-3316,CU-836,2461.17,PEN,PE,mobile,D-836,2025-12-11T13:08:00,M-010,IBK
T-3640,CU-629,1569.20,USD,CL,web,D-629,2025-12-11T13:12:00,M-035,BCI
T-3400,CU-881,666.45,USD,AR,mobile,D-881,2025-12-11T13:14:00,M-046,GAL
T-5974,CU-723,4522.65,USD,US,web,D-723,2025-12-11T13:16:00,M-010,JPM
T-6132,CU-575,2154.59,USD,MX,mobile,D-575,2025-12-11T13:16:00,M-027,BAN
T-6186,CU-438,3165.47,PEN,PE,mobile,D-438,2025-12-11T13:22:00,M-035,BCP
T-1980,CU-543,2479.69,USD,CL,mobile,D-543,2025-12-11T13:26:00,M-030,BCI
T-6206,CU-868,3047.86,USD,CL,web,D-868,2025-12-11T13:35:00,M-034,BCH
T-6383,CU-179,3578.76,USD,CL,mobile,D-179,2025-12-11T13:52:00,M-011,SAN
T-4899,CU-468,1778.73,USD,AR,mobile,D-468,2025-12-11T13:54:00,M-003,SAN
T-5135,CU-783,0.50,USD,MX,web,D-999523,2025-12-11T14:00:00,M-048,SAN
T-3996,CU-359,2136.65,USD,MX,web,D-359,2025-12-11T14:00:00,M-031,SAN
T-6139,CU-072,731.05,USD,ES,mobile,D-072,2025-12-11T14:00:00,M-999,BBVA
T-6117,CU-606,0.50,USD,ES,web,D-999903,2025-12-11T14:00:00,M-025,BBVA
T-6602,CU-388,0.50,USD,US,web,D-999307,2025-12-11T14:00:00,M-049,BAC
T-6603,CU-388,0.50,USD,US,web,D-999307,2025-12-11T14:02:00,M-006,BAC
T-5136,CU-783,0.50,USD,MX,web,D-999523,2025-12-11T14:02:00,M-042,SAN
T-7727,CU-011,538.50,USD,ES,web,D-011,2025-12-11T14:02:00,M-016,CABK
T-6118,CU-606,0.50,USD,ES,web,D-999903,2025-12-11T14:02:00,M-007,BBVA
T-6604,CU-388,18751.12,USD,US,web,D-999307,2025-12-11T14:06:00,M-020,BAC
T-5137,CU-783,10645.12,USD,MX,web,D-999523,2025-12-11T14:06:00,M-041,SAN
T-6119,CU-606,9859.00,USD,ES,web,D-999903,2025-12-11T14:06:00,M-020,BBVA
T-7657,CU-288,3899.28,USD,US,mobile,D-288,2025-12-11T14:19:00,M-029,BAC
T-6512,CU-903,1114.75,USD,CO,mobile,D-903,2025-12-11T14:22:00,M-048,BOG
T-4649,CU-042,7162.00,USD,US,mobile,D-042,2025-12-11T14:27:00,M-041,JPM
T-2369,CU-658,623.92,USD,CO,web,D-658,2025-12-11T14:30:00,M-028,BOG
T-4293,CU-835,2020.95,USD,CL,mobile,D-835,2025-12-11T14:36:00,M-014,BCI
T-6262,CU-722,3087.73,USD,CL,mobile,D-722,2025-12-11T14:36:00,M-041,BCI
T-3367,CU-513,3943.86,USD,US,web,D-513,2025-12-11T14:39:00,M-022,WFC
T-6068,CU-366,4548.59,USD,MX,web,D-366,2025-12-11T14:53:00,M-039,BAN
T-2921,CU-578,4346.43,USD,CL,mobile,D-578,2025-12-11T14:54:00,M-006,SAN
T-6257,CU-790,520.15,USD,CO,mobile,D-790,2025-12-11T15:09:00,M-032,DAV
T-3938,CU-621,2965.99,USD,US,mobile,D-621,2025-12-11T15:16:00,M-024,BAC
T-7953,CU-191,365.13,USD,CL,web,D-191,2025-12-11T15:20:00,M-016,SAN
T-4689,CU-836,5866.15,PEN,PE,mobile,D-836,2025-12-11T15:20:00,M-040,IBK
T-4982,CU-531,4674.77,USD,CL,web,D-531,2025-12-11T15:25:00,M-048,BCI
T-4242,CU-027,4505.49,USD,US,mobile,D-027,2025-12-11T15:28:00,M-031,JPM
T-2305,CU-991,2822.75,USD,AR,web,D-991,2025-12-11T15:29:00,M-027,BNA
T-2479,CU-032,1462.61,USD,ES,web,D-032,2025-12-11T15:31:00,M-013,BBVA
T-2608,CU-053,2644.21,USD,CL,web,D-053,2025-12-11T15:33:00,M-049,SAN
T-4108,CU-864,120.39,USD,ES,mobile,D-864,2025-12-11T15:42:00,M-017,CABK
T-7839,CU-255,1168.80,USD,AR,mobile,D-255,2025-12-11T15:44:00,M-018,SAN
T-2222,CU-584,245.66,USD,AR,mobile,D-584,2025-12-11T15:44:00,M-013,SAN
T-7094,CU-946,692.51,PEN,PE,web,D-946,2025-12-11T15:54:00,M-044,BBVA
T-1923,CU-783,2442.55,USD,MX,web,D-783,2025-12-11T15:55:00,M-031,SAN
T-7757,CU-142,2481.51,USD,AR,web,D-142,2025-12-11T16:03:00,M-047,GAL
T-3256,CU-906,1893.76,PEN,PE,web,D-906,2025-12-11T16:08:00,M-014,IBK
T-7341,CU-451,2713.56,USD,AR,web,D-451,2025-12-11T16:09:00,M-012,BNA
T-2096,CU-949,155.25,USD,CL,mobile,D-949,2025-12-11T16:09:00,M-017,BCH
T-6225,CU-061,681.89,USD,MX,web,D-061,2025-12-11T16:09:00,M-031,BBVA
T-5478,CU-135,3283.35,PEN,PE,web,D-135,2025-12-11T16:09:00,M-008,IBK
T-7705,CU-263,5818.45,USD,AR,web,D-263,2025-12-11T16:15:00,M-020,GAL
T-1395,CU-045,544.52,USD,CO,web,D-045,2025-12-11T16:26:00,M-001,BAN
T-4266,CU-309,2393.64,USD,CO,mobile,D-309,2025-12-11T16:31:00,M-014,DAV
T-6144,CU-297,4647.70,USD,CO,web,D-297,2025-12-11T16:36:00,M-021,DAV
T-4628,CU-795,1551.52,USD,ES,mobile,D-795,2025-12-11T16:40:00,M-016,CABK
T-7388,CU-696,2046.08,USD,ES,web,D-696,2025-12-11T16:40:00,M-013,BBVA
T-3958,CU-842,4476.97,USD,CO,mobile,D-842,2025-12-11T16:41:00,M-018,BAN
T-3833,CU-698,803.42,USD,US,web,D-698,2025-12-11T16:45:00,M-029,WFC
T-1064,CU-257,911.22,USD,AR,web,D-257,2025-12-11T16:52:00,M-008,SAN
T-5681,CU-458,5798.81,USD,ES,web,D-458,2025-12-11T16:53:00,M-010,SAN
T-7160,CU-326,3050.61,USD,ES,web,D-326,2025-12-11T16:57:00,M-010,SAN
T-7051,CU-932,1476.14,USD,MX,mobile,D-932,2025-12-11T16:58:00,M-006,BBVA
T-2106,CU-578,2820.77,USD,CL,mobile,D-578,2025-12-11T16:58:00,M-028,SAN
T-6543,CU-404,723.10,USD,ES,web,D-404,2025-12-11T17:00:00,M-999,BBVA
T-1150,CU-590,1005.60,USD,US,web,D-590,2025-12-11T17:07:00,M-013,JPM
T-3496,CU-140,3576.03,USD,ES,mobile,D-140,2025-12-11T17:12:00,M-047,CABK
T-3861,CU-502,692.92,USD,US,mobile,D-502,2025-12-11T17:15:00,M-035,JPM
T-7222,CU-262,2529.83,USD,ES,web,D-262,2025-12-11T17:18:00,M-016,BBVA
T-7935,CU-943,1974.42,USD,ES,mobile,D-943,2025-12-11T17:20:00,M-025,BBVA
T-6687,CU-766,4045.19,USD,US,web,D-766,2025-12-11T17:20:00,M-023,BAC
T-3505,CU-202,4568.67,USD,AR,mobile,D-202,2025-12-11T17:24:00,M-046,SAN
T-6232,CU-489,316.34,USD,CL,mobile,D-489,2025-12-11T17:30:00,M-039,SAN
T-4620,CU-087,100.31,USD,CL,mobile,D-087,2025-12-11T17:31:00,M-037,SAN
T-5732,CU-843,3044.03,USD,ES,web,D-843,2025-12-11T17:33:00,M-019,CABK
T-1094,CU-709,480.19,USD,US,mobile,D-709,2025-12-11T17:39:00,M-007,WFC
T-6831,CU-490,941.12,USD,CO,mobile,D-490,2025-12-11T17:40:00,M-030,DAV
T-7626,CU-207,2086.53,USD,AR,mobile,D-207,2025-12-11T17:45:00,M-021,GAL
T-4452,CU-807,745.77,USD,MX,mobile,D-807,2025-12-11T17:48:00,M-043,BBVA
T-3948,CU-663,4637.49,USD,CL,mobile,D-663,2025-12-11T17:50:00,M-011,SAN
T-2142,CU-673,934.84,USD,US,mobile,D-673,2025-12-11T17:55:00,M-023,JPM
T-6029,CU-155,4640.47,USD,ES,mobile,D-155,2025-12-11T17:56:00,M-030,BBVA
T-4493,CU-311,4831.69,USD,CO,web,D-311,2025-12-11T17:58:00,M-043,BAN
T-4810,CU-397,1032.19,USD,AR,web,D-397,2025-12-11T18:00:00,M-042,BNA
T-5859,CU-943,1642.44,USD,ES,mobile,D-943,2025-12-11T18:01:00,M-022,BBVA
T-4262,CU-992,3043.95,USD,MX,mobile,D-992,2025-12-11T18:11:00,M-018,BAN
T-4446,CU-859,2021.73,USD,CO,mobile,D-859,2025-12-11T18:19:00,M-043,DAV
T-3003,CU-947,2341.02,USD,ES,mobile,D-947,2025-12-11T18:24:00,M-028,SAN
T-7185,CU-957,1523.50,USD,CL,web,D-957,2025-12-11T18:29:00,M-040,SAN
T-7378,CU-276,5500.49,USD,CO,mobile,D-276,2025-12-11T18:32:00,M-045,BOG
T-1906,CU-792,3769.73,USD,CO,web,D-792,2025-12-11T18:34:00,M-012,BAN
T-4088,CU-028,3592.21,USD,ES,mobile,D-028,2025-12-11T18:39:00,M-027,CABK
T-3420,CU-559,2684.58,USD,AR,mobile,D-559,2025-12-11T18:49:00,M-048,SAN
T-3794,CU-019,2702.27,USD,CO,web,D-019,2025-12-11T18:53:00,M-004,BAN
T-7449,CU-100,1431.47,USD,AR,web,D-100,2025-12-11T18:57:00,M-014,SAN
T-6106,CU-430,1129.94,USD,CO,mobile,D-430,2025-12-11T19:03:00,M-010,BOG
T-3576,CU-650,1338.65,USD,ES,web,D-650,2025-12-11T19:04:00,M-034,CABK
T-2536,CU-826,1828.58,USD,CO,mobile,D-826,2025-12-11T19:06:00,M-049,BOG
T-2484,CU-729,2496.99,USD,CO,mobile,D-729,2025-12-11T19:12:00,M-031,BAN
T-7351,CU-201,4173.86,USD,US,web,D-201,2025-12-11T19:29:00,M-040,JPM
T-4314,CU-717,165.86,USD,AR,web,D-717,2025-12-11T19:33:00,M-004,BNA
T-1576,CU-428,437.18,USD,MX,mobile,D-428,2025-12-11T19:35:00,M-019,BBVA
T-6994,CU-725,1134.75,USD,ES,web,D-725,2025-12-11T19:50:00,M-043,SAN
T-4676,CU-787,236.38,USD,CO,mobile,D-787,2025-12-11T20:00:00,M-038,BAN
T-4685,CU-626,398.98,USD,CO,mobile,D-626,2025-12-11T20:01:00,M-014,BOG
T-3471,CU-216,4236.74,USD,CO,web,D-216,2025-12-11T20:01:00,M-021,BAN
T-3353,CU-567,1756.70,USD,CO,mobile,D-567,2025-12-11T20:03:00,M-007,BOG
T-3108,CU-976,2525.05,USD,ES,web,D-976,2025-12-11T20:05:00,M-006,BBVA
T-2703,CU-304,2144.40,USD,MX,web,D-304,2025-12-11T20:06:00,M-027,BBVA
T-5415,CU-687,1423.39,USD,AR,web,D-687,2025-12-11T20:12:00,M-044,GAL
T-7232,CU-814,2124.00,USD,US,web,D-814,2025-12-11T20:19:00,M-048,WFC
T-3785,CU-063,3171.00,USD,MX,web,D-063,2025-12-11T20:45:00,M-003,BBVA
T-1189,CU-487,3580.75,USD,CO,web,D-487,2025-12-11T20:58:00,M-047,BAN
T-4655,CU-982,3534.74,PEN,PE,web,D-982,2025-12-11T21:04:00,M-006,IBK
T-6926,CU-558,704.95,USD,MX,mobile,D-558,2025-12-11T21:09:00,M-003,BAN
T-6757,CU-892,4410.33,USD,AR,mobile,D-892,2025-12-11T21:15:00,M-022,BNA
T-5201,CU-511,802.05,USD,ES,web,D-511,2025-12-11T21:27:00,M-005,CABK
T-4723,CU-553,8609.74,PEN,PE,web,D-553,2025-12-11T21:45:00,M-019,IBK
T-5519,CU-920,6394.39,USD,AR,web,D-920,2025-12-11T21:49:00,M-028,SAN
T-7768,CU-417,2754.68,USD,AR,mobile,D-417,2025-12-11T22:06:00,M-017,SAN
T-6963,CU-864,101.06,USD,ES,mobile,D-864,2025-12-11T22:09:00,M-010,CABK
T-6192,CU-719,1487.05,USD,ES,web,D-719,2025-12-11T22:13:00,M-011,SAN
T-7686,CU-007,670.31,USD,CL,mobile,D-007,2025-12-11T22:31:00,M-017,SAN
T-5928,CU-628,4992.56,USD,MX,web,D-628,2025-12-11T22:36:00,M-050,BAN
T-3850,CU-179,2834.43,USD,CL,mobile,D-179,2025-12-11T22:58:00,M-030,SAN
T-3601,CU-775,2626.57,USD,MX,mobile,D-775,2025-12-12T02:08:00,M-027,SAN
T-2858,CU-324,13875.51,PEN,PE,mobile,D-324,2025-12-12T03:15:00,M-049,IBK
T-6073,CU-997,1661.36,USD,CO,web,D-997,2025-12-12T05:46:00,M-023,BOG
T-2079,CU-161,3766.91,USD,CL,web,D-161,2025-12-12T06:14:00,M-037,SAN
T-7612,CU-916,2509.25,USD,MX,web,D-916,2025-12-12T06:16:00,M-022,BAN
T-2461,CU-711,3013.88,USD,MX,mobile,D-711,2025-12-12T06:44:00,M-012,BAN
T-7677,CU-539,4039.84,USD,ES,web,D-539,2025-12-12T07:07:00,M-004,BBVA
T-2265,CU-763,1611.11,USD,ES,web,D-763,2025-12-12T07:14:00,M-026,CABK
T-1309,CU-702,1393.85,USD,US,mobile,D-702,2025-12-12T07:21:00,M-017,BAC
T-6415,CU-532,1081.70,USD,US,web,D-532,2025-12-12T07:27:00,M-034,WFC
T-1493,CU-039,2944.86,USD,MX,mobile,D-039,2025-12-12T07:28:00,M-032,BBVA
T-4463,CU-749,6201.88,USD,RU,mobile,D-999840,2025-12-12T07:30:00,M-013,DAV
T-7673,CU-230,4873.35,USD,ES,web,D-230,2025-12-12T07:36:00,M-032,BBVA
T-3968,CU-882,4181.81,USD,CL,mobile,D-882,2025-12-12T07:42:00,M-017,BCH
T-6645,CU-348,452.07,USD,US,web,D-348,2025-12-12T08:00:00,M-008,JPM
T-6651,CU-880,3325.73,PEN,PE,web,D-880,2025-12-12T08:19:00,M-025,IBK
T-1281,CU-382,3179.75,USD,US,web,D-382,2025-12-12T08:53:00,M-005,BAC
T-3386,CU-550,1774.19,PEN,PE,web,D-550,2025-12-12T08:56:00,M-002,BCP
T-7317,CU-457,4061.76,USD,CO,mobile,D-457,2025-12-12T09:00:00,M-044,DAV
T-4170,CU-524,3422.47,USD,AR,web,D-524,2025-12-12T09:26:00,M-046,SAN
T-4500,CU-705,5278.63,PEN,PE,web,D-705,2025-12-12T09:28:00,M-031,BCP
T-1222,CU-892,4768.75,USD,AR,mobile,D-892,2025-12-12T09:31:00,M-050,BNA
T-1146,CU-849,2434.80,USD,CL,mobile,D-849,2025-12-12T09:32:00,M-030,BCH
T-4121,CU-034,3741.21,USD,CO,mobile,D-034,2025-12-12T09:33:00,M-012,DAV
T-4382,CU-977,4345.82,USD,AR,mobile,D-977,2025-12-12T09:34:00,M-014,BNA
T-6907,CU-099,2830.22,USD,AR,web,D-099,2025-12-12T09:37:00,M-017,SAN
T-4169,CU-362,4019.90,USD,CO,web,D-362,2025-12-12T09:45:00,M-031,BOG
T-5177,CU-416,2202.03,PEN,PE,web,D-416,2025-12-12T10:00:00,M-013,SAN
T-4945,CU-618,4477.68,PEN,PE,mobile,D-618,2025-12-12T10:00:00,M-002,BAC
T-7019,CU-929,3747.65,PEN,PE,mobile,D-929,2025-12-12T10:00:00,M-041,BBVA
T-7433,CU-674,2092.46,USD,AR,mobile,D-674,2025-12-12T10:03:00,M-049,BNA
T-7841,CU-501,2938.77,USD,CL,mobile,D-501,2025-12-12T10:05:00,M-023,BCH
T-2493,CU-393,2345.59,PEN,PE,mobile,D-393,2025-12-12T10:05:00,M-018,BBVA
T-5915,CU-838,990.39,USD,MX,web,D-838,2025-12-12T10:09:00,M-040,SAN
T-2483,CU-408,365.87,USD,US,mobile,D-408,2025-12-12T10:15:00,M-004,JPM
T-1026,CU-559,2914.41,USD,AR,mobile,D-559,2025-12-12T10:21:00,M-038,SAN
T-7526,CU-492,1691.26,USD,US,mobile,D-492,2025-12-12T10:27:00,M-043,WFC
T-3942,CU-760,5657.73,USD,AR,mobile,D-760,2025-12-12T10:27:00,M-011,SAN
T-7930,CU-935,3288.76,USD,CO,mobile,D-935,2025-12-12T10:28:00,M-022,BOG
T-5037,CU-951,2604.42,USD,CO,mobile,D-951,2025-12-12T10:30:00,M-039,BOG
T-6300,CU-949,309.16,USD,CL,mobile,D-949,2025-12-12T10:46:00,M-026,BCH
T-6679,CU-492,2902.27,USD,US,mobile,D-492,2025-12-12T10:51:00,M-002,WFC
T-2278,CU-124,2139.84,PEN,PE,web,D-124,2025-12-12T10:51:00,M-001,BCP
T-6610,CU-650,2999.37,USD,ES,web,D-650,2025-12-12T10:56:00,M-043,CABK
T-5470,CU-970,208.87,USD,CL,mobile,D-970,2025-12-12T10:57:00,M-009,BCI
T-7318,CU-457,4061.76,USD,CO,mobile,D-457,2025-12-12T11:00:00,M-044,DAV
T-5911,CU-261,3358.09,USD,US,mobile,D-261,2025-12-12T11:01:00,M-029,WFC
T-7347,CU-160,1183.46,USD,AR,mobile,D-160,2025-12-12T11:05:00,M-012,SAN
T-4793,CU-197,1259.92,USD,CL,web,D-197,2025-12-12T11:08:00,M-026,SAN
T-6054,CU-764,773.34,USD,CO,mobile,D-764,2025-12-12T11:16:00,M-037,BAN
T-3681,CU-910,690.15,USD,AR,mobile,D-910,2025-12-12T11:17:00,M-010,BNA
T-6699,CU-423,3169.79,USD,AR,web,D-423,2025-12-12T11:19:00,M-038,GAL
T-4979,CU-510,2745.67,USD,AR,mobile,D-510,2025-12-12T11:25:00,M-042,SAN
T-5178,CU-416,2202.03,USD,ES,web,D-416,2025-12-12T11:30:00,M-021,SAN
T-7020,CU-929,3747.65,USD,ES,mobile,D-929,2025-12-12T11:30:00,M-005,BBVA
T-4946,CU-618,4477.68,USD,ES,mobile,D-618,2025-12-12T11:30:00,M-010,BAC
T-4087,CU-546,4207.22,PEN,PE,mobile,D-546,2025-12-12T11:38:00,M-036,IBK
T-6629,CU-734,3828.32,USD,MX,web,D-734,2025-12-12T11:42:00,M-040,BBVA
T-5357,CU-226,570.74,USD,CL,mobile,D-226,2025-12-12T11:43:00,M-021,BCI
T-7334,CU-913,2795.17,USD,US,web,D-913,2025-12-12T11:49:00,M-008,WFC
T-2245,CU-308,2066.14,USD,ES,mobile,D-308,2025-12-12T11:50:00,M-025,BBVA
T-5253,CU-375,1035.11,USD,AR,mobile,D-375,2025-12-12T11:50:00,M-050,BNA
T-3945,CU-701,626.16,USD,CL,web,D-701,2025-12-12T11:54:00,M-021,BCI
T-4868,CU-395,2542.18,USD,MX,mobile,D-395,2025-12-12T11:56:00,M-016,BAN
T-6870,CU-598,215.26,USD,US,mobile,D-598,2025-12-12T12:01:00,M-035,WFC
T-2804,CU-694,999.17,USD,AR,web,D-694,2025-12-12T12:01:00,M-013,BNA
T-5041,CU-649,325.60,USD,MX,web,D-649,2025-12-12T12:01:00,M-018,BBVA
T-2805,CU-694,1258.48,USD,AR,web,D-694,2025-12-12T12:02:00,M-013,BNA
T-4597,CU-830,3139.76,USD,US,mobile,D-830,2025-12-12T12:02:00,M-027,BAC
T-5042,CU-649,409.82,USD,MX,web,D-649,2025-12-12T12:02:00,M-018,BBVA
T-6871,CU-598,869.81,USD,US,mobile,D-598,2025-12-12T12:02:00,M-035,WFC
T-5043,CU-649,360.82,USD,MX,web,D-649,2025-12-12T12:03:00,M-018,BBVA
T-2806,CU-694,1812.78,USD,AR,web,D-694,2025-12-12T12:03:00,M-013,BNA
T-1545,CU-375,1359.64,USD,AR,mobile,D-375,2025-12-12T12:03:00,M-030,BNA
T-6872,CU-598,187.87,USD,US,mobile,D-598,2025-12-12T12:03:00,M-035,WFC
T-4657,CU-605,3190.29,USD,RU,web,D-999571,2025-12-12T12:03:00,M-011,BCH
T-2807,CU-694,1697.21,USD,AR,web,D-694,2025-12-12T12:04:00,M-013,BNA
T-6873,CU-598,698.22,USD,US,mobile,D-598,2025-12-12T12:04:00,M-035,WFC
T-5044,CU-649,723.54,USD,MX,web,D-649,2025-12-12T12:04:00,M-018,BBVA
T-2570,CU-744,5190.73,USD,MX,web,D-744,2025-12-12T12:06:00,M-045,BAN
T-2501,CU-403,2400.50,USD,CO,web,D-403,2025-12-12T12:12:00,M-025,DAV
T-3943,CU-816,1562.01,USD,US,mobile,D-816,2025-12-12T12:14:00,M-016,BAC
T-4481,CU-893,2927.48,PEN,PE,mobile,D-893,2025-12-12T12:19:00,M-010,IBK
T-2147,CU-219,3061.20,USD,CL,web,D-219,2025-12-12T12:23:00,M-005,SAN
T-4330,CU-583,1181.20,USD,AR,web,D-583,2025-12-12T12:35:00,M-028,BNA
T-1141,CU-102,1571.14,USD,AR,mobile,D-102,2025-12-12T12:36:00,M-013,SAN
T-4450,CU-466,4613.77,USD,CL,web,D-466,2025-12-12T12:43:00,M-027,BCH
T-4356,CU-007,608.18,USD,CL,mobile,D-007,2025-12-12T12:57:00,M-027,SAN
T-7319,CU-457,4061.76,USD,CO,mobile,D-457,2025-12-12T13:00:00,M-044,DAV
T-7230,CU-511,904.39,USD,ES,web,D-511,2025-12-12T13:06:00,M-037,CABK
T-4925,CU-357,1840.77,USD,MX,web,D-357,2025-12-12T13:07:00,M-024,BAN
T-5210,CU-287,4468.98,USD,US,web,D-287,2025-12-12T13:08:00,M-022,WFC
T-7546,CU-528,7152.18,USD,CL,web,D-528,2025-12-12T13:11:00,M-034,BCI
T-3475,CU-250,2648.45,USD,ES,mobile,D-250,2025-12-12T13:14:00,M-015,BBVA
T-6952,CU-050,1324.01,PEN,PE,mobile,D-050,2025-12-12T13:16:00,M-003,IBK
T-6108,CU-530,251.45,USD,ES,web,D-530,2025-12-12T13:24:00,M-037,BBVA
T-1110,CU-791,5296.53,USD,ES,web,D-791,2025-12-12T13:24:00,M-022,SAN
T-2156,CU-052,1075.17,USD,ES,web,D-052,2025-12-12T13:32:00,M-007,BBVA
T-3709,CU-482,5168.22,USD,CL,web,D-482,2025-12-12T13:35:00,M-010,SAN
T-3194,CU-930,2516.30,PEN,PE,mobile,D-930,2025-12-12T13:36:00,M-044,IBK
T-3096,CU-723,5485.56,USD,US,web,D-723,2025-12-12T13:37:00,M-019,JPM
T-7523,CU-666,1680.27,USD,MX,mobile,D-666,2025-12-12T13:40:00,M-041,BBVA
T-7548,CU-344,4319.29,USD,US,mobile,D-344,2025-12-12T13:46:00,M-038,WFC
T-7483,CU-709,901.09,USD,US,mobile,D-709,2025-12-12T13:46:00,M-010,WFC
T-2090,CU-435,4396.54,USD,CL,web,D-435,2025-12-12T13:51:00,M-024,SAN
T-4831,CU-638,4399.42,USD,CO,web,D-638,2025-12-12T13:53:00,M-021,BOG
T-3834,CU-089,3720.93,USD,AR,web,D-089,2025-12-12T13:53:00,M-019,BNA
T-7587,CU-478,915.83,USD,AR,web,D-478,2025-12-12T13:58:00,M-006,SAN
T-4694,CU-718,0.50,USD,CO,web,D-999670,2025-12-12T14:00:00,M-002,BAN
T-4049,CU-929,1302.10,USD,MX,mobile,D-929,2025-12-12T14:00:00,M-999,BBVA
T-4325,CU-836,3328.83,PEN,PE,mobile,D-836,2025-12-12T14:01:00,M-016,IBK
T-4695,CU-718,0.50,USD,CO,web,D-999670,2025-12-12T14:02:00,M-008,BAN
T-3906,CU-269,900.74,USD,ES,mobile,D-269,2025-12-12T14:03:00,M-005,BBVA
T-7613,CU-594,2838.65,PEN,PE,web,D-594,2025-12-12T14:03:00,M-042,BCP
T-4696,CU-718,14474.12,USD,CO,web,D-999670,2025-12-12T14:06:00,M-022,BAN
T-1604,CU-879,5421.08,USD,CL,mobile,D-879,2025-12-12T14:19:00,M-023,SAN
T-5562,CU-728,3662.61,USD,CL,mobile,D-728,2025-12-12T14:22:00,M-046,SAN
T-5700,CU-756,1259.78,USD,CL,mobile,D-756,2025-12-12T14:25:00,M-038,SAN
T-7399,CU-169,1080.58,USD,US,mobile,D-169,2025-12-12T14:32:00,M-048,BAC
T-4228,CU-111,432.51,USD,MX,web,D-111,2025-12-12T14:33:00,M-008,SAN
T-3715,CU-595,2811.88,USD,AR,web,D-595,2025-12-12T14:39:00,M-040,SAN
T-5501,CU-818,72.24,USD,AR,mobile,D-818,2025-12-12T14:40:00,M-035,BNA
T-6464,CU-952,4346.60,USD,MX,web,D-952,2025-12-12T14:41:00,M-049,SAN
T-5371,CU-794,3985.85,USD,CL,mobile,D-794,2025-12-12T14:41:00,M-013,BCH
T-3396,CU-394,5401.54,USD,AR,web,D-394,2025-12-12T14:42:00,M-017,SAN
T-5734,CU-919,1406.90,USD,US,web,D-919,2025-12-12T14:47:00,M-001,WFC
T-3146,CU-844,720.31,USD,CO,web,D-844,2025-12-12T14:48:00,M-033,BAN
T-3888,CU-975,3231.80,USD,CL,web,D-975,2025-12-12T14:51:00,M-038,SAN
T-1596,CU-875,532.54,USD,ES,mobile,D-875,2025-12-12T14:52:00,M-033,SAN
T-5672,CU-750,123.28,USD,CL,mobile,D-750,2025-12-12T14:52:00,M-021,BCH
T-4013,CU-131,179.22,USD,MX,mobile,D-131,2025-12-12T14:53:00,M-001,SAN
T-4627,CU-561,1019.71,USD,CO,mobile,D-561,2025-12-12T14:56:00,M-029,BOG
T-7791,CU-149,2454.43,USD,US,mobile,D-149,2025-12-12T14:58:00,M-017,JPM
T-3724,CU-289,3920.72,USD,CL,mobile,D-289,2025-12-12T15:00:00,M-032,BCI
T-4120,CU-266,6669.21,USD,ES,web,D-266,2025-12-12T15:03:00,M-037,BBVA
T-7272,CU-581,2795.76,USD,CO,web,D-581,2025-12-12T15:13:00,M-044,DAV
T-4079,CU-059,4014.27,USD,CL,web,D-059,2025-12-12T15:16:00,M-045,BCI
T-3099,CU-210,3500.93,USD,ES,web,D-210,2025-12-12T15:24:00,M-035,SAN
T-6885,CU-799,2373.46,PEN,PE,web,D-799,2025-12-12T15:25:00,M-034,IBK
T-7101,CU-683,1710.48,PEN,PE,web,D-683,2025-12-12T15:26:00,M-004,BBVA
T-7744,CU-295,3228.54,USD,CL,web,D-295,2025-12-12T15:26:00,M-016,BCH
T-1049,CU-734,4388.71,USD,MX,web,D-734,2025-12-12T15:27:00,M-013,BBVA
T-3571,CU-721,2807.95,USD,US,web,D-721,2025-12-12T15:27:00,M-042,JPM
T-6793,CU-946,1256.81,PEN,PE,web,D-946,2025-12-12T15:28:00,M-033,BBVA
T-5965,CU-240,421.65,USD,ES,mobile,D-240,2025-12-12T15:29:00,M-020,CABK
T-4020,CU-444,4550.47,USD,MX,web,D-444,2025-12-12T15:31:00,M-002,BBVA
T-1193,CU-418,2296.42,USD,CO,web,D-418,2025-12-12T15:38:00,M-009,BAN
T-4115,CU-887,2539.38,USD,MX,mobile,D-887,2025-12-12T15:38:00,M-035,BAN
T-6895,CU-156,507.61,USD,ES,web,D-156,2025-12-12T15:43:00,M-016,CABK
T-3225,CU-867,4456.12,PEN,PE,mobile,D-867,2025-12-12T15:53:00,M-028,IBK
T-1621,CU-224,3766.28,USD,CL,mobile,D-224,2025-12-12T15:56:00,M-049,BCI
T-4684,CU-115,2343.51,USD,US,web,D-115,2025-12-12T15:57:00,M-002,BAC
T-5620,CU-094,5241.61,USD,AR,mobile,D-094,2025-12-12T15:57:00,M-013,GAL
T-7435,CU-710,3020.50,USD,US,web,D-710,2025-12-12T16:00:00,M-045,WFC
T-6431,CU-724,2874.63,USD,AR,web,D-724,2025-12-12T16:12:00,M-047,BNA
T-4830,CU-876,3507.82,USD,CL,web,D-876,2025-12-12T16:21:00,M-001,SAN
T-6181,CU-068,2567.35,USD,AR,mobile,D-068,2025-12-12T16:23:00,M-039,SAN
T-3787,CU-250,6753.67,USD,ES,mobile,D-250,2025-12-12T16:24:00,M-024,BBVA
T-5238,CU-920,6436.27,USD,AR,web,D-920,2025-12-12T16:24:00,M-028,SAN
T-6735,CU-576,96.21,USD,CL,web,D-576,2025-12-12T16:31:00,M-025,BCI
T-7672,CU-961,394.42,PEN,PE,mobile,D-961,2025-12-12T16:32:00,M-010,IBK
T-4672,CU-095,424.37,USD,ES,mobile,D-095,2025-12-12T16:34:00,M-045,SAN
T-1813,CU-711,2602.42,USD,MX,mobile,D-711,2025-12-12T16:34:00,M-013,BAN
T-1804,CU-674,3428.72,USD,AR,mobile,D-674,2025-12-12T16:36:00,M-001,BNA
T-7588,CU-628,2116.34,USD,MX,web,D-628,2025-12-12T16:38:00,M-009,BAN
T-2811,CU-713,2369.88,USD,US,web,D-713,2025-12-12T16:39:00,M-045,JPM
T-1327,CU-204,1816.20,USD,MX,mobile,D-204,2025-12-12T16:42:00,M-046,BAN
T-3641,CU-305,1004.35,USD,US,web,D-305,2025-12-12T16:45:00,M-026,JPM
T-3131,CU-710,938.01,USD,US,mobile,D-710,2025-12-12T16:45:00,M-005,WFC
T-1256,CU-403,4906.58,USD,CO,web,D-403,2025-12-12T16:46:00,M-002,DAV
T-7356,CU-235,1542.87,USD,US,web,D-235,2025-12-12T16:46:00,M-029,WFC
T-2201,CU-427,6236.06,USD,US,web,D-427,2025-12-12T16:47:00,M-005,BAC
T-4009,CU-349,2422.90,PEN,PE,mobile,D-349,2025-12-12T16:47:00,M-001,BCP
T-5786,CU-260,749.34,USD,CO,mobile,D-260,2025-12-12T16:51:00,M-020,BAN
T-2629,CU-602,1263.95,USD,US,mobile,D-602,2025-12-12T16:53:00,M-003,WFC
T-4052,CU-402,3277.62,USD,CO,mobile,D-402,2025-12-12T16:54:00,M-002,BAN
T-6113,CU-653,2935.46,USD,AR,web,D-653,2025-12-12T16:56:00,M-001,GAL
T-6019,CU-934,2939.38,USD,MX,web,D-934,2025-12-12T16:58:00,M-027,SAN
T-6579,CU-235,2078.26,USD,US,web,D-235,2025-12-12T17:02:00,M-015,WFC
T-3953,CU-955,2210.61,USD,ES,mobile,D-955,2025-12-12T17:02:00,M-017,SAN
T-1652,CU-577,562.28,USD,US,web,D-577,2025-12-12T17:05:00,M-028,JPM
T-4439,CU-213,3605.52,PEN,PE,mobile,D-213,2025-12-12T17:06:00,M-033,IBK
T-3944,CU-199,1988.79,USD,CL,mobile,D-199,2025-12-12T17:07:00,M-025,BCI
T-2160,CU-955,2890.27,USD,ES,mobile,D-955,2025-12-12T17:08:00,M-050,SAN
T-3060,CU-601,2180.39,USD,CL,web,D-601,2025-12-12T17:10:00,M-049,SAN
T-2511,CU-462,3654.97,USD,US,web,D-462,2025-12-12T17:10:00,M-007,JPM
T-6218,CU-722,3834.82,USD,CL,mobile,D-722,2025-12-12T17:13:00,M-013,BCI
T-3843,CU-107,3342.29,USD,MX,web,D-107,2025-12-12T17:20:00,M-021,BAN
T-4258,CU-281,7020.60,USD,US,web,D-281,2025-12-12T17:26:00,M-045,BAC
T-1265,CU-834,796.20,USD,CO,mobile,D-834,2025-12-12T17:33:00,M-042,DAV
T-1753,CU-208,1707.30,USD,CL,web,D-208,2025-12-12T17:33:00,M-010,BCI
T-1080,CU-485,750.47,USD,ES,web,D-485,2025-12-12T17:35:00,M-040,SAN
T-5833,CU-662,6825.61,USD,US,mobile,D-662,2025-12-12T17:54:00,M-027,BAC
T-3165,CU-062,4230.28,USD,MX,mobile,D-062,2025-12-12T18:07:00,M-010,BBVA
T-7091,CU-106,3429.10,PEN,PE,mobile,D-106,2025-12-12T18:09:00,M-049,BBVA
T-1801,CU-295,1188.93,USD,CL,web,D-295,2025-12-12T18:11:00,M-022,BCH
T-1822,CU-963,2337.07,USD,CO,mobile,D-963,2025-12-12T18:12:00,M-024,BAN
T-7726,CU-111,578.47,USD,MX,web,D-111,2025-12-12T18:18:00,M-044,SAN
T-7499,CU-866,1058.33,USD,US,web,D-866,2025-12-12T18:30:00,M-045,BAC
T-4210,CU-561,2415.59,USD,CO,mobile,D-561,2025-12-12T18:31:00,M-030,BOG
T-7353,CU-858,1037.25,USD,MX,mobile,D-858,2025-12-12T18:32:00,M-034,BBVA
T-6782,CU-940,2197.41,USD,CL,mobile,D-940,2025-12-12T18:33:00,M-014,BCI
T-7320,CU-904,536.01,USD,ES,web,D-904,2025-12-12T18:36:00,M-020,CABK
T-4594,CU-593,2645.15,USD,CL,web,D-593,2025-12-12T18:37:00,M-026,SAN
T-1254,CU-828,5838.08,USD,CL,web,D-828,2025-12-12T18:38:00,M-047,BCH
T-5144,CU-190,3268.97,USD,AR,mobile,D-190,2025-12-12T18:43:00,M-034,BNA
T-2656,CU-050,1035.11,PEN,PE,mobile,D-050,2025-12-12T18:45:00,M-011,IBK
T-1619,CU-885,1604.85,USD,US,web,D-885,2025-12-12T18:51:00,M-034,JPM
T-2080,CU-155,668.35,USD,ES,mobile,D-155,2025-12-12T19:00:00,M-999,BBVA
T-1266,CU-788,7833.75,USD,CL,web,D-788,2025-12-12T19:00:00,M-011,BCI
T-6812,CU-319,1950.80,USD,AR,mobile,D-319,2025-12-12T19:13:00,M-009,GAL
T-6384,CU-270,1242.24,PEN,PE,web,D-270,2025-12-12T19:19:00,M-020,BBVA
T-2775,CU-662,5827.56,USD,US,mobile,D-662,2025-12-12T19:21:00,M-041,BAC
T-1762,CU-486,837.51,USD,CL,mobile,D-486,2025-12-12T19:22:00,M-040,BCI
T-4918,CU-051,157.28,USD,ES,web,D-051,2025-12-12T19:24:00,M-027,SAN
T-2631,CU-639,3099.89,USD,CO,mobile,D-639,2025-12-12T19:34:00,M-018,BOG
T-5904,CU-172,936.16,USD,MX,web,D-172,2025-12-12T19:35:00,M-027,BAN
T-3184,CU-219,1525.49,USD,CL,web,D-219,2025-12-12T20:03:00,M-042,SAN
T-1534,CU-296,2118.35,USD,CL,mobile,D-296,2025-12-12T20:08:00,M-027,BCI
T-4124,CU-884,2241.11,USD,CL,web,D-884,2025-12-12T20:18:00,M-049,BCH
T-2730,CU-419,4263.31,USD,CO,mobile,D-419,2025-12-12T20:20:00,M-019,BOG
T-5858,CU-684,4001.18,USD,US,mobile,D-684,2025-12-12T20:42:00,M-043,WFC
T-3285,CU-826,3220.46,USD,CO,mobile,D-826,2025-12-12T20:44:00,M-032,BOG
T-6559,CU-749,2602.50,USD,CO,mobile,D-749,2025-12-12T20:45:00,M-039,DAV
T-6886,CU-950,1781.41,USD,AR,mobile,D-950,2025-12-12T20:48:00,M-022,BNA
T-1426,CU-142,3334.95,USD,AR,web,D-142,2025-12-12T20:48:00,M-046,GAL
T-2514,CU-656,2566.00,USD,AR,web,D-656,2025-12-12T20:58:00,M-040,BNA
T-7868,CU-434,1329.58,USD,US,web,D-434,2025-12-12T21:10:00,M-021,JPM
T-6074,CU-371,2763.97,USD,AR,mobile,D-371,2025-12-12T21:11:00,M-032,BNA
T-3486,CU-487,1490.24,USD,CO,web,D-487,2025-12-12T21:15:00,M-010,BAN
T-6466,CU-653,4134.61,USD,AR,web,D-653,2025-12-12T21:16:00,M-048,GAL
T-6387,CU-473,3933.36,USD,CO,mobile,D-473,2025-12-12T21:46:00,M-045,BAN
T-2234,CU-999,5239.26,USD,CO,mobile,D-999,2025-12-12T21:53:00,M-026,BAN
T-6743,CU-868,2144.48,USD,CL,web,D-868,2025-12-12T21:56:00,M-036,BCH
T-6829,CU-654,411.00,PEN,PE,mobile,D-654,2025-12-12T22:24:00,M-001,BBVA
T-4669,CU-354,525.17,USD,MX,mobile,D-354,2025-12-12T22:28:00,M-028,BAN
T-6517,CU-002,4267.58,USD,US,mobile,D-002,2025-12-12T22:53:00,M-014,BAC
T-4625,CU-572,7308.52,USD,US,mobile,D-572,2025-12-13T00:37:00,M-040,WFC
T-7874,CU-373,22261.87,USD,US,web,D-373,2025-12-13T03:33:00,M-049,BAC
T-3240,CU-276,3813.61,USD,CO,mobile,D-276,2025-12-13T06:00:00,M-026,BOG
T-7745,CU-475,1556.78,USD,MX,web,D-475,2025-12-13T07:00:00,M-999,BBVA
T-4232,CU-496,453.39,USD,US,web,D-496,2025-12-13T07:00:00,M-011,WFC
T-7871,CU-568,342.55,USD,CO,mobile,D-568,2025-12-13T07:22:00,M-031,BAN
T-2877,CU-396,528.46,USD,US,web,D-396,2025-12-13T07:28:00,M-024,JPM
T-6801,CU-675,2098.24,USD,CL,mobile,D-675,2025-12-13T07:30:00,M-019,BCI
T-4353,CU-142,2780.66,USD,AR,web,D-142,2025-12-13T07:53:00,M-002,GAL
T-3168,CU-635,3164.84,USD,MX,web,D-635,2025-12-13T08:00:00,M-029,SAN
T-4016,CU-721,4124.29,USD,US,web,D-721,2025-12-13T08:11:00,M-029,JPM
T-3956,CU-430,1239.06,USD,CO,mobile,D-430,2025-12-13T08:13:00,M-003,BOG
T-3493,CU-923,223.64,USD,ES,mobile,D-923,2025-12-13T08:33:00,M-032,CABK
T-5094,CU-363,6124.48,USD,AR,web,D-363,2025-12-13T08:37:00,M-045,SAN
T-7413,CU-100,879.80,USD,AR,web,D-100,2025-12-13T08:53:00,M-006,SAN
T-6159,CU-422,2822.55,USD,MX,web,D-422,2025-12-13T08:54:00,M-008,BAN
T-3087,CU-607,5989.82,USD,AR,mobile,D-607,2025-12-13T09:00:00,M-025,GAL
T-1053,CU-375,4319.73,USD,AR,mobile,D-375,2025-12-13T09:00:00,M-026,BNA
T-1700,CU-610,2424.72,USD,ES,mobile,D-610,2025-12-13T09:17:00,M-024,CABK
T-2207,CU-851,2558.61,USD,US,mobile,D-851,2025-12-13T09:17:00,M-044,JPM
T-5759,CU-426,281.12,USD,RU,web,D-999891,2025-12-13T09:19:00,M-009,BCI
T-4747,CU-731,2504.36,USD,CO,mobile,D-731,2025-12-13T09:24:00,M-018,BOG
T-1190,CU-234,791.53,USD,MX,web,D-234,2025-12-13T09:41:00,M-025,BBVA
T-5222,CU-428,322.04,USD,MX,mobile,D-428,2025-12-13T09:53:00,M-020,BBVA
T-1182,CU-342,4054.13,PEN,PE,web,D-342,2025-12-13T10:00:00,M-017,SAN
T-2242,CU-466,3490.86,PEN,PE,web,D-466,2025-12-13T10:00:00,M-040,BCH
T-1437,CU-511,685.85,PEN,PE,web,D-511,2025-12-13T10:00:00,M-041,CABK
T-6229,CU-361,3793.77,PEN,PE,mobile,D-361,2025-12-13T10:00:00,M-042,SAN
T-6164,CU-558,1657.10,USD,MX,mobile,D-558,2025-12-13T10:05:00,M-022,BAN
T-6598,CU-850,3308.81,USD,AR,mobile,D-850,2025-12-13T10:10:00,M-010,SAN
T-5050,CU-030,2645.92,USD,MX,mobile,D-030,2025-12-13T10:22:00,M-044,BBVA
T-7452,CU-591,449.72,USD,US,web,D-591,2025-12-13T10:25:00,M-035,WFC
T-1148,CU-664,16705.56,USD,ES,web,D-664,2025-12-13T10:26:00,M-008,CABK
T-2559,CU-791,2325.00,USD,ES,web,D-791,2025-12-13T10:32:00,M-007,SAN
T-3826,CU-580,4646.93,USD,CL,mobile,D-580,2025-12-13T10:35:00,M-045,SAN
T-1067,CU-207,1968.00,USD,AR,mobile,D-207,2025-12-13T10:40:00,M-028,GAL
T-5127,CU-359,4647.46,USD,MX,web,D-359,2025-12-13T10:42:00,M-037,SAN
T-4906,CU-913,3069.90,USD,US,web,D-913,2025-12-13T10:47:00,M-034,WFC
T-3694,CU-431,2427.90,USD,ES,web,D-431,2025-12-13T10:53:00,M-050,BBVA
T-7253,CU-086,1158.17,USD,CL,mobile,D-086,2025-12-13T10:56:00,M-014,BCH
T-7007,CU-932,1479.91,USD,MX,mobile,D-932,2025-12-13T10:59:00,M-007,BBVA
T-1054,CU-375,4319.73,USD,AR,mobile,D-375,2025-12-13T11:00:00,M-026,BNA
T-3088,CU-607,5989.82,USD,AR,mobile,D-607,2025-12-13T11:00:00,M-025,GAL
T-4388,CU-237,3270.28,USD,ES,web,D-237,2025-12-13T11:01:00,M-043,SAN
T-6821,CU-762,403.93,USD,AR,mobile,D-762,2025-12-13T11:20:00,M-012,GAL
T-1339,CU-482,4513.66,USD,CL,web,D-482,2025-12-13T11:29:00,M-025,SAN
T-6130,CU-082,2964.95,USD,CL,web,D-082,2025-12-13T11:29:00,M-026,BCI
T-6230,CU-361,3793.77,USD,ES,mobile,D-361,2025-12-13T11:30:00,M-029,SAN
T-2243,CU-466,3490.86,USD,ES,web,D-466,2025-12-13T11:30:00,M-026,BCH
T-1183,CU-342,4054.13,USD,ES,web,D-342,2025-12-13T11:30:00,M-009,SAN
T-1438,CU-511,685.85,USD,ES,web,D-511,2025-12-13T11:30:00,M-007,CABK
T-2342,CU-398,1730.27,PEN,PE,web,D-398,2025-12-13T11:31:00,M-006,BCP
T-3078,CU-488,5271.84,USD,ES,web,D-488,2025-12-13T11:33:00,M-024,BBVA
T-2018,CU-112,2251.85,USD,CL,web,D-112,2025-12-13T11:36:00,M-047,SAN
T-7824,CU-081,3771.19,PEN,PE,web,D-081,2025-12-13T11:37:00,M-010,IBK
T-7088,CU-041,1900.82,USD,AR,web,D-041,2025-12-13T11:39:00,M-011,BNA
T-4581,CU-564,855.64,USD,US,mobile,D-564,2025-12-13T11:41:00,M-031,WFC
T-7220,CU-778,577.57,USD,US,web,D-778,2025-12-13T11:44:00,M-031,WFC
T-5453,CU-195,2647.63,USD,CL,web,D-195,2025-12-13T11:51:00,M-011,BCI
T-3658,CU-912,5278.84,USD,CL,web,D-912,2025-12-13T11:53:00,M-007,BCH
T-6729,CU-126,4821.30,USD,AR,mobile,D-126,2025-12-13T11:53:00,M-004,GAL
T-6438,CU-500,5325.42,USD,US,web,D-500,2025-12-13T11:58:00,M-046,WFC
T-1982,CU-255,2554.80,USD,AR,mobile,D-255,2025-12-13T11:59:00,M-004,SAN
T-7377,CU-121,1836.13,PEN,PE,mobile,D-121,2025-12-13T12:00:00,M-999,BCP
T-1572,CU-233,2083.64,USD,MX,web,D-233,2025-12-13T12:00:00,M-044,SAN
T-2285,CU-262,741.80,USD,ES,web,D-262,2025-12-13T12:01:00,M-049,BBVA
T-2286,CU-262,1529.91,USD,ES,web,D-262,2025-12-13T12:02:00,M-049,BBVA
T-2287,CU-262,1333.11,USD,ES,web,D-262,2025-12-13T12:03:00,M-049,BBVA
T-2288,CU-262,799.37,USD,ES,web,D-262,2025-12-13T12:04:00,M-049,BBVA
T-4292,CU-898,3620.25,USD,ES,mobile,D-898,2025-12-13T12:06:00,M-038,BBVA
T-1120,CU-333,3139.97,USD,CL,web,D-333,2025-12-13T12:08:00,M-049,BCH
T-2380,CU-447,1143.63,USD,US,web,D-447,2025-12-13T12:12:00,M-049,WFC
T-4457,CU-488,2667.61,USD,ES,web,D-488,2025-12-13T12:15:00,M-041,BBVA
T-2680,CU-419,2106.95,USD,CO,mobile,D-419,2025-12-13T12:19:00,M-049,BOG
T-2089,CU-903,689.44,USD,CO,mobile,D-903,2025-12-13T12:21:00,M-039,BOG
T-2790,CU-397,1024.02,USD,AR,web,D-397,2025-12-13T12:21:00,M-014,BNA
T-7407,CU-789,3788.64,USD,US,web,D-789,2025-12-13T12:25:00,M-047,WFC
T-2450,CU-464,223.77,USD,ES,mobile,D-464,2025-12-13T12:26:00,M-017,CABK
T-5246,CU-954,6281.46,PEN,PE,mobile,D-954,2025-12-13T12:26:00,M-034,IBK
T-2215,CU-774,1245.25,USD,US,web,D-774,2025-12-13T12:28:00,M-005,WFC
T-1063,CU-680,2167.58,USD,MX,web,D-680,2025-12-13T12:31:00,M-016,BAN
T-7719,CU-115,2665.23,USD,US,web,D-115,2025-12-13T12:35:00,M-022,BAC
T-4397,CU-504,2450.40,USD,ES,web,D-504,2025-12-13T12:36:00,M-023,SAN
T-3881,CU-795,1368.42,USD,ES,mobile,D-795,2025-12-13T12:38:00,M-045,CABK
T-3898,CU-761,657.43,PEN,PE,web,D-761,2025-12-13T12:39:00,M-032,BBVA
T-3012,CU-193,1891.60,USD,MX,mobile,D-193,2025-12-13T12:41:00,M-044,BAN
T-3156,CU-411,810.18,USD,MX,web,D-411,2025-12-13T12:43:00,M-024,SAN
T-4872,CU-327,1871.77,USD,CL,mobile,D-327,2025-12-13T12:44:00,M-047,BCH
T-3089,CU-607,5989.82,USD,AR,mobile,D-607,2025-12-13T13:00:00,M-025,GAL
T-6338,CU-448,768.95,USD,US,mobile,D-448,2025-12-13T13:00:00,M-038,JPM
T-1055,CU-375,4319.73,USD,AR,mobile,D-375,2025-12-13T13:00:00,M-026,BNA
T-7651,CU-471,239.47,USD,CL,web,D-471,2025-12-13T13:03:00,M-013,BCI
T-3153,CU-709,580.02,USD,US,mobile,D-709,2025-12-13T13:03:00,M-010,WFC
T-1330,CU-519,2756.34,USD,CO,web,D-519,2025-12-13T13:09:00,M-050,DAV
T-7227,CU-179,3003.63,USD,CL,mobile,D-179,2025-12-13T13:11:00,M-027,SAN
T-2213,CU-085,1869.50,USD,AR,mobile,D-085,2025-12-13T13:14:00,M-020,SAN
T-2114,CU-131,109.35,USD,MX,mobile,D-131,2025-12-13T13:15:00,M-016,SAN
T-2955,CU-962,1033.27,PEN,PE,web,D-962,2025-12-13T13:18:00,M-013,IBK
T-7618,CU-395,2820.66,USD,MX,mobile,D-395,2025-12-13T13:21:00,M-029,BAN
T-6887,CU-814,1162.08,USD,US,web,D-814,2025-12-13T13:23:00,M-025,WFC
T-2701,CU-252,832.50,USD,CO,web,D-252,2025-12-13T13:24:00,M-007,BAN
T-2298,CU-428,380.58,USD,MX,mobile,D-428,2025-12-13T13:30:00,M-044,BBVA
T-7912,CU-898,2510.02,USD,ES,mobile,D-898,2025-12-13T13:31:00,M-048,BBVA
T-4623,CU-117,442.99,USD,US,mobile,D-117,2025-12-13T13:36:00,M-027,JPM
T-5397,CU-030,2843.19,USD,MX,mobile,D-030,2025-12-13T13:37:00,M-022,BBVA
T-1754,CU-581,2863.61,USD,CO,web,D-581,2025-12-13T13:43:00,M-035,DAV
T-5170,CU-680,2131.24,USD,MX,web,D-680,2025-12-13T13:44:00,M-030,BAN
T-6111,CU-043,4369.68,USD,AR,web,D-043,2025-12-13T13:44:00,M-023,GAL
T-4209,CU-317,1865.35,USD,CL,web,D-317,2025-12-13T13:46:00,M-011,BCH
T-1422,CU-241,291.04,USD,ES,mobile,D-241,2025-12-13T13:46:00,M-050,CABK
T-4619,CU-801,3884.92,USD,MX,web,D-801,2025-12-13T13:47:00,M-037,BAN
T-3894,CU-947,4703.08,USD,ES,mobile,D-947,2025-12-13T13:47:00,M-043,SAN
T-4886,CU-322,4029.04,USD,AR,web,D-322,2025-12-13T13:50:00,M-022,SAN
T-6003,CU-508,626.17,USD,CL,mobile,D-508,2025-12-13T13:55:00,M-012,BCI
T-1922,CU-977,3947.82,USD,AR,mobile,D-977,2025-12-13T13:59:00,M-017,BNA
T-2005,CU-318,0.50,USD,CO,web,D-999852,2025-12-13T14:00:00,M-020,BOG
T-2254,CU-399,0.50,USD,MX,mobile,D-999745,2025-12-13T14:00:00,M-047,SAN
T-3102,CU-876,2889.12,USD,CL,web,D-876,2025-12-13T14:00:00,M-003,SAN
T-2054,CU-699,0.50,USD,US,web,D-999113,2025-12-13T14:00:00,M-044,WFC
T-2006,CU-318,0.50,USD,CO,web,D-999852,2025-12-13T14:02:00,M-028,BOG
T-2255,CU-399,0.50,USD,MX,mobile,D-999745,2025-12-13T14:02:00,M-017,SAN
T-2055,CU-699,0.50,USD,US,web,D-999113,2025-12-13T14:02:00,M-040,WFC
T-3937,CU-041,3777.55,USD,AR,web,D-041,2025-12-13T14:03:00,M-032,BNA
T-5527,CU-816,1440.41,USD,US,mobile,D-816,2025-12-13T14:05:00,M-012,BAC
T-2056,CU-699,2223.16,USD,US,web,D-999113,2025-12-13T14:06:00,M-022,WFC
T-2007,CU-318,4697.76,USD,CO,web,D-999852,2025-12-13T14:06:00,M-044,BOG
T-2256,CU-399,10837.08,USD,MX,mobile,D-999745,2025-12-13T14:06:00,M-004,SAN
T-6339,CU-064,5031.51,USD,CO,web,D-064,2025-12-13T14:12:00,M-009,BAN
T-4760,CU-898,5118.71,USD,ES,mobile,D-898,2025-12-13T14:14:00,M-043,BBVA
T-5316,CU-305,1463.80,USD,US,web,D-305,2025-12-13T14:19:00,M-047,JPM
T-1814,CU-207,2253.11,USD,AR,mobile,D-207,2025-12-13T14:22:00,M-036,GAL
T-6682,CU-125,1961.86,PEN,PE,web,D-125,2025-12-13T14:26:00,M-015,BBVA
T-1717,CU-564,1146.61,USD,US,mobile,D-564,2025-12-13T14:26:00,M-020,WFC
T-5801,CU-074,1371.97,USD,AR,mobile,D-074,2025-12-13T14:29:00,M-018,SAN
T-3056,CU-351,3987.95,USD,MX,web,D-351,2025-12-13T14:30:00,M-017,BAN
T-4178,CU-490,1561.93,USD,CO,mobile,D-490,2025-12-13T14:32:00,M-015,DAV
T-3484,CU-274,2916.31,USD,CL,web,D-274,2025-12-13T14:33:00,M-047,SAN
T-7491,CU-057,515.45,USD,CL,web,D-057,2025-12-13T14:37:00,M-036,BCI
T-2091,CU-830,2853.91,USD,US,mobile,D-830,2025-12-13T14:39:00,M-042,BAC
T-4992,CU-627,2247.32,USD,US,web,D-627,2025-12-13T14:41:00,M-033,WFC
T-1727,CU-783,2131.57,USD,MX,web,D-783,2025-12-13T14:43:00,M-042,SAN
T-2868,CU-209,1408.98,USD,US,web,D-209,2025-12-13T14:47:00,M-029,WFC
T-5729,CU-896,2742.09,USD,RU,web,D-999536,2025-12-13T14:47:00,M-009,SAN
T-3237,CU-089,3875.13,USD,AR,web,D-089,2025-12-13T14:52:00,M-017,BNA
T-5655,CU-504,4933.69,USD,ES,web,D-504,2025-12-13T14:54:00,M-031,SAN
T-7858,CU-210,2484.27,USD,ES,web,D-210,2025-12-13T14:55:00,M-037,SAN
T-3883,CU-063,2804.07,USD,MX,web,D-063,2025-12-13T15:00:00,M-040,BBVA
T-6516,CU-697,3093.64,USD,CL,web,D-697,2025-12-13T15:05:00,M-037,BCH
T-1050,CU-281,4712.85,USD,US,web,D-281,2025-12-13T15:05:00,M-024,BAC
T-3055,CU-479,5251.28,USD,US,web,D-479,2025-12-13T15:07:00,M-047,WFC
T-1469,CU-654,319.78,PEN,PE,mobile,D-654,2025-12-13T15:12:00,M-040,BBVA
T-3321,CU-303,1913.46,PEN,PE,web,D-303,2025-12-13T15:17:00,M-022,IBK
T-4955,CU-638,3689.27,USD,CO,web,D-638,2025-12-13T15:21:00,M-030,BOG
T-7981,CU-924,2753.34,PEN,PE,mobile,D-924,2025-12-13T15:33:00,M-040,BCP
T-7933,CU-314,130.33,PEN,PE,web,D-314,2025-12-13T15:39:00,M-023,IBK
T-6247,CU-058,470.06,USD,AR,mobile,D-058,2025-12-13T15:40:00,M-048,BNA
T-6590,CU-367,5389.29,PEN,PE,web,D-367,2025-12-13T15:44:00,M-012,BBVA
T-6789,CU-310,3293.06,USD,CO,mobile,D-310,2025-12-13T15:45:00,M-007,BAN
T-7040,CU-519,2775.21,USD,CO,web,D-519,2025-12-13T15:51:00,M-048,DAV
T-3328,CU-777,915.41,USD,AR,mobile,D-777,2025-12-13T15:58:00,M-010,BNA
T-6947,CU-110,4661.77,USD,ES,mobile,D-110,2025-12-13T16:00:00,M-015,BBVA
T-7796,CU-150,220.98,USD,CO,mobile,D-150,2025-12-13T16:05:00,M-022,BAN
T-4991,CU-093,686.13,USD,ES,mobile,D-093,2025-12-13T16:10:00,M-038,SAN
T-4705,CU-536,5667.01,USD,ES,web,D-536,2025-12-13T16:10:00,M-004,SAN
T-1235,CU-464,278.94,USD,ES,mobile,D-464,2025-12-13T16:11:00,M-010,CABK
T-4216,CU-573,529.08,USD,AR,web,D-573,2025-12-13T16:11:00,M-035,BNA
T-6416,CU-262,4490.19,USD,ES,web,D-262,2025-12-13T16:16:00,M-012,BBVA
T-6970,CU-544,513.65,USD,CO,mobile,D-544,2025-12-13T16:17:00,M-048,DAV
T-6890,CU-343,655.26,USD,US,web,D-343,2025-12-13T16:22:00,M-031,BAC
T-3232,CU-732,1822.84,USD,CO,web,D-732,2025-12-13T16:26:00,M-020,BOG
T-1430,CU-793,514.69,PEN,PE,mobile,D-793,2025-12-13T16:28:00,M-010,BCP
T-5277,CU-006,874.19,USD,MX,mobile,D-006,2025-12-13T16:35:00,M-015,BAN
T-6351,CU-666,845.97,USD,MX,mobile,D-666,2025-12-13T16:38:00,M-040,BBVA
T-2793,CU-114,5416.58,USD,CO,web,D-114,2025-12-13T16:39:00,M-010,BAN
T-6254,CU-197,1867.55,USD,CL,web,D-197,2025-12-13T16:40:00,M-012,SAN
T-7520,CU-866,1874.94,USD,US,web,D-866,2025-12-13T16:41:00,M-047,BAC
T-1999,CU-365,1603.50,USD,US,web,D-365,2025-12-13T16:42:00,M-008,WFC
T-3782,CU-471,625.56,USD,CL,web,D-471,2025-12-13T16:46:00,M-032,BCI
T-1246,CU-377,3910.61,USD,AR,web,D-377,2025-12-13T16:49:00,M-035,GAL
T-2740,CU-291,411.52,USD,ES,mobile,D-291,2025-12-13T16:51:00,M-048,SAN
T-5272,CU-435,4107.18,USD,CL,web,D-435,2025-12-13T16:53:00,M-026,SAN
T-3481,CU-571,2335.85,PEN,PE,mobile,D-571,2025-12-13T16:54:00,M-014,BBVA
T-7207,CU-901,2717.40,USD,CO,web,D-901,2025-12-13T16:58:00,M-046,DAV
T-4231,CU-651,963.51,PEN,PE,web,D-651,2025-12-13T17:07:00,M-032,IBK
T-1590,CU-267,4154.36,USD,MX,web,D-267,2025-12-13T17:11:00,M-002,BAN
T-7066,CU-824,1873.51,USD,CO,web,D-824,2025-12-13T17:21:00,M-013,DAV
T-1471,CU-288,2429.50,USD,US,mobile,D-288,2025-12-13T17:22:00,M-025,BAC
T-4015,CU-256,3529.37,USD,CO,mobile,D-256,2025-12-13T17:26:00,M-041,BAN
T-6136,CU-889,1414.49,PEN,PE,mobile,D-889,2025-12-13T17:28:00,M-045,BBVA
T-7114,CU-662,6584.59,USD,US,mobile,D-662,2025-12-13T17:31:00,M-008,BAC
T-6774,CU-763,3772.61,USD,ES,web,D-763,2025-12-13T17:35:00,M-001,CABK
T-7079,CU-687,1556.19,USD,AR,web,D-687,2025-12-13T17:52:00,M-037,GAL
T-4171,CU-647,2109.39,USD,ES,mobile,D-647,2025-12-13T17:52:00,M-036,CABK
T-2446,CU-106,3289.16,PEN,PE,mobile,D-106,2025-12-13T17:55:00,M-048,BBVA
T-1863,CU-368,4993.72,USD,US,mobile,D-368,2025-12-13T18:00:00,M-035,BAC
T-6202,CU-680,4324.02,USD,MX,web,D-680,2025-12-13T18:11:00,M-015,BAN
T-6499,CU-365,2093.84,USD,US,web,D-365,2025-12-13T18:23:00,M-003,WFC
T-2643,CU-136,3218.57,USD,CO,web,D-136,2025-12-13T18:32:00,M-033,BAN
T-4751,CU-969,1112.41,USD,AR,mobile,D-969,2025-12-13T18:33:00,M-019,GAL
T-7182,CU-046,2723.23,USD,MX,mobile,D-046,2025-12-13T18:36:00,M-049,BBVA
T-2779,CU-205,1320.95,PEN,PE,web,D-205,2025-12-13T18:36:00,M-030,IBK
T-6389,CU-945,2559.81,PEN,PE,mobile,D-945,2025-12-13T18:37:00,M-049,BBVA
T-3419,CU-818,121.19,USD,AR,mobile,D-818,2025-12-13T18:42:00,M-004,BNA
T-4533,CU-965,4824.45,USD,MX,mobile,D-965,2025-12-13T18:47:00,M-023,SAN
T-5240,CU-817,930.67,USD,US,web,D-817,2025-12-13T18:51:00,M-034,BAC
T-1428,CU-742,3923.17,USD,CL,mobile,D-742,2025-12-13T19:00:00,M-050,BCH
T-2734,CU-615,6405.85,USD,US,mobile,D-615,2025-12-13T19:01:00,M-011,JPM
T-2094,CU-117,857.18,USD,US,mobile,D-117,2025-12-13T19:08:00,M-038,JPM
T-2716,CU-530,229.59,USD,ES,web,D-530,2025-12-13T19:15:00,M-008,BBVA
T-4966,CU-461,4896.07,USD,CO,mobile,D-461,2025-12-13T19:31:00,M-017,BOG
T-4756,CU-271,1020.35,USD,ES,web,D-271,2025-12-13T19:32:00,M-036,CABK
T-2377,CU-189,1577.54,USD,ES,mobile,D-189,2025-12-13T19:39:00,M-048,CABK
T-5372,CU-681,1441.12,USD,CL,web,D-681,2025-12-13T19:41:00,M-018,BCI
T-7443,CU-839,781.29,USD,ES,web,D-839,2025-12-13T19:43:00,M-024,CABK
T-2885,CU-320,3327.32,USD,MX,web,D-320,2025-12-13T19:43:00,M-024,BAN
T-2009,CU-320,2942.45,USD,MX,web,D-320,2025-12-13T19:48:00,M-017,BAN
T-3426,CU-041,2055.91,USD,AR,web,D-041,2025-12-13T19:49:00,M-042,BNA
T-2597,CU-641,2530.13,USD,ES,web,D-641,2025-12-13T19:52:00,M-001,CABK
T-4537,CU-100,1215.21,USD,AR,web,D-100,2025-12-13T20:03:00,M-030,SAN
T-2428,CU-724,2633.25,USD,AR,web,D-724,2025-12-13T20:13:00,M-008,BNA
T-5730,CU-684,2829.19,USD,US,mobile,D-684,2025-12-13T20:18:00,M-048,WFC
T-6998,CU-516,380.54,PEN,PE,mobile,D-516,2025-12-13T20:34:00,M-019,IBK
T-5495,CU-091,1288.72,USD,MX,mobile,D-091,2025-12-13T20:37:00,M-037,BBVA
T-1132,CU-485,2034.51,USD,ES,web,D-485,2025-12-13T20:42:00,M-011,SAN
T-1366,CU-963,1652.91,USD,CO,mobile,D-963,2025-12-13T20:47:00,M-018,BAN
T-3677,CU-475,1066.05,USD,MX,web,D-475,2025-12-13T20:52:00,M-034,BBVA
T-2212,CU-685,87.71,USD,CL,web,D-685,2025-12-13T21:00:00,M-036,BCI
T-3659,CU-624,4104.03,PEN,PE,mobile,D-624,2025-12-13T21:16:00,M-041,BBVA
T-2683,CU-868,3330.28,USD,CL,web,D-868,2025-12-13T21:23:00,M-015,BCH
T-5643,CU-461,5739.32,USD,CO,mobile,D-461,2025-12-13T21:36:00,M-044,BOG
T-1574,CU-123,575.96,USD,CO,web,D-123,2025-12-13T21:43:00,M-019,BAN
T-5754,CU-323,3776.62,USD,US,web,D-323,2025-12-13T21:54:00,M-023,WFC
T-3689,CU-241,574.32,USD,ES,mobile,D-241,2025-12-13T22:25:00,M-016,CABK
T-2654,CU-684,13989.89,USD,US,mobile,D-684,2025-12-13T23:03:00,M-045,WFC
T-4348,CU-832,18402.69,USD,US,web,D-832,2025-12-14T01:16:00,M-002,BAC
T-6551,CU-711,2516.36,USD,MX,mobile,D-711,2025-12-14T06:01:00,M-040,BAN
T-2626,CU-083,13917.62,USD,CL,mobile,D-083,2025-12-14T07:00:00,M-013,SAN
T-5791,CU-475,1633.92,USD,MX,web,D-475,2025-12-14T07:04:00,M-026,BBVA
T-6328,CU-699,564.99,USD,US,web,D-699,2025-12-14T07:27:00,M-032,WFC
T-7593,CU-775,687.79,USD,MX,mobile,D-775,2025-12-14T07:32:00,M-006,SAN
T-4667,CU-383,483.46,USD,CL,web,D-383,2025-12-14T07:35:00,M-050,SAN
T-2587,CU-727,5914.69,USD,CO,mobile,D-727,2025-12-14T07:48:00,M-001,DAV
T-1543,CU-383,745.71,USD,CL,web,D-383,2025-12-14T07:55:00,M-038,SAN
T-4903,CU-495,1612.14,USD,CO,mobile,D-495,2025-12-14T08:08:00,M-003,DAV
T-5485,CU-455,652.52,USD,US,mobile,D-455,2025-12-14T08:15:00,M-004,WFC
T-7693,CU-939,1755.26,USD,US,mobile,D-939,2025-12-14T08:23:00,M-022,JPM
T-5659,CU-422,2803.43,USD,MX,web,D-422,2025-12-14T08:41:00,M-030,BAN
T-1974,CU-145,3718.55,USD,MX,mobile,D-145,2025-12-14T08:53:00,M-017,BBVA
T-2488,CU-326,10382.62,USD,ES,web,D-326,2025-12-14T09:00:00,M-003,SAN
T-1268,CU-162,5549.65,USD,ES,mobile,D-162,2025-12-14T09:00:00,M-019,CABK
T-6564,CU-923,872.69,USD,ES,mobile,D-923,2025-12-14T09:00:00,M-015,CABK
T-6032,CU-808,2583.30,USD,AR,mobile,D-808,2025-12-14T09:00:00,M-004,GAL
T-4111,CU-659,2332.14,USD,AR,web,D-659,2025-12-14T09:09:00,M-031,SAN
T-2660,CU-387,4518.00,USD,US,web,D-387,2025-12-14T09:20:00,M-043,BAC
T-1507,CU-966,608.63,PEN,PE,mobile,D-966,2025-12-14T09:23:00,M-050,IBK
T-4029,CU-234,583.01,USD,MX,web,D-234,2025-12-14T09:35:00,M-031,BBVA
T-4176,CU-645,220.33,PEN,PE,web,D-645,2025-12-14T09:47:00,M-026,BCP
T-1890,CU-611,3639.35,USD,MX,web,D-611,2025-12-14T09:47:00,M-001,SAN
T-6368,CU-995,1589.99,PEN,PE,web,D-995,2025-12-14T09:54:00,M-050,BBVA
T-4259,CU-728,2674.77,USD,CL,mobile,D-728,2025-12-14T09:55:00,M-019,SAN
T-2827,CU-511,685.85,PEN,PE,web,D-511,2025-12-14T10:00:00,M-009,CABK
T-6215,CU-966,974.41,PEN,PE,mobile,D-966,2025-12-14T10:00:00,M-030,IBK
T-5254,CU-350,3213.67,PEN,PE,web,D-350,2025-12-14T10:00:00,M-041,GAL
T-5147,CU-451,2230.80,USD,AR,web,D-451,2025-12-14T10:29:00,M-022,BNA
T-4072,CU-430,2175.19,USD,CO,mobile,D-430,2025-12-14T10:36:00,M-022,BOG
T-1637,CU-649,1356.56,USD,MX,web,D-649,2025-12-14T10:36:00,M-009,BBVA
T-3307,CU-030,3479.30,USD,MX,mobile,D-030,2025-12-14T10:42:00,M-002,BBVA
T-4073,CU-030,1662.17,USD,MX,mobile,D-030,2025-12-14T10:49:00,M-001,BBVA
T-4794,CU-153,1072.10,USD,AR,web,D-153,2025-12-14T10:55:00,M-006,GAL
T-6565,CU-923,872.69,USD,ES,mobile,D-923,2025-12-14T11:00:00,M-015,CABK
T-2489,CU-326,10382.62,USD,ES,web,D-326,2025-12-14T11:00:00,M-003,SAN
T-7879,CU-351,7092.87,USD,MX,web,D-351,2025-12-14T11:09:00,M-027,BAN
T-7556,CU-627,1728.43,USD,US,web,D-627,2025-12-14T11:15:00,M-033,WFC
T-6528,CU-033,3721.00,USD,AR,mobile,D-033,2025-12-14T11:17:00,M-039,GAL
T-2837,CU-622,4711.36,USD,US,mobile,D-622,2025-12-14T11:17:00,M-049,WFC
T-2834,CU-485,1121.77,USD,ES,web,D-485,2025-12-14T11:24:00,M-042,SAN
T-2828,CU-511,685.85,USD,ES,web,D-511,2025-12-14T11:30:00,M-038,CABK
T-5255,CU-350,3213.67,USD,ES,web,D-350,2025-12-14T11:30:00,M-035,GAL
T-6216,CU-966,974.41,USD,ES,mobile,D-966,2025-12-14T11:30:00,M-044,IBK
T-2555,CU-438,2615.21,PEN,PE,mobile,D-438,2025-12-14T11:31:00,M-031,BCP
T-4686,CU-324,3115.67,PEN,PE,mobile,D-324,2025-12-14T11:38:00,M-009,IBK
T-3450,CU-305,2094.30,USD,US,web,D-305,2025-12-14T11:38:00,M-033,JPM
T-2557,CU-179,2547.51,USD,CL,mobile,D-179,2025-12-14T11:41:00,M-045,SAN
T-7850,CU-270,893.68,PEN,PE,web,D-270,2025-12-14T11:41:00,M-008,BBVA
T-6273,CU-001,2120.74,USD,MX,web,D-001,2025-12-14T11:51:00,M-012,BBVA
T-6658,CU-895,3747.34,USD,US,mobile,D-895,2025-12-14T11:54:00,M-002,BAC
T-4507,CU-485,1316.00,USD,ES,web,D-485,2025-12-14T11:55:00,M-049,SAN
T-6401,CU-565,2132.64,USD,US,web,D-565,2025-12-14T11:56:00,M-011,JPM
T-4796,CU-053,3762.49,USD,CL,web,D-053,2025-12-14T12:00:00,M-036,SAN
T-3613,CU-225,1503.15,USD,MX,mobile,D-225,2025-12-14T12:01:00,M-009,BAN
T-3201,CU-957,418.79,USD,CL,web,D-957,2025-12-14T12:01:00,M-016,SAN
T-3202,CU-957,313.89,USD,CL,web,D-957,2025-12-14T12:02:00,M-016,SAN
T-3203,CU-957,592.60,USD,CL,web,D-957,2025-12-14T12:03:00,M-016,SAN
T-3204,CU-957,400.82,USD,CL,web,D-957,2025-12-14T12:04:00,M-016,SAN
T-6547,CU-189,653.71,USD,ES,mobile,D-189,2025-12-14T12:06:00,M-037,CABK
T-2644,CU-647,2087.53,USD,ES,mobile,D-647,2025-12-14T12:14:00,M-021,CABK
T-1741,CU-515,1953.27,USD,US,mobile,D-515,2025-12-14T12:15:00,M-014,BAC
T-2328,CU-062,3795.60,USD,MX,mobile,D-062,2025-12-14T12:18:00,M-024,BBVA
T-2495,CU-872,2563.56,USD,CL,mobile,D-872,2025-12-14T12:28:00,M-002,BCH
T-6474,CU-030,2517.67,USD,MX,mobile,D-030,2025-12-14T12:30:00,M-034,BBVA
T-2082,CU-544,847.43,USD,CO,mobile,D-544,2025-12-14T12:31:00,M-043,DAV
T-1278,CU-318,1714.58,USD,CO,web,D-318,2025-12-14T12:32:00,M-010,BOG
T-5907,CU-524,3352.48,USD,AR,web,D-524,2025-12-14T12:33:00,M-015,SAN
T-7093,CU-223,3783.91,PEN,PE,web,D-223,2025-12-14T12:36:00,M-045,IBK
T-7932,CU-124,2901.57,PEN,PE,web,D-124,2025-12-14T12:38:00,M-012,BCP
T-4892,CU-1000,2463.50,USD,CL,web,D-1000,2025-12-14T12:38:00,M-032,BCH
T-5726,CU-565,963.82,USD,US,web,D-565,2025-12-14T12:45:00,M-023,JPM
T-1280,CU-718,5184.80,USD,CO,web,D-718,2025-12-14T12:49:00,M-003,BAN
T-5963,CU-711,3492.66,USD,MX,mobile,D-711,2025-12-14T12:54:00,M-015,BAN
T-7742,CU-094,3772.93,USD,AR,mobile,D-094,2025-12-14T12:55:00,M-029,GAL
T-1932,CU-166,945.47,USD,AR,web,D-166,2025-12-14T12:59:00,M-003,BNA
T-2633,CU-426,745.62,USD,CL,web,D-426,2025-12-14T13:00:00,M-999,BCI
T-2490,CU-326,10382.62,USD,ES,web,D-326,2025-12-14T13:00:00,M-003,SAN
T-6566,CU-923,872.69,USD,ES,mobile,D-923,2025-12-14T13:00:00,M-015,CABK
T-6194,CU-165,1453.74,USD,CO,web,D-165,2025-12-14T13:00:00,M-999,BAN
T-7689,CU-996,913.85,USD,AR,web,D-996,2025-12-14T13:05:00,M-007,SAN
T-6396,CU-909,2076.62,USD,MX,web,D-909,2025-12-14T13:05:00,M-016,SAN
T-4798,CU-236,1995.13,USD,ES,mobile,D-236,2025-12-14T13:06:00,M-015,SAN
T-1172,CU-199,1711.98,USD,CL,mobile,D-199,2025-12-14T13:13:00,M-044,BCI
T-7572,CU-497,2753.85,USD,AR,mobile,D-497,2025-12-14T13:16:00,M-015,GAL
T-2299,CU-948,3107.14,PEN,PE,web,D-948,2025-12-14T13:17:00,M-027,BCP
T-4818,CU-681,2451.02,USD,CL,web,D-681,2025-12-14T13:18:00,M-013,BCI
T-4284,CU-419,3226.70,USD,CO,mobile,D-419,2025-12-14T13:20:00,M-016,BOG
T-1740,CU-553,1337.46,PEN,PE,web,D-553,2025-12-14T13:20:00,M-015,IBK
T-2973,CU-140,2439.97,USD,ES,mobile,D-140,2025-12-14T13:21:00,M-016,CABK
T-1550,CU-709,686.79,USD,US,mobile,D-709,2025-12-14T13:31:00,M-050,WFC
T-1445,CU-327,1917.24,USD,RU,mobile,D-999735,2025-12-14T13:38:00,M-036,BCH
T-4035,CU-058,664.58,USD,AR,mobile,D-058,2025-12-14T13:50:00,M-023,BNA
T-2721,CU-792,2797.27,USD,CO,web,D-792,2025-12-14T13:52:00,M-034,BAN
T-6269,CU-749,6858.68,USD,CO,mobile,D-749,2025-12-14T13:53:00,M-024,DAV
T-1279,CU-351,6833.23,USD,MX,web,D-351,2025-12-14T13:55:00,M-048,BAN
T-1946,CU-439,2241.28,USD,AR,web,D-439,2025-12-14T13:57:00,M-031,GAL
T-2943,CU-058,0.50,USD,AR,mobile,D-999609,2025-12-14T14:00:00,M-031,BNA
T-2944,CU-058,0.50,USD,AR,mobile,D-999609,2025-12-14T14:02:00,M-049,BNA
T-5034,CU-351,3410.79,USD,MX,web,D-351,2025-12-14T14:06:00,M-038,BAN
T-2945,CU-058,2024.68,USD,AR,mobile,D-999609,2025-12-14T14:06:00,M-034,BNA
T-6666,CU-060,247.94,USD,AR,mobile,D-060,2025-12-14T14:09:00,M-011,GAL
T-6265,CU-913,1504.37,USD,US,web,D-913,2025-12-14T14:11:00,M-005,WFC
T-6811,CU-967,526.00,USD,CL,web,D-967,2025-12-14T14:26:00,M-026,SAN
T-5091,CU-723,3982.24,USD,US,web,D-723,2025-12-14T14:26:00,M-049,JPM
T-5185,CU-057,263.70,USD,CL,web,D-057,2025-12-14T14:26:00,M-038,BCI
T-4699,CU-237,2928.49,USD,ES,web,D-237,2025-12-14T14:28:00,M-019,SAN
T-2909,CU-356,2217.00,USD,ES,mobile,D-356,2025-12-14T14:31:00,M-003,BBVA
T-1068,CU-793,321.06,PEN,PE,mobile,D-793,2025-12-14T14:32:00,M-046,BCP
T-2825,CU-959,1458.92,USD,ES,web,D-959,2025-12-14T14:35:00,M-007,CABK
T-7027,CU-674,3642.54,USD,AR,mobile,D-674,2025-12-14T14:36:00,M-047,BNA
T-7141,CU-958,995.87,USD,CO,web,D-958,2025-12-14T14:37:00,M-032,BAN
T-6772,CU-841,2629.71,USD,AR,web,D-841,2025-12-14T14:48:00,M-036,GAL
T-7475,CU-204,4027.75,USD,MX,mobile,D-204,2025-12-14T14:48:00,M-041,BAN
T-1260,CU-017,1483.79,USD,ES,web,D-017,2025-12-14T14:51:00,M-010,CABK
T-6776,CU-400,2372.76,PEN,PE,web,D-400,2025-12-14T14:53:00,M-013,IBK
T-3637,CU-878,955.07,USD,CL,mobile,D-878,2025-12-14T14:57:00,M-015,BCI
T-7544,CU-320,5519.79,USD,MX,web,D-320,2025-12-14T14:57:00,M-011,BAN
T-6694,CU-675,1989.42,USD,CL,mobile,D-675,2025-12-14T15:00:00,M-022,BCI
T-2136,CU-944,2637.36,USD,CO,web,D-944,2025-12-14T15:03:00,M-023,BAN
T-7655,CU-068,2225.05,USD,AR,mobile,D-068,2025-12-14T15:04:00,M-027,SAN
T-6905,CU-962,2192.17,PEN,PE,web,D-962,2025-12-14T15:04:00,M-024,IBK
T-4614,CU-355,2251.36,USD,CL,mobile,D-355,2025-12-14T15:05:00,M-028,BCI
T-4106,CU-174,2388.36,PEN,PE,web,D-174,2025-12-14T15:06:00,M-012,IBK
T-5644,CU-390,4363.94,USD,MX,web,D-390,2025-12-14T15:07:00,M-024,BBVA
T-2252,CU-524,3293.41,USD,AR,web,D-524,2025-12-14T15:07:00,M-021,SAN
T-1580,CU-386,1614.54,PEN,PE,web,D-386,2025-12-14T15:10:00,M-043,BCP
T-5131,CU-475,934.52,USD,MX,web,D-475,2025-12-14T15:14:00,M-016,BBVA
T-2970,CU-241,266.57,USD,ES,mobile,D-241,2025-12-14T15:15:00,M-010,CABK
T-6212,CU-664,5557.87,USD,ES,web,D-664,2025-12-14T15:16:00,M-011,CABK
T-7099,CU-265,1492.98,USD,ES,web,D-265,2025-12-14T15:19:00,M-035,CABK
T-6296,CU-475,1453.96,USD,MX,web,D-475,2025-12-14T15:20:00,M-034,BBVA
T-6693,CU-729,1909.60,USD,CO,mobile,D-729,2025-12-14T15:24:00,M-003,BAN
T-4099,CU-812,4957.55,USD,US,mobile,D-812,2025-12-14T15:27:00,M-018,BAC
T-7080,CU-703,5780.50,USD,CO,web,D-703,2025-12-14T15:30:00,M-006,BAN
T-7656,CU-683,2053.96,PEN,PE,web,D-683,2025-12-14T15:44:00,M-018,BBVA
T-2401,CU-177,2415.87,USD,CL,web,D-177,2025-12-14T15:46:00,M-014,SAN
T-2780,CU-425,4565.46,USD,CL,mobile,D-425,2025-12-14T15:47:00,M-006,BCH
T-1630,CU-779,6836.15,USD,CL,mobile,D-779,2025-12-14T15:55:00,M-024,BCI
T-2766,CU-110,3656.36,USD,ES,mobile,D-110,2025-12-14T15:59:00,M-048,BBVA
T-6156,CU-680,665.29,USD,MX,web,D-680,2025-12-14T16:00:00,M-999,BAN
T-2685,CU-140,3370.44,USD,ES,mobile,D-140,2025-12-14T16:00:00,M-013,CABK
T-6249,CU-192,2568.23,USD,CL,web,D-192,2025-12-14T16:03:00,M-037,BCH
T-6312,CU-299,3856.11,USD,MX,mobile,D-299,2025-12-14T16:04:00,M-050,BAN
T-7117,CU-638,4396.43,USD,CO,web,D-638,2025-12-14T16:09:00,M-042,BOG
T-3994,CU-933,1569.91,USD,US,mobile,D-933,2025-12-14T16:12:00,M-027,JPM
T-5496,CU-466,4989.04,USD,CL,web,D-466,2025-12-14T16:22:00,M-047,BCH
T-5608,CU-563,4408.72,USD,RU,web,D-999945,2025-12-14T16:25:00,M-042,IBK
T-3922,CU-305,1648.21,USD,US,web,D-305,2025-12-14T16:28:00,M-013,JPM
T-5498,CU-820,2332.02,PEN,PE,web,D-820,2025-12-14T16:28:00,M-006,BCP
T-3862,CU-329,329.00,USD,US,web,D-329,2025-12-14T16:33:00,M-039,BAC
T-5490,CU-780,182.18,USD,MX,mobile,D-780,2025-12-14T16:34:00,M-010,SAN
T-6623,CU-522,3583.64,USD,ES,web,D-522,2025-12-14T16:35:00,M-010,SAN
T-6912,CU-139,966.64,PEN,PE,mobile,D-139,2025-12-14T16:41:00,M-015,IBK
T-5970,CU-441,1279.29,USD,ES,web,D-441,2025-12-14T16:46:00,M-050,SAN
T-2913,CU-753,1723.66,USD,CO,web,D-753,2025-12-14T16:46:00,M-029,DAV
T-3764,CU-708,3618.93,USD,CL,mobile,D-708,2025-12-14T16:48:00,M-023,SAN
T-4965,CU-753,2621.69,USD,CO,web,D-753,2025-12-14T16:52:00,M-030,DAV
T-7120,CU-404,4152.66,USD,ES,web,D-404,2025-12-14T16:53:00,M-004,BBVA
T-5692,CU-820,2401.63,PEN,PE,web,D-820,2025-12-14T16:55:00,M-032,BCP
T-3829,CU-746,2775.98,USD,ES,mobile,D-746,2025-12-14T16:58:00,M-038,BBVA
T-3919,CU-951,1862.42,USD,CO,mobile,D-951,2025-12-14T16:59:00,M-034,BOG
T-3701,CU-673,483.48,USD,US,mobile,D-673,2025-12-14T17:00:00,M-023,JPM
T-4976,CU-046,5860.33,USD,MX,mobile,D-046,2025-12-14T17:00:00,M-009,BBVA
T-5676,CU-293,5792.23,USD,CL,web,D-293,2025-12-14T17:00:00,M-014,BCH
T-4300,CU-170,780.63,USD,CL,web,D-170,2025-12-14T17:12:00,M-005,BCH
T-3014,CU-631,1997.54,USD,US,web,D-631,2025-12-14T17:14:00,M-023,JPM
T-2482,CU-837,255.44,USD,CO,web,D-837,2025-12-14T17:20:00,M-047,BOG
T-6084,CU-081,2725.73,PEN,PE,web,D-081,2025-12-14T17:23:00,M-025,IBK
T-3408,CU-460,730.43,USD,US,mobile,D-460,2025-12-14T17:28:00,M-015,BAC
T-4036,CU-858,848.03,USD,MX,mobile,D-858,2025-12-14T17:37:00,M-047,BBVA
T-5381,CU-430,1579.76,USD,CO,mobile,D-430,2025-12-14T17:38:00,M-003,BOG
T-7500,CU-272,773.54,USD,MX,mobile,D-272,2025-12-14T17:38:00,M-002,BBVA
T-5806,CU-867,2652.13,PEN,PE,mobile,D-867,2025-12-14T17:39:00,M-044,IBK
T-6544,CU-706,1894.54,USD,MX,web,D-706,2025-12-14T17:45:00,M-031,SAN
T-7725,CU-347,3538.50,PEN,PE,web,D-347,2025-12-14T17:48:00,M-015,BBVA
T-2225,CU-243,3567.61,PEN,PE,mobile,D-243,2025-12-14T17:55:00,M-003,IBK
T-6348,CU-686,6026.55,USD,US,mobile,D-686,2025-12-14T17:57:00,M-048,JPM
T-6471,CU-646,1067.97,USD,AR,web,D-646,2025-12-14T17:59:00,M-048,GAL
T-5311,CU-407,3423.31,USD,ES,web,D-407,2025-12-14T18:01:00,M-016,SAN
T-1431,CU-050,1621.04,PEN,PE,mobile,D-050,2025-12-14T18:04:00,M-024,IBK
T-6900,CU-541,2911.45,USD,CL,web,D-541,2025-12-14T18:08:00,M-007,BCI
T-2798,CU-248,780.12,USD,ES,web,D-248,2025-12-14T18:10:00,M-034,CABK
T-3917,CU-941,165.32,USD,AR,mobile,D-941,2025-12-14T18:11:00,M-045,GAL
T-4173,CU-674,3004.20,USD,AR,mobile,D-674,2025-12-14T18:12:00,M-004,BNA
T-5940,CU-466,4776.56,USD,CL,web,D-466,2025-12-14T18:13:00,M-039,BCH
T-5618,CU-831,147.81,USD,US,web,D-831,2025-12-14T18:15:00,M-037,JPM
T-2356,CU-236,2686.59,USD,ES,mobile,D-236,2025-12-14T18:18:00,M-039,SAN
T-2311,CU-899,5703.24,USD,CO,mobile,D-899,2025-12-14T18:26:00,M-009,BAN
T-3372,CU-753,2175.47,USD,CO,web,D-753,2025-12-14T18:35:00,M-027,DAV
T-4146,CU-146,1501.60,PEN,PE,web,D-146,2025-12-14T18:39:00,M-014,BCP
T-1593,CU-454,1977.10,USD,ES,web,D-454,2025-12-14T18:40:00,M-018,CABK
T-2552,CU-585,696.23,USD,ES,mobile,D-585,2025-12-14T18:46:00,M-030,SAN
T-4984,CU-369,5392.73,USD,US,mobile,D-369,2025-12-14T18:50:00,M-038,WFC
T-7289,CU-902,2302.29,USD,CO,web,D-902,2025-12-14T19:13:00,M-050,DAV
T-2743,CU-808,2846.57,USD,AR,mobile,D-808,2025-12-14T19:15:00,M-012,GAL
T-2491,CU-176,1008.12,USD,AR,mobile,D-176,2025-12-14T19:18:00,M-019,SAN
T-1703,CU-736,851.06,USD,ES,mobile,D-736,2025-12-14T19:24:00,M-004,CABK
T-2746,CU-135,3468.50,PEN,PE,web,D-135,2025-12-14T19:25:00,M-021,IBK
T-2424,CU-811,5554.44,USD,ES,mobile,D-811,2025-12-14T19:29:00,M-030,BBVA
T-5631,CU-978,897.51,USD,MX,web,D-978,2025-12-14T19:30:00,M-042,BBVA
T-3730,CU-347,3673.62,PEN,PE,web,D-347,2025-12-14T19:31:00,M-011,BBVA
T-4813,CU-940,2938.13,USD,CL,mobile,D-940,2025-12-14T19:40:00,M-005,BCI
T-3624,CU-153,1451.42,USD,AR,web,D-153,2025-12-14T19:45:00,M-010,GAL
T-1462,CU-336,2074.64,USD,ES,mobile,D-336,2025-12-14T19:51:00,M-042,SAN
T-6696,CU-271,1376.37,USD,ES,web,D-271,2025-12-14T20:00:00,M-020,CABK
T-6738,CU-899,1143.93,USD,CO,mobile,D-899,2025-12-14T20:00:00,M-999,BAN
T-3946,CU-986,3847.44,USD,AR,mobile,D-986,2025-12-14T20:03:00,M-017,BNA
T-7420,CU-865,238.96,PEN,PE,mobile,D-865,2025-12-14T20:05:00,M-005,BCP
T-7682,CU-840,147.96,USD,MX,web,D-840,2025-12-14T20:16:00,M-035,BBVA
T-5640,CU-977,2167.12,USD,AR,mobile,D-977,2025-12-14T20:25:00,M-034,BNA
T-1196,CU-434,1879.92,USD,US,web,D-434,2025-12-14T20:29:00,M-029,JPM
T-2947,CU-695,1135.26,USD,ES,mobile,D-695,2025-12-14T20:33:00,M-008,CABK
T-1984,CU-868,1358.80,USD,CL,web,D-868,2025-12-14T20:33:00,M-048,BCH
T-1861,CU-311,3169.33,USD,CO,web,D-311,2025-12-14T20:36:00,M-048,BAN
T-4093,CU-068,2318.04,USD,RU,mobile,D-999566,2025-12-14T20:41:00,M-040,SAN
T-3957,CU-036,1903.75,PEN,PE,mobile,D-036,2025-12-14T20:57:00,M-040,BCP
T-4400,CU-042,6355.27,USD,US,mobile,D-042,2025-12-14T20:58:00,M-019,JPM
T-6522,CU-605,1137.48,USD,CL,web,D-605,2025-12-14T21:00:00,M-999,BCH
T-6090,CU-555,703.11,USD,MX,web,D-555,2025-12-14T21:11:00,M-015,BBVA
T-4739,CU-061,1564.99,USD,MX,web,D-061,2025-12-14T21:12:00,M-041,BBVA
T-4544,CU-198,5410.43,USD,AR,mobile,D-198,2025-12-14T21:28:00,M-023,SAN
T-6518,CU-007,949.29,USD,CL,mobile,D-007,2025-12-14T21:38:00,M-009,SAN
T-1589,CU-774,985.11,USD,US,web,D-774,2025-12-14T21:53:00,M-023,WFC
T-1186,CU-744,22217.35,USD,MX,web,D-744,2025-12-14T23:10:00,M-014,BAN
T-7065,CU-430,1163.72,USD,CO,mobile,D-430,2025-12-15T06:19:00,M-049,BOG
T-4354,CU-854,3253.47,PEN,PE,web,D-854,2025-12-15T06:49:00,M-041,BCP
T-2464,CU-250,4839.01,USD,ES,mobile,D-250,2025-12-15T07:16:00,M-039,BBVA
T-5184,CU-161,2961.28,USD,CL,web,D-161,2025-12-15T07:18:00,M-031,SAN
T-2551,CU-454,3336.26,USD,ES,web,D-454,2025-12-15T07:22:00,M-022,CABK
T-6187,CU-359,3025.80,USD,MX,web,D-359,2025-12-15T07:43:00,M-048,SAN
T-3923,CU-740,4545.28,USD,ES,web,D-740,2025-12-15T07:49:00,M-043,SAN
T-3487,CU-663,2710.45,USD,CL,mobile,D-663,2025-12-15T07:54:00,M-043,SAN
T-4031,CU-876,3845.39,USD,CL,web,D-876,2025-12-15T08:00:00,M-025,SAN
T-1164,CU-565,1979.30,USD,US,web,D-565,2025-12-15T08:07:00,M-023,JPM
T-3259,CU-637,2617.69,USD,CO,web,D-637,2025-12-15T08:07:00,M-047,BAN
T-4456,CU-773,2934.95,USD,MX,web,D-773,2025-12-15T08:07:00,M-040,BAN
T-2385,CU-894,548.24,USD,US,web,D-894,2025-12-15T08:17:00,M-024,WFC
T-1293,CU-882,3409.25,USD,CL,mobile,D-882,2025-12-15T08:21:00,M-028,BCH
T-7876,CU-207,2506.35,USD,AR,mobile,D-207,2025-12-15T08:25:00,M-032,GAL
T-5657,CU-102,1087.11,USD,AR,mobile,D-102,2025-12-15T08:36:00,M-024,SAN
T-1501,CU-714,3119.87,USD,CL,mobile,D-714,2025-12-15T08:38:00,M-041,SAN
T-2522,CU-849,1438.88,USD,CL,mobile,D-849,2025-12-15T08:44:00,M-031,BCH
T-7018,CU-360,536.83,USD,CL,mobile,D-360,2025-12-15T08:52:00,M-042,BCI
T-4847,CU-202,2821.02,USD,AR,mobile,D-202,2025-12-15T08:54:00,M-033,SAN
T-6739,CU-975,4065.51,USD,CL,web,D-975,2025-12-15T08:55:00,M-039,SAN
T-5113,CU-278,1776.46,USD,ES,web,D-278,2025-12-15T09:00:00,M-002,SAN
T-7843,CU-011,390.20,USD,ES,web,D-011,2025-12-15T09:01:00,M-002,CABK
T-1400,CU-787,272.83,USD,CO,mobile,D-787,2025-12-15T09:01:00,M-011,BAN
T-3560,CU-203,1563.63,USD,AR,web,D-203,2025-12-15T09:03:00,M-004,GAL
T-5380,CU-759,1388.00,USD,CL,web,D-759,2025-12-15T09:04:00,M-022,BCI
T-6278,CU-823,1939.92,USD,MX,web,D-823,2025-12-15T09:04:00,M-001,BAN
T-6014,CU-315,423.41,USD,CO,mobile,D-315,2025-12-15T09:12:00,M-033,BAN
T-1561,CU-039,2212.67,USD,MX,mobile,D-039,2025-12-15T09:35:00,M-031,BBVA
T-3809,CU-443,2808.30,USD,ES,web,D-443,2025-12-15T09:35:00,M-015,CABK
T-4931,CU-649,1074.78,USD,MX,web,D-649,2025-12-15T09:35:00,M-003,BBVA
T-2762,CU-162,2274.76,USD,ES,mobile,D-162,2025-12-15T09:36:00,M-015,CABK
T-5027,CU-316,2352.84,USD,RU,mobile,D-999698,2025-12-15T09:45:00,M-004,SAN
T-3817,CU-232,4723.15,USD,MX,web,D-232,2025-12-15T09:45:00,M-001,SAN
T-4986,CU-955,1199.40,USD,ES,mobile,D-955,2025-12-15T09:52:00,M-009,SAN
T-4299,CU-169,944.90,USD,US,mobile,D-169,2025-12-15T09:55:00,M-012,BAC
T-6009,CU-229,1496.96,PEN,PE,mobile,D-229,2025-12-15T09:59:00,M-004,BBVA
T-5168,CU-505,2827.23,PEN,PE,web,D-505,2025-12-15T10:00:00,M-029,BBVA
T-1748,CU-036,1940.36,PEN,PE,mobile,D-036,2025-12-15T10:00:00,M-019,BCP
T-2139,CU-577,368.83,USD,US,web,D-577,2025-12-15T10:01:00,M-049,JPM
T-7097,CU-042,3636.09,USD,US,mobile,D-042,2025-12-15T10:14:00,M-028,JPM
T-7031,CU-020,2273.70,PEN,PE,web,D-020,2025-12-15T10:17:00,M-038,BCP
T-6134,CU-824,856.71,USD,CO,web,D-824,2025-12-15T10:18:00,M-031,DAV
T-6799,CU-296,2358.80,USD,CL,mobile,D-296,2025-12-15T10:33:00,M-022,BCI
T-3989,CU-883,4847.49,USD,CL,mobile,D-883,2025-12-15T10:40:00,M-038,BCI
T-4650,CU-624,2123.43,PEN,PE,mobile,D-624,2025-12-15T10:45:00,M-009,BBVA
T-7947,CU-526,1263.09,USD,CL,mobile,D-526,2025-12-15T10:47:00,M-042,SAN
T-1886,CU-705,3267.97,PEN,PE,web,D-705,2025-12-15T10:50:00,M-027,BCP
T-6792,CU-834,747.28,USD,CO,mobile,D-834,2025-12-15T10:52:00,M-021,DAV
T-7825,CU-865,236.65,PEN,PE,mobile,D-865,2025-12-15T10:52:00,M-005,BCP
T-7891,CU-716,676.38,USD,MX,web,D-716,2025-12-15T10:56:00,M-018,SAN
T-5214,CU-900,420.90,USD,MX,web,D-900,2025-12-15T10:56:00,M-030,BAN
T-3269,CU-133,2203.81,USD,AR,web,D-133,2025-12-15T10:56:00,M-033,SAN
T-5114,CU-278,1776.46,USD,ES,web,D-278,2025-12-15T11:00:00,M-002,SAN
T-4219,CU-944,2655.11,USD,CO,web,D-944,2025-12-15T11:03:00,M-034,BAN
T-7716,CU-398,1519.80,PEN,PE,web,D-398,2025-12-15T11:04:00,M-006,BCP
T-2794,CU-375,1494.69,USD,AR,mobile,D-375,2025-12-15T11:07:00,M-020,BNA
T-5206,CU-859,1339.59,USD,CO,mobile,D-859,2025-12-15T11:10:00,M-027,DAV
T-4275,CU-194,6299.85,USD,US,web,D-194,2025-12-15T11:10:00,M-010,JPM
T-2468,CU-986,3590.31,USD,AR,mobile,D-986,2025-12-15T11:12:00,M-012,BNA
T-5360,CU-715,2108.31,USD,CO,web,D-715,2025-12-15T11:12:00,M-043,BAN
T-1745,CU-135,3320.31,PEN,PE,web,D-135,2025-12-15T11:13:00,M-031,IBK
T-1097,CU-363,5363.66,USD,AR,web,D-363,2025-12-15T11:13:00,M-042,SAN
T-3688,CU-498,769.50,USD,AR,mobile,D-498,2025-12-15T11:19:00,M-039,GAL
T-2650,CU-181,1380.05,USD,US,mobile,D-181,2025-12-15T11:20:00,M-024,WFC
T-5169,CU-505,2827.23,USD,ES,web,D-505,2025-12-15T11:30:00,M-016,BBVA
T-1749,CU-036,1940.36,USD,ES,mobile,D-036,2025-12-15T11:30:00,M-022,BCP
T-1911,CU-625,1951.74,USD,US,web,D-625,2025-12-15T11:33:00,M-048,JPM
T-6006,CU-209,2216.79,USD,US,web,D-209,2025-12-15T11:34:00,M-047,WFC
T-5558,CU-530,468.15,USD,ES,web,D-530,2025-12-15T11:37:00,M-027,BBVA
T-2402,CU-747,1906.98,USD,AR,web,D-747,2025-12-15T11:43:00,M-006,GAL
T-5225,CU-541,3554.10,USD,CL,web,D-541,2025-12-15T11:46:00,M-007,BCI
T-4140,CU-559,5793.72,USD,AR,mobile,D-559,2025-12-15T11:46:00,M-027,SAN
T-5755,CU-595,4774.80,USD,AR,web,D-595,2025-12-15T11:46:00,M-050,SAN
T-1950,CU-351,6153.42,USD,MX,web,D-351,2025-12-15T11:51:00,M-014,BAN
T-4547,CU-799,1882.64,PEN,PE,web,D-799,2025-12-15T11:51:00,M-036,IBK
T-4367,CU-006,694.76,USD,MX,mobile,D-006,2025-12-15T11:57:00,M-001,BAN
T-7361,CU-438,4907.89,PEN,PE,mobile,D-438,2025-12-15T12:01:00,M-028,BCP
T-1008,CU-322,3249.63,USD,AR,web,D-322,2025-12-15T12:04:00,M-003,SAN
T-7471,CU-658,379.61,USD,CO,web,D-658,2025-12-15T12:04:00,M-046,BOG
T-5574,CU-587,2782.59,USD,CO,web,D-587,2025-12-15T12:14:00,M-048,DAV
T-7823,CU-657,1445.22,USD,AR,web,D-657,2025-12-15T12:14:00,M-040,GAL
T-3120,CU-447,2994.99,USD,US,web,D-447,2025-12-15T12:19:00,M-017,WFC
T-1887,CU-456,2513.19,USD,CO,mobile,D-456,2025-12-15T12:26:00,M-031,DAV
T-4778,CU-863,2095.77,USD,AR,web,D-863,2025-12-15T12:28:00,M-040,BNA
T-7663,CU-018,1769.24,USD,ES,mobile,D-018,2025-12-15T12:28:00,M-023,BBVA
T-7233,CU-063,4214.76,USD,MX,web,D-063,2025-12-15T12:34:00,M-009,BBVA
T-1809,CU-348,443.33,USD,US,web,D-348,2025-12-15T12:36:00,M-015,JPM
T-5992,CU-698,669.88,USD,US,web,D-698,2025-12-15T12:36:00,M-005,WFC
T-4651,CU-928,1296.80,USD,CL,mobile,D-928,2025-12-15T12:40:00,M-004,BCH
T-5897,CU-150,382.65,USD,CO,mobile,D-150,2025-12-15T12:49:00,M-013,BAN
T-7030,CU-029,1755.89,USD,CO,mobile,D-029,2025-12-15T12:52:00,M-025,BOG
T-1929,CU-372,1301.47,USD,MX,mobile,D-372,2025-12-15T12:53:00,M-022,BAN
T-7414,CU-804,3320.02,USD,CO,web,D-804,2025-12-15T12:54:00,M-031,BAN
T-5257,CU-403,6093.86,USD,CO,web,D-403,2025-12-15T12:57:00,M-014,DAV
T-6210,CU-595,3512.20,USD,AR,web,D-595,2025-12-15T12:57:00,M-042,SAN
T-2174,CU-315,369.39,USD,CO,mobile,D-315,2025-12-15T12:59:00,M-019,BAN
T-1692,CU-111,744.52,USD,MX,web,D-111,2025-12-15T13:00:00,M-042,SAN
T-5115,CU-278,1776.46,USD,ES,web,D-278,2025-12-15T13:00:00,M-002,SAN
T-3961,CU-589,4752.76,USD,US,mobile,D-589,2025-12-15T13:20:00,M-019,WFC
T-7009,CU-478,1929.34,USD,AR,web,D-478,2025-12-15T13:26:00,M-029,SAN
T-1914,CU-199,1736.02,USD,CL,mobile,D-199,2025-12-15T13:28:00,M-050,BCI
T-3070,CU-183,2720.02,USD,US,web,D-183,2025-12-15T13:32:00,M-010,BAC
T-7198,CU-191,700.83,USD,CL,web,D-191,2025-12-15T13:35:00,M-036,SAN
T-7565,CU-762,292.24,USD,AR,mobile,D-762,2025-12-15T13:37:00,M-034,GAL
T-4808,CU-172,1428.98,USD,MX,web,D-172,2025-12-15T13:38:00,M-042,BAN
T-4383,CU-496,685.35,USD,US,web,D-496,2025-12-15T13:41:00,M-033,WFC
T-2736,CU-951,3464.99,USD,CO,mobile,D-951,2025-12-15T13:41:00,M-024,BOG
T-4032,CU-282,107.32,USD,AR,mobile,D-282,2025-12-15T13:41:00,M-038,BNA
T-7896,CU-413,2336.35,USD,MX,mobile,D-413,2025-12-15T13:43:00,M-040,BAN
T-7064,CU-069,168.24,USD,US,mobile,D-069,2025-12-15T13:46:00,M-009,BAC
T-1840,CU-008,1403.95,PEN,PE,mobile,D-008,2025-12-15T13:47:00,M-030,BCP
T-4580,CU-656,3120.11,USD,AR,web,D-656,2025-12-15T13:51:00,M-001,BNA
T-4331,CU-242,1116.95,USD,US,web,D-242,2025-12-15T13:52:00,M-027,WFC
T-4410,CU-886,1523.98,USD,AR,mobile,D-886,2025-12-15T14:00:00,M-012,BNA
T-1095,CU-804,2593.81,USD,CO,web,D-804,2025-12-15T14:00:00,M-046,BAN
T-1792,CU-889,0.50,PEN,PE,mobile,D-999586,2025-12-15T14:00:00,M-010,BBVA
T-7133,CU-030,1761.06,USD,MX,mobile,D-030,2025-12-15T14:00:00,M-035,BBVA
T-1793,CU-889,0.50,PEN,PE,mobile,D-999586,2025-12-15T14:02:00,M-021,BBVA
T-3860,CU-554,2555.59,USD,US,mobile,D-554,2025-12-15T14:05:00,M-005,BAC
T-1794,CU-889,10738.92,PEN,PE,mobile,D-999586,2025-12-15T14:06:00,M-029,BBVA
T-3322,CU-184,139.83,USD,US,web,D-184,2025-12-15T14:12:00,M-026,WFC
T-4047,CU-831,206.17,USD,US,web,D-831,2025-12-15T14:14:00,M-037,JPM
T-6896,CU-711,3418.18,USD,MX,mobile,D-711,2025-12-15T14:22:00,M-043,BAN
T-4715,CU-317,1758.97,USD,CL,web,D-317,2025-12-15T14:30:00,M-016,BCH
T-2623,CU-371,1536.30,USD,AR,mobile,D-371,2025-12-15T14:32:00,M-043,BNA
T-5817,CU-092,2306.68,USD,CO,web,D-092,2025-12-15T14:32:00,M-047,BOG
T-4634,CU-694,2653.19,USD,AR,web,D-694,2025-12-15T14:37:00,M-048,BNA
T-5075,CU-218,1617.36,USD,MX,web,D-218,2025-12-15T14:47:00,M-028,BBVA
T-1393,CU-999,4398.94,USD,CO,mobile,D-999,2025-12-15T14:49:00,M-004,BAN
T-4100,CU-183,2323.56,USD,US,web,D-183,2025-12-15T14:52:00,M-048,BAC
T-4375,CU-542,3699.85,USD,ES,mobile,D-542,2025-12-15T14:55:00,M-035,BBVA
T-5007,CU-097,5807.65,USD,AR,mobile,D-097,2025-12-15T14:56:00,M-011,GAL
T-5098,CU-267,3092.45,USD,MX,web,D-267,2025-12-15T14:58:00,M-048,BAN
T-3653,CU-499,4545.89,PEN,PE,mobile,D-499,2025-12-15T14:59:00,M-009,BCP
T-6646,CU-471,247.66,USD,CL,web,D-471,2025-12-15T15:02:00,M-018,BCI
T-1653,CU-685,191.02,USD,CL,web,D-685,2025-12-15T15:05:00,M-027,BCI
T-5173,CU-757,4032.94,USD,AR,mobile,D-757,2025-12-15T15:07:00,M-023,SAN
T-5839,CU-291,913.15,USD,ES,mobile,D-291,2025-12-15T15:12:00,M-014,SAN
T-5249,CU-886,944.21,USD,AR,mobile,D-886,2025-12-15T15:13:00,M-003,BNA
T-7652,CU-102,2154.52,USD,AR,mobile,D-102,2025-12-15T15:20:00,M-015,SAN
T-3933,CU-070,2495.67,USD,CO,web,D-070,2025-12-15T15:25:00,M-039,DAV
T-2935,CU-766,4543.07,USD,US,web,D-766,2025-12-15T15:26:00,M-032,BAC
T-2208,CU-799,2588.50,PEN,PE,web,D-799,2025-12-15T15:29:00,M-041,IBK
T-1623,CU-043,3645.70,USD,AR,web,D-043,2025-12-15T15:38:00,M-020,GAL
T-1326,CU-688,2013.64,USD,US,web,D-688,2025-12-15T15:39:00,M-013,WFC
T-6277,CU-485,1826.17,USD,ES,web,D-485,2025-12-15T15:47:00,M-033,SAN
T-1558,CU-094,2563.05,USD,AR,mobile,D-094,2025-12-15T15:49:00,M-007,GAL
T-7731,CU-919,2118.73,USD,US,web,D-919,2025-12-15T15:50:00,M-009,WFC
T-7202,CU-967,316.44,USD,CL,web,D-967,2025-12-15T15:51:00,M-004,SAN
T-6021,CU-367,4734.27,PEN,PE,web,D-367,2025-12-15T15:53:00,M-050,BBVA
T-7260,CU-768,6959.90,PEN,PE,web,D-768,2025-12-15T15:56:00,M-035,BCP
T-6784,CU-404,5676.84,USD,ES,web,D-404,2025-12-15T15:56:00,M-009,BBVA
T-1361,CU-868,2637.44,USD,CL,web,D-868,2025-12-15T16:04:00,M-045,BCH
T-6924,CU-317,4625.23,USD,CL,web,D-317,2025-12-15T16:10:00,M-012,BCH
T-5497,CU-451,3162.95,USD,AR,web,D-451,2025-12-15T16:10:00,M-042,BNA
T-5473,CU-571,2527.96,PEN,PE,mobile,D-571,2025-12-15T16:10:00,M-010,BBVA
T-5731,CU-465,1849.87,USD,AR,web,D-465,2025-12-15T16:11:00,M-037,SAN
T-1004,CU-537,801.48,USD,US,mobile,D-537,2025-12-15T16:21:00,M-006,BAC
T-7462,CU-699,624.05,USD,US,web,D-699,2025-12-15T16:22:00,M-017,WFC
T-5660,CU-260,403.32,USD,CO,mobile,D-260,2025-12-15T16:22:00,M-041,BAN
T-7898,CU-399,2415.84,USD,MX,mobile,D-399,2025-12-15T16:24:00,M-030,SAN
T-4102,CU-828,2767.68,USD,CL,web,D-828,2025-12-15T16:28:00,M-011,BCH
T-2274,CU-897,1993.48,USD,MX,mobile,D-897,2025-12-15T16:32:00,M-035,BAN
T-7176,CU-705,5228.97,PEN,PE,web,D-705,2025-12-15T16:33:00,M-019,BCP
T-6804,CU-370,4394.04,PEN,PE,mobile,D-370,2025-12-15T16:38:00,M-046,BCP
T-4302,CU-267,4141.26,USD,MX,web,D-267,2025-12-15T16:38:00,M-047,BAN
T-7343,CU-550,2408.89,PEN,PE,web,D-550,2025-12-15T16:38:00,M-043,BCP
T-5187,CU-905,1202.61,USD,CL,web,D-905,2025-12-15T16:40:00,M-037,BCI
T-4923,CU-598,2332.74,USD,RU,mobile,D-999506,2025-12-15T16:42:00,M-030,WFC
T-3279,CU-203,1729.62,USD,AR,web,D-203,2025-12-15T16:43:00,M-035,GAL
T-6486,CU-089,2285.76,USD,AR,web,D-089,2025-12-15T16:48:00,M-018,BNA
T-5029,CU-552,1146.91,USD,ES,mobile,D-552,2025-12-15T16:50:00,M-028,SAN
T-4552,CU-433,404.26,USD,CO,web,D-433,2025-12-15T16:59:00,M-041,BOG
T-3136,CU-906,1625.98,PEN,PE,web,D-906,2025-12-15T17:00:00,M-999,IBK
T-4951,CU-637,1308.24,USD,CO,web,D-637,2025-12-15T17:09:00,M-042,BAN
T-6385,CU-247,455.04,PEN,PE,mobile,D-247,2025-12-15T17:09:00,M-047,BBVA
T-4126,CU-334,2954.19,USD,MX,mobile,D-334,2025-12-15T17:11:00,M-029,SAN
T-3456,CU-924,1473.53,PEN,PE,mobile,D-924,2025-12-15T17:15:00,M-033,BCP
T-4959,CU-480,1196.47,USD,ES,mobile,D-480,2025-12-15T17:21:00,M-027,BBVA
T-6470,CU-154,2477.75,PEN,PE,web,D-154,2025-12-15T17:22:00,M-041,BBVA
T-2425,CU-978,1094.94,USD,RU,web,D-999162,2025-12-15T17:23:00,M-026,BBVA
T-6655,CU-506,2773.22,PEN,PE,web,D-506,2025-12-15T17:28:00,M-001,BCP
T-1711,CU-793,293.75,PEN,PE,mobile,D-793,2025-12-15T17:31:00,M-018,BCP
T-2037,CU-802,3128.19,USD,US,web,D-802,2025-12-15T17:34:00,M-025,JPM
T-5067,CU-926,5049.77,PEN,PE,web,D-926,2025-12-15T17:37:00,M-050,BCP
T-4028,CU-954,4132.13,PEN,PE,mobile,D-954,2025-12-15T17:37:00,M-041,IBK
T-2405,CU-703,5316.87,USD,CO,web,D-703,2025-12-15T17:38:00,M-019,BAN
T-2456,CU-274,4967.91,USD,CL,web,D-274,2025-12-15T17:40:00,M-017,SAN
T-6891,CU-100,1438.05,USD,AR,web,D-100,2025-12-15T17:41:00,M-023,SAN
T-5031,CU-975,2557.01,USD,CL,web,D-975,2025-12-15T17:44:00,M-020,SAN
T-5419,CU-231,3101.90,USD,AR,mobile,D-231,2025-12-15T17:46:00,M-032,GAL
T-1952,CU-821,5535.01,PEN,PE,mobile,D-821,2025-12-15T17:48:00,M-005,BCP
T-4673,CU-802,3874.34,USD,US,web,D-802,2025-12-15T17:55:00,M-021,JPM
T-7586,CU-700,3735.05,USD,ES,mobile,D-700,2025-12-15T17:58:00,M-020,SAN
T-2366,CU-026,1813.90,USD,CO,web,D-026,2025-12-15T17:59:00,M-039,DAV
T-3530,CU-072,529.39,USD,ES,mobile,D-072,2025-12-15T18:11:00,M-047,BBVA
T-1838,CU-630,3656.99,USD,MX,web,D-630,2025-12-15T18:13:00,M-019,SAN
T-3418,CU-133,1030.22,USD,AR,web,D-133,2025-12-15T18:14:00,M-018,SAN
T-4561,CU-343,1072.43,USD,US,web,D-343,2025-12-15T18:17:00,M-038,BAC
T-5662,CU-438,2098.53,PEN,PE,mobile,D-438,2025-12-15T18:18:00,M-005,BCP
T-6677,CU-294,1405.07,USD,CL,web,D-294,2025-12-15T18:20:00,M-012,SAN
T-3887,CU-425,2591.64,USD,CL,mobile,D-425,2025-12-15T18:25:00,M-001,BCH
T-3008,CU-835,1353.25,USD,CL,mobile,D-835,2025-12-15T18:28:00,M-044,BCI
T-5718,CU-845,4258.60,USD,AR,mobile,D-845,2025-12-15T18:30:00,M-044,SAN
T-5227,CU-597,285.81,PEN,PE,mobile,D-597,2025-12-15T18:32:00,M-017,BBVA
T-4569,CU-496,472.11,USD,US,web,D-496,2025-12-15T18:35:00,M-001,WFC
T-6892,CU-742,2137.35,USD,CL,mobile,D-742,2025-12-15T18:37:00,M-011,BCH
T-1651,CU-177,1392.08,USD,CL,web,D-177,2025-12-15T18:38:00,M-033,SAN
T-3646,CU-463,635.54,USD,MX,mobile,D-463,2025-12-15T18:40:00,M-005,BAN
T-5775,CU-786,1432.87,USD,ES,web,D-786,2025-12-15T18:58:00,M-042,BBVA
T-4768,CU-485,780.91,USD,ES,web,D-485,2025-12-15T19:00:00,M-043,SAN
T-1484,CU-108,896.84,USD,CL,web,D-108,2025-12-15T19:00:00,M-999,BCI
T-7834,CU-142,2657.92,USD,AR,web,D-142,2025-12-15T19:07:00,M-039,GAL
T-7492,CU-757,4362.34,USD,AR,mobile,D-757,2025-12-15T19:10:00,M-034,SAN
T-5414,CU-931,378.84,USD,MX,mobile,D-931,2025-12-15T19:11:00,M-032,BBVA
T-3447,CU-432,684.85,USD,US,web,D-432,2025-12-15T19:13:00,M-046,BAC
T-1795,CU-352,833.60,USD,CO,web,D-352,2025-12-15T19:22:00,M-050,DAV
T-2074,CU-171,3744.15,USD,US,web,D-171,2025-12-15T19:25:00,M-018,WFC
T-1119,CU-394,4455.06,USD,AR,web,D-394,2025-12-15T19:25:00,M-024,SAN
T-7889,CU-783,3719.10,USD,MX,web,D-783,2025-12-15T19:32:00,M-011,SAN
T-6984,CU-797,2620.68,PEN,PE,mobile,D-797,2025-12-15T19:36:00,M-017,IBK
T-5625,CU-560,2716.71,USD,US,web,D-560,2025-12-15T19:51:00,M-031,BAC
T-7579,CU-018,1208.92,USD,ES,mobile,D-018,2025-12-15T19:58:00,M-027,BBVA
T-5435,CU-667,3287.09,USD,CO,mobile,D-667,2025-12-15T20:10:00,M-047,BOG
T-7262,CU-727,5798.39,USD,CO,mobile,D-727,2025-12-15T20:17:00,M-039,DAV
T-6062,CU-351,5702.75,USD,MX,web,D-351,2025-12-15T20:29:00,M-031,BAN
T-2687,CU-745,3147.46,USD,ES,mobile,D-745,2025-12-15T20:42:00,M-038,SAN
T-1505,CU-675,1155.73,USD,CL,mobile,D-675,2025-12-15T20:45:00,M-039,BCI
T-3962,CU-924,1310.81,PEN,PE,mobile,D-924,2025-12-15T20:50:00,M-048,BCP
T-3193,CU-220,2754.35,USD,AR,mobile,D-220,2025-12-15T21:01:00,M-042,BNA
T-2184,CU-729,2346.41,USD,CO,mobile,D-729,2025-12-15T21:14:00,M-044,BAN
T-4487,CU-124,1849.82,PEN,PE,web,D-124,2025-12-15T21:24:00,M-007,BCP
T-4398,CU-455,594.02,USD,US,mobile,D-455,2025-12-15T21:29:00,M-005,WFC
T-5394,CU-472,4113.49,PEN,PE,web,D-472,2025-12-15T21:41:00,M-026,BCP
T-1188,CU-914,2900.42,USD,US,mobile,D-914,2025-12-15T21:49:00,M-005,JPM
T-1397,CU-551,565.76,USD,CO,web,D-551,2025-12-15T21:50:00,M-048,BOG
T-2433,CU-598,2460.81,USD,US,mobile,D-598,2025-12-15T21:53:00,M-046,WFC
T-4075,CU-412,3350.46,USD,CO,mobile,D-412,2025-12-15T21:54:00,M-048,BOG
T-1036,CU-373,6322.54,USD,US,web,D-373,2025-12-15T22:05:00,M-044,BAC
T-7547,CU-294,2090.23,USD,CL,web,D-294,2025-12-15T22:21:00,M-016,SAN
T-2148,CU-152,681.96,USD,MX,web,D-152,2025-12-15T22:46:00,M-038,BBVA
T-4770,CU-696,14352.15,USD,ES,web,D-696,2025-12-16T02:21:00,M-040,BBVA
T-6660,CU-572,1280.95,USD,US,mobile,D-572,2025-12-16T06:38:00,M-006,WFC
T-2196,CU-946,777.51,PEN,PE,web,D-946,2025-12-16T07:01:00,M-036,BBVA
T-4704,CU-355,2730.87,USD,CL,mobile,D-355,2025-12-16T07:13:00,M-016,BCI
T-3130,CU-446,1545.95,USD,MX,web,D-446,2025-12-16T07:19:00,M-022,SAN
T-1482,CU-992,2269.96,USD,MX,mobile,D-992,2025-12-16T07:37:00,M-008,BAN
T-4255,CU-993,6356.64,USD,CO,web,D-993,2025-12-16T07:47:00,M-038,BOG
T-2863,CU-496,837.45,USD,US,web,D-496,2025-12-16T07:51:00,M-007,WFC
T-2409,CU-979,5944.22,USD,US,web,D-979,2025-12-16T08:27:00,M-021,BAC
T-6001,CU-530,193.45,USD,ES,web,D-530,2025-12-16T08:31:00,M-001,BBVA
T-4563,CU-240,411.45,USD,ES,mobile,D-240,2025-12-16T08:32:00,M-038,CABK
T-2929,CU-036,1320.02,PEN,PE,mobile,D-036,2025-12-16T08:40:00,M-037,BCP
T-7167,CU-549,1157.64,USD,MX,mobile,D-549,2025-12-16T09:00:00,M-032,BBVA
T-2565,CU-819,8074.59,USD,MX,mobile,D-819,2025-12-16T09:00:00,M-039,BAN
T-6023,CU-087,131.46,USD,CL,mobile,D-087,2025-12-16T09:01:00,M-023,SAN
T-3134,CU-201,2012.70,USD,US,web,D-201,2025-12-16T09:06:00,M-022,JPM
T-3401,CU-704,2589.51,PEN,PE,mobile,D-704,2025-12-16T09:11:00,M-042,BBVA
T-6364,CU-105,2764.92,USD,MX,mobile,D-105,2025-12-16T09:25:00,M-026,BBVA
T-3001,CU-048,3916.66,USD,MX,web,D-048,2025-12-16T09:34:00,M-047,SAN
T-6271,CU-361,2393.59,USD,CL,mobile,D-361,2025-12-16T09:35:00,M-045,SAN
T-3069,CU-777,1156.19,USD,AR,mobile,D-777,2025-12-16T09:39:00,M-006,BNA
T-2186,CU-378,1444.09,USD,MX,mobile,D-378,2025-12-16T09:40:00,M-026,BBVA
T-5327,CU-649,1679.44,USD,MX,web,D-649,2025-12-16T09:41:00,M-041,BBVA
T-5632,CU-899,3239.84,USD,CO,mobile,D-899,2025-12-16T09:48:00,M-032,BAN
T-7350,CU-162,5806.02,USD,ES,mobile,D-162,2025-12-16T09:59:00,M-043,CABK
T-7660,CU-136,4205.35,PEN,PE,web,D-136,2025-12-16T10:00:00,M-050,BAN
T-2810,CU-525,1751.31,USD,CL,web,D-525,2025-12-16T10:00:00,M-999,SAN
T-2170,CU-833,4580.45,USD,CL,web,D-833,2025-12-16T10:07:00,M-001,SAN
T-7016,CU-561,1958.06,USD,CO,mobile,D-561,2025-12-16T10:12:00,M-044,BOG
T-3175,CU-468,1291.34,USD,AR,mobile,D-468,2025-12-16T10:17:00,M-007,SAN
T-4839,CU-187,2602.36,USD,ES,web,D-187,2025-12-16T10:18:00,M-021,CABK
T-2177,CU-819,1389.10,USD,MX,mobile,D-819,2025-12-16T10:32:00,M-049,BAN
T-5237,CU-532,850.32,USD,US,web,D-532,2025-12-16T10:32:00,M-005,WFC
T-3589,CU-740,4523.26,USD,ES,web,D-740,2025-12-16T10:34:00,M-017,SAN
T-1978,CU-702,2516.27,USD,US,mobile,D-702,2025-12-16T10:36:00,M-012,BAC
T-7611,CU-219,2495.17,USD,CL,web,D-219,2025-12-16T10:42:00,M-038,SAN
T-1954,CU-143,3285.21,USD,ES,web,D-143,2025-12-16T10:46:00,M-040,CABK
T-2205,CU-651,1275.56,PEN,PE,web,D-651,2025-12-16T10:49:00,M-021,IBK
T-2499,CU-538,7000.57,USD,CO,mobile,D-538,2025-12-16T10:50:00,M-010,BOG
T-7374,CU-045,736.31,USD,CO,web,D-045,2025-12-16T11:00:00,M-007,BAN
T-2566,CU-819,8074.59,USD,MX,mobile,D-819,2025-12-16T11:00:00,M-039,BAN
T-4132,CU-346,739.06,USD,US,mobile,D-346,2025-12-16T11:00:00,M-999,WFC
T-7168,CU-549,1157.64,USD,MX,mobile,D-549,2025-12-16T11:00:00,M-032,BBVA
T-1607,CU-078,2025.93,USD,US,web,D-078,2025-12-16T11:03:00,M-001,BAC
T-7322,CU-004,1068.96,USD,CL,mobile,D-004,2025-12-16T11:07:00,M-027,BCI
T-5428,CU-508,621.88,USD,CL,mobile,D-508,2025-12-16T11:09:00,M-023,BCI
T-6681,CU-249,4850.77,PEN,PE,web,D-249,2025-12-16T11:13:00,M-013,IBK
T-2435,CU-213,2309.11,PEN,PE,mobile,D-213,2025-12-16T11:20:00,M-004,IBK
T-1617,CU-683,2018.17,PEN,PE,web,D-683,2025-12-16T11:20:00,M-021,BBVA
T-6908,CU-486,796.14,USD,CL,mobile,D-486,2025-12-16T11:20:00,M-040,BCI
T-6899,CU-963,3315.60,USD,CO,mobile,D-963,2025-12-16T11:20:00,M-048,BAN
T-4352,CU-898,5319.96,USD,ES,mobile,D-898,2025-12-16T11:29:00,M-022,BBVA
T-7661,CU-136,4205.35,USD,ES,web,D-136,2025-12-16T11:30:00,M-008,BAN
T-3147,CU-214,965.21,USD,AR,mobile,D-214,2025-12-16T11:32:00,M-027,BNA
T-5683,CU-397,2077.32,USD,AR,web,D-397,2025-12-16T11:32:00,M-041,BNA
T-2602,CU-025,6912.66,USD,CO,web,D-025,2025-12-16T11:32:00,M-003,BOG
T-3084,CU-493,3496.25,USD,US,mobile,D-493,2025-12-16T11:42:00,M-044,BAC
T-3135,CU-526,2401.05,USD,CL,mobile,D-526,2025-12-16T11:47:00,M-034,SAN
T-4098,CU-058,714.78,USD,AR,mobile,D-058,2025-12-16T11:49:00,M-017,BNA
T-2675,CU-043,1686.55,USD,AR,web,D-043,2025-12-16T11:55:00,M-005,GAL
T-1432,CU-1000,2732.05,USD,CL,web,D-1000,2025-12-16T11:59:00,M-036,BCH
T-6874,CU-001,5853.84,USD,MX,mobile,D-001,2025-12-16T12:00:00,M-035,BBVA
T-4997,CU-085,1259.10,USD,AR,mobile,D-085,2025-12-16T12:01:00,M-009,SAN
T-2437,CU-658,182.60,USD,CO,web,D-658,2025-12-16T12:01:00,M-048,BOG
T-4998,CU-085,1235.22,USD,AR,mobile,D-085,2025-12-16T12:02:00,M-009,SAN
T-2438,CU-658,115.46,USD,CO,web,D-658,2025-12-16T12:02:00,M-048,BOG
T-4999,CU-085,1249.71,USD,AR,mobile,D-085,2025-12-16T12:03:00,M-009,SAN
T-2439,CU-658,161.02,USD,CO,web,D-658,2025-12-16T12:03:00,M-048,BOG
T-2440,CU-658,136.70,USD,CO,web,D-658,2025-12-16T12:04:00,M-048,BOG
T-5000,CU-085,1067.28,USD,AR,mobile,D-085,2025-12-16T12:04:00,M-009,SAN
T-3458,CU-925,2724.48,USD,MX,web,D-925,2025-12-16T12:04:00,M-002,SAN
T-6297,CU-474,605.42,USD,CL,web,D-474,2025-12-16T12:05:00,M-048,BCI
T-3775,CU-965,3266.25,USD,MX,mobile,D-965,2025-12-16T12:08:00,M-033,SAN
T-6002,CU-629,740.17,USD,CL,web,D-629,2025-12-16T12:11:00,M-038,BCI
T-4624,CU-594,3677.31,PEN,PE,web,D-594,2025-12-16T12:13:00,M-017,BCP
T-5003,CU-894,690.61,USD,US,web,D-894,2025-12-16T12:23:00,M-031,WFC
T-1162,CU-704,3250.23,PEN,PE,mobile,D-704,2025-12-16T12:25:00,M-005,BBVA
T-3598,CU-464,153.18,USD,ES,mobile,D-464,2025-12-16T12:27:00,M-028,CABK
T-5086,CU-752,2483.48,USD,US,web,D-752,2025-12-16T12:36:00,M-020,BAC
T-6477,CU-605,1272.50,USD,CL,web,D-605,2025-12-16T12:38:00,M-042,BCH
T-5941,CU-172,931.60,USD,MX,web,D-172,2025-12-16T12:50:00,M-010,BAN
T-1360,CU-465,656.83,USD,AR,web,D-465,2025-12-16T12:52:00,M-040,SAN
T-3236,CU-234,408.33,USD,MX,web,D-234,2025-12-16T12:55:00,M-036,BBVA
T-2567,CU-819,8074.59,USD,MX,mobile,D-819,2025-12-16T13:00:00,M-039,BAN
T-7169,CU-549,1157.64,USD,MX,mobile,D-549,2025-12-16T13:00:00,M-032,BBVA
T-3618,CU-652,3051.70,USD,CO,web,D-652,2025-12-16T13:00:00,M-018,DAV
T-1313,CU-820,1514.44,PEN,PE,web,D-820,2025-12-16T13:01:00,M-005,BCP
T-6726,CU-705,3423.10,PEN,PE,web,D-705,2025-12-16T13:13:00,M-042,BCP
T-2728,CU-802,2622.42,USD,US,web,D-802,2025-12-16T13:14:00,M-018,JPM
T-2253,CU-245,2633.69,USD,AR,web,D-245,2025-12-16T13:14:00,M-007,SAN
T-5313,CU-183,2710.14,USD,US,web,D-183,2025-12-16T13:16:00,M-013,BAC
T-7441,CU-368,2926.73,USD,US,web,D-368,2025-12-16T13:19:00,M-014,BAC
T-1563,CU-228,3598.01,USD,US,web,D-228,2025-12-16T13:20:00,M-043,JPM
T-7880,CU-024,4756.17,USD,CO,web,D-024,2025-12-16T13:29:00,M-048,DAV
T-4711,CU-611,2413.02,USD,MX,web,D-611,2025-12-16T13:36:00,M-020,SAN
T-5012,CU-070,3208.55,USD,CO,web,D-070,2025-12-16T13:40:00,M-008,DAV
T-1436,CU-172,1723.37,USD,MX,web,D-172,2025-12-16T13:41:00,M-014,BAN
T-3454,CU-531,2670.27,USD,CL,web,D-531,2025-12-16T13:43:00,M-047,BCI
T-7775,CU-408,376.58,USD,US,mobile,D-408,2025-12-16T13:52:00,M-009,JPM
T-5258,CU-670,0.50,USD,ES,mobile,D-999411,2025-12-16T14:00:00,M-042,SAN
T-3299,CU-066,0.50,USD,AR,web,D-999664,2025-12-16T14:00:00,M-022,SAN
T-1252,CU-167,3868.56,USD,AR,mobile,D-167,2025-12-16T14:01:00,M-024,BNA
T-5259,CU-670,0.50,USD,ES,mobile,D-999411,2025-12-16T14:02:00,M-024,SAN
T-3300,CU-066,0.50,USD,AR,web,D-999664,2025-12-16T14:02:00,M-043,SAN
T-3301,CU-066,5248.04,USD,AR,web,D-999664,2025-12-16T14:06:00,M-001,SAN
T-5260,CU-670,17299.36,USD,ES,mobile,D-999411,2025-12-16T14:06:00,M-046,SAN
T-7052,CU-362,2677.79,USD,CO,web,D-362,2025-12-16T14:11:00,M-016,BOG
T-2718,CU-716,1374.91,USD,MX,web,D-716,2025-12-16T14:17:00,M-030,SAN
T-5831,CU-363,5170.37,USD,AR,web,D-363,2025-12-16T14:20:00,M-047,SAN
T-7951,CU-324,3950.81,PEN,PE,mobile,D-324,2025-12-16T14:20:00,M-028,IBK
T-1476,CU-474,443.29,USD,CL,web,D-474,2025-12-16T14:22:00,M-048,BCI
T-1145,CU-044,3044.42,USD,ES,mobile,D-044,2025-12-16T14:24:00,M-036,BBVA
T-5181,CU-046,6584.52,USD,MX,mobile,D-046,2025-12-16T14:27:00,M-013,BBVA
T-1669,CU-905,1015.45,USD,CL,web,D-905,2025-12-16T14:31:00,M-002,BCI
T-4265,CU-864,112.10,USD,ES,mobile,D-864,2025-12-16T14:34:00,M-047,CABK
T-3374,CU-597,570.76,PEN,PE,mobile,D-597,2025-12-16T14:34:00,M-036,BBVA
T-4604,CU-867,3780.48,PEN,PE,mobile,D-867,2025-12-16T14:45:00,M-016,IBK
T-1552,CU-295,1706.67,USD,CL,web,D-295,2025-12-16T14:51:00,M-024,BCH
T-7882,CU-873,2472.44,USD,ES,web,D-873,2025-12-16T14:53:00,M-027,CABK
T-2748,CU-524,1845.81,USD,AR,web,D-524,2025-12-16T15:01:00,M-039,SAN
T-7181,CU-251,2739.04,USD,US,mobile,D-251,2025-12-16T15:03:00,M-030,JPM
T-4719,CU-673,783.16,USD,US,mobile,D-673,2025-12-16T15:04:00,M-026,JPM
T-5542,CU-623,4011.40,USD,AR,mobile,D-623,2025-12-16T15:04:00,M-013,SAN
T-2151,CU-519,1661.08,USD,CO,web,D-519,2025-12-16T15:14:00,M-005,DAV
T-7495,CU-711,3708.29,USD,MX,mobile,D-711,2025-12-16T15:15:00,M-044,BAN
T-4360,CU-440,2954.76,USD,AR,mobile,D-440,2025-12-16T15:20:00,M-001,BNA
T-7287,CU-134,4631.34,USD,US,web,D-134,2025-12-16T15:22:00,M-029,WFC
T-7081,CU-025,6639.60,USD,CO,web,D-025,2025-12-16T15:26:00,M-030,BOG
T-7273,CU-819,2289.35,USD,MX,mobile,D-819,2025-12-16T15:27:00,M-007,BAN
T-2800,CU-411,2108.49,USD,MX,web,D-411,2025-12-16T15:28:00,M-035,SAN
T-6333,CU-053,2525.93,USD,CL,web,D-053,2025-12-16T15:29:00,M-049,SAN
T-1487,CU-354,1206.64,USD,MX,mobile,D-354,2025-12-16T15:30:00,M-036,BAN
T-6380,CU-267,5099.29,USD,MX,web,D-267,2025-12-16T15:31:00,M-003,BAN
T-3807,CU-653,5495.96,USD,AR,web,D-653,2025-12-16T15:32:00,M-037,GAL
T-6441,CU-682,5727.95,USD,US,web,D-682,2025-12-16T15:34:00,M-027,JPM
T-3779,CU-915,2467.42,PEN,PE,web,D-915,2025-12-16T15:34:00,M-011,IBK
T-3368,CU-515,1196.79,USD,US,mobile,D-515,2025-12-16T15:37:00,M-033,BAC
T-1595,CU-594,3195.73,PEN,PE,web,D-594,2025-12-16T15:48:00,M-040,BCP
T-6043,CU-614,2325.36,PEN,PE,web,D-614,2025-12-16T16:00:00,M-027,BCP
T-4071,CU-403,2917.77,USD,CO,web,D-403,2025-12-16T16:04:00,M-049,DAV
T-4384,CU-467,656.79,USD,AR,web,D-467,2025-12-16T16:07:00,M-035,BNA
T-3020,CU-929,3081.29,USD,MX,mobile,D-929,2025-12-16T16:08:00,M-011,BBVA
T-3822,CU-066,836.40,USD,AR,web,D-066,2025-12-16T16:23:00,M-013,SAN
T-2855,CU-293,2877.32,USD,CL,web,D-293,2025-12-16T16:23:00,M-014,BCH
T-6376,CU-727,4304.12,USD,CO,mobile,D-727,2025-12-16T16:24:00,M-035,DAV
T-6889,CU-204,3061.15,USD,MX,mobile,D-204,2025-12-16T16:25:00,M-012,BAN
T-5912,CU-768,4257.88,PEN,PE,web,D-768,2025-12-16T16:32:00,M-033,BCP
T-2116,CU-038,2430.57,USD,CL,mobile,D-038,2025-12-16T16:40:00,M-026,BCH
T-6046,CU-535,4879.27,USD,AR,web,D-535,2025-12-16T16:44:00,M-027,GAL
T-2857,CU-167,4471.76,USD,AR,mobile,D-167,2025-12-16T16:49:00,M-028,BNA
T-2515,CU-835,3918.58,USD,CL,mobile,D-835,2025-12-16T16:51:00,M-024,BCI
T-5899,CU-565,1509.45,USD,US,web,D-565,2025-12-16T16:53:00,M-007,JPM
T-6727,CU-611,2514.83,USD,MX,web,D-611,2025-12-16T16:56:00,M-024,SAN
T-7454,CU-530,264.53,USD,ES,web,D-530,2025-12-16T17:07:00,M-027,BBVA
T-7371,CU-192,3547.34,USD,CL,web,D-192,2025-12-16T17:10:00,M-027,BCH
T-4766,CU-087,147.08,USD,CL,mobile,D-087,2025-12-16T17:11:00,M-021,SAN
T-6773,CU-615,3345.44,USD,US,mobile,D-615,2025-12-16T17:13:00,M-048,JPM
T-4227,CU-055,4110.17,USD,AR,mobile,D-055,2025-12-16T17:19:00,M-038,GAL
T-4717,CU-164,2034.38,USD,MX,mobile,D-164,2025-12-16T17:27:00,M-007,BAN
T-6827,CU-115,2931.13,USD,US,web,D-115,2025-12-16T17:31:00,M-006,BAC
T-7589,CU-146,681.01,PEN,PE,web,D-146,2025-12-16T17:35:00,M-028,BCP
T-7948,CU-714,1146.79,USD,CL,mobile,D-714,2025-12-16T17:37:00,M-030,SAN
T-5080,CU-011,416.20,USD,ES,web,D-011,2025-12-16T17:38:00,M-013,CABK
T-4118,CU-796,2653.72,USD,MX,mobile,D-796,2025-12-16T17:53:00,M-016,SAN
T-7881,CU-427,3016.69,USD,US,web,D-427,2025-12-16T17:54:00,M-040,BAC
T-1201,CU-095,859.90,USD,ES,mobile,D-095,2025-12-16T17:56:00,M-038,SAN
T-3038,CU-251,1490.92,USD,US,mobile,D-251,2025-12-16T17:56:00,M-046,JPM
T-7667,CU-800,1533.67,USD,ES,web,D-800,2025-12-16T17:59:00,M-001,SAN
T-7243,CU-944,3662.05,USD,CO,web,D-944,2025-12-16T18:01:00,M-035,BAN
T-1052,CU-870,3917.46,USD,CO,web,D-870,2025-12-16T18:04:00,M-042,DAV
T-3196,CU-098,1468.55,USD,ES,mobile,D-098,2025-12-16T18:05:00,M-045,CABK
T-4854,CU-272,508.37,USD,MX,mobile,D-272,2025-12-16T18:07:00,M-017,BBVA
T-3625,CU-828,4052.46,USD,CL,web,D-828,2025-12-16T18:08:00,M-020,BCH
T-3483,CU-636,4371.11,USD,CL,web,D-636,2025-12-16T18:13:00,M-028,BCH
T-6854,CU-228,2017.93,USD,US,web,D-228,2025-12-16T18:19:00,M-038,JPM
T-1629,CU-517,161.38,PEN,PE,web,D-517,2025-12-16T18:24:00,M-014,BCP
T-7401,CU-456,5209.12,USD,CO,mobile,D-456,2025-12-16T18:28:00,M-031,DAV
T-6140,CU-246,3847.93,USD,ES,web,D-246,2025-12-16T18:36:00,M-032,BBVA
T-7144,CU-777,1288.44,USD,AR,mobile,D-777,2025-12-16T18:40:00,M-007,BNA
T-5544,CU-791,4240.52,USD,ES,web,D-791,2025-12-16T18:41:00,M-027,SAN
T-5720,CU-124,2407.45,PEN,PE,web,D-124,2025-12-16T18:44:00,M-028,BCP
T-1752,CU-429,5060.56,USD,CL,mobile,D-429,2025-12-16T18:49:00,M-018,BCI
T-7554,CU-653,4864.65,USD,AR,web,D-653,2025-12-16T18:50:00,M-042,GAL
T-5234,CU-331,3178.12,USD,MX,mobile,D-331,2025-12-16T18:56:00,M-008,BAN
T-7890,CU-088,2138.94,USD,ES,web,D-088,2025-12-16T18:57:00,M-021,SAN
T-6242,CU-245,2195.27,USD,AR,web,D-245,2025-12-16T19:03:00,M-025,SAN
T-2788,CU-774,1459.22,USD,US,web,D-774,2025-12-16T19:03:00,M-029,WFC
T-2354,CU-963,3668.80,USD,CO,mobile,D-963,2025-12-16T19:07:00,M-009,BAN
T-3723,CU-362,13661.74,USD,CO,web,D-362,2025-12-16T19:13:00,M-010,BOG
T-5797,CU-255,2882.35,USD,AR,mobile,D-255,2025-12-16T19:14:00,M-013,SAN
T-1616,CU-770,6137.95,USD,US,web,D-770,2025-12-16T19:21:00,M-041,BAC
T-3671,CU-733,128.30,USD,CL,web,D-733,2025-12-16T19:24:00,M-044,SAN
T-2023,CU-416,2058.22,USD,CL,web,D-416,2025-12-16T19:39:00,M-020,SAN
T-7344,CU-433,621.21,USD,CO,web,D-433,2025-12-16T19:42:00,M-026,BOG
T-5474,CU-100,1179.15,USD,AR,web,D-100,2025-12-16T19:43:00,M-037,SAN
T-2015,CU-743,4595.70,USD,AR,web,D-743,2025-12-16T19:51:00,M-008,GAL
T-7071,CU-968,552.53,USD,MX,mobile,D-968,2025-12-16T19:57:00,M-016,BBVA
T-6766,CU-075,616.20,USD,RU,mobile,D-999586,2025-12-16T20:11:00,M-027,BCH
T-1255,CU-963,1356.30,USD,CO,mobile,D-963,2025-12-16T20:23:00,M-044,BAN
T-6915,CU-171,3150.67,USD,US,web,D-171,2025-12-16T20:24:00,M-027,WFC
T-5366,CU-492,3652.34,USD,US,mobile,D-492,2025-12-16T20:29:00,M-013,WFC
T-1319,CU-137,4945.98,USD,MX,mobile,D-137,2025-12-16T20:42:00,M-027,BBVA
T-2865,CU-741,1846.02,PEN,PE,web,D-741,2025-12-16T20:42:00,M-050,BCP
T-1862,CU-542,3581.81,USD,ES,mobile,D-542,2025-12-16T20:43:00,M-007,BBVA
T-4485,CU-496,487.31,USD,US,web,D-496,2025-12-16T20:45:00,M-002,WFC
T-2869,CU-010,4784.96,USD,CO,web,D-010,2025-12-16T20:49:00,M-049,BOG
T-4240,CU-632,3164.37,USD,CO,web,D-632,2025-12-16T20:52:00,M-031,BOG
T-1101,CU-971,882.92,USD,AR,mobile,D-971,2025-12-16T21:00:00,M-999,SAN
T-2908,CU-511,685.62,USD,ES,web,D-511,2025-12-16T21:12:00,M-036,CABK
T-1096,CU-919,2265.57,USD,US,web,D-919,2025-12-16T21:14:00,M-029,WFC
T-3685,CU-287,3535.24,USD,US,web,D-287,2025-12-16T21:27:00,M-021,WFC
T-2303,CU-821,3869.21,PEN,PE,mobile,D-821,2025-12-16T21:29:00,M-033,BCP
T-3397,CU-594,6132.24,PEN,PE,web,D-594,2025-12-16T21:31:00,M-023,BCP
T-4454,CU-212,3203.25,USD,CL,mobile,D-212,2025-12-16T21:31:00,M-047,BCI
T-2057,CU-466,4132.77,USD,CL,web,D-466,2025-12-16T21:45:00,M-035,BCH
T-7766,CU-685,220.21,USD,CL,web,D-685,2025-12-16T21:50:00,M-030,BCI
T-3516,CU-632,2913.72,USD,CO,web,D-632,2025-12-16T21:51:00,M-039,BOG
T-1200,CU-241,589.82,USD,ES,mobile,D-241,2025-12-16T22:00:00,M-025,CABK
T-1967,CU-339,3169.58,USD,MX,mobile,D-339,2025-12-16T22:01:00,M-029,SAN
T-2128,CU-702,1823.92,USD,US,mobile,D-702,2025-12-16T22:07:00,M-049,BAC
T-2722,CU-669,3829.07,USD,ES,mobile,D-669,2025-12-16T22:12:00,M-024,CABK
T-5454,CU-776,5009.64,USD,CO,mobile,D-776,2025-12-16T22:13:00,M-033,BAN
T-2731,CU-447,2928.87,USD,US,web,D-447,2025-12-16T22:35:00,M-042,WFC
T-6369,CU-343,690.96,USD,US,web,D-343,2025-12-16T22:39:00,M-024,BAC
T-6354,CU-846,368.62,USD,US,mobile,D-846,2025-12-16T22:46:00,M-049,BAC
T-2674,CU-674,16139.51,USD,AR,mobile,D-674,2025-12-17T01:01:00,M-001,BNA
T-6843,CU-173,3433.10,USD,MX,mobile,D-173,2025-12-17T06:46:00,M-018,BBVA
T-2272,CU-893,3881.26,PEN,PE,mobile,D-893,2025-12-17T07:45:00,M-042,IBK
T-7370,CU-366,15177.51,USD,MX,web,D-366,2025-12-17T07:53:00,M-037,BAN
T-4521,CU-035,5998.21,USD,ES,web,D-035,2025-12-17T08:08:00,M-019,CABK
T-1721,CU-244,4852.92,USD,US,mobile,D-244,2025-12-17T08:29:00,M-026,BAC
T-7649,CU-977,4827.04,USD,AR,mobile,D-977,2025-12-17T08:32:00,M-034,BNA
T-3728,CU-624,3014.67,PEN,PE,mobile,D-624,2025-12-17T08:32:00,M-036,BBVA
T-4871,CU-267,3627.06,USD,MX,web,D-267,2025-12-17T08:40:00,M-020,BAN
T-4957,CU-774,1611.78,USD,US,web,D-774,2025-12-17T08:40:00,M-016,WFC
T-7164,CU-447,2221.91,USD,US,web,D-447,2025-12-17T08:50:00,M-013,WFC
T-6480,CU-911,5440.09,PEN,PE,web,D-911,2025-12-17T08:55:00,M-015,BBVA
T-5687,CU-763,3997.93,USD,ES,web,D-763,2025-12-17T08:56:00,M-004,CABK
T-5818,CU-568,1182.11,USD,CO,mobile,D-568,2025-12-17T09:00:00,M-013,BAN
T-4765,CU-218,1790.88,USD,MX,web,D-218,2025-12-17T09:00:00,M-999,BBVA
T-5864,CU-115,4789.41,USD,US,web,D-115,2025-12-17T09:14:00,M-029,BAC
T-3603,CU-880,4589.32,PEN,PE,web,D-880,2025-12-17T09:18:00,M-040,IBK
T-1663,CU-652,5248.30,USD,CO,web,D-652,2025-12-17T09:19:00,M-009,DAV
T-3461,CU-660,824.52,USD,US,web,D-660,2025-12-17T09:22:00,M-038,BAC
T-5023,CU-625,2216.35,USD,US,web,D-625,2025-12-17T09:27:00,M-006,JPM
T-1591,CU-565,2524.85,USD,US,web,D-565,2025-12-17T09:27:00,M-028,JPM
T-2953,CU-297,3853.96,USD,RU,web,D-999794,2025-12-17T09:32:00,M-029,DAV
T-6039,CU-383,400.33,USD,CL,web,D-383,2025-12-17T09:37:00,M-002,SAN
T-7267,CU-927,1335.52,USD,CL,web,D-927,2025-12-17T09:45:00,M-047,BCI
T-1699,CU-871,482.04,PEN,PE,web,D-871,2025-12-17T09:47:00,M-022,IBK
T-3033,CU-112,1435.19,USD,CL,web,D-112,2025-12-17T09:49:00,M-030,SAN
T-5707,CU-125,1746.89,PEN,PE,web,D-125,2025-12-17T09:57:00,M-042,BBVA
T-6657,CU-900,555.11,USD,RU,web,D-999937,2025-12-17T09:57:00,M-012,BAN
T-1202,CU-939,3422.80,PEN,PE,mobile,D-939,2025-12-17T10:00:00,M-023,JPM
T-4250,CU-264,4421.45,PEN,PE,web,D-264,2025-12-17T10:00:00,M-012,BAN
T-7577,CU-119,1302.21,PEN,PE,mobile,D-119,2025-12-17T10:00:00,M-010,BOG
T-6293,CU-080,1980.64,USD,CO,mobile,D-080,2025-12-17T10:03:00,M-018,DAV
T-2294,CU-292,1843.40,PEN,PE,mobile,D-292,2025-12-17T10:05:00,M-010,BCP
T-6116,CU-655,2192.08,USD,CO,web,D-655,2025-12-17T10:08:00,M-021,BAN
T-2533,CU-748,3021.70,USD,MX,web,D-748,2025-12-17T10:13:00,M-024,BAN
T-4280,CU-561,1809.34,USD,CO,mobile,D-561,2025-12-17T10:21:00,M-030,BOG
T-6440,CU-929,2978.27,USD,MX,mobile,D-929,2025-12-17T10:23:00,M-028,BBVA
T-7480,CU-898,3929.39,USD,ES,mobile,D-898,2025-12-17T10:24:00,M-038,BBVA
T-1498,CU-297,2396.26,USD,CO,web,D-297,2025-12-17T10:26:00,M-006,DAV
T-1881,CU-413,2406.19,USD,MX,mobile,D-413,2025-12-17T10:27:00,M-050,BAN
T-7148,CU-275,286.26,PEN,PE,mobile,D-275,2025-12-17T10:30:00,M-044,IBK
T-7231,CU-986,2406.52,USD,AR,mobile,D-986,2025-12-17T10:31:00,M-038,BNA
T-3541,CU-479,6913.95,USD,US,web,D-479,2025-12-17T10:44:00,M-028,WFC
T-5071,CU-161,3494.36,USD,CL,web,D-161,2025-12-17T10:46:00,M-036,SAN
T-2860,CU-150,476.45,USD,CO,mobile,D-150,2025-12-17T10:48:00,M-034,BAN
T-4763,CU-456,6601.82,USD,CO,mobile,D-456,2025-12-17T10:53:00,M-037,DAV
T-3714,CU-165,4102.53,USD,CO,web,D-165,2025-12-17T10:57:00,M-035,BAN
T-7352,CU-875,587.88,USD,ES,mobile,D-875,2025-12-17T10:59:00,M-030,SAN
T-2000,CU-871,1226.51,PEN,PE,web,D-871,2025-12-17T11:00:00,M-999,IBK
T-5819,CU-568,1182.11,USD,CO,mobile,D-568,2025-12-17T11:00:00,M-013,BAN
T-5540,CU-042,4478.24,USD,US,mobile,D-042,2025-12-17T11:00:00,M-045,JPM
T-4473,CU-049,2952.09,USD,CL,mobile,D-049,2025-12-17T11:03:00,M-033,BCH
T-3104,CU-671,3015.81,PEN,PE,web,D-671,2025-12-17T11:09:00,M-007,IBK
T-3434,CU-914,2869.83,USD,US,mobile,D-914,2025-12-17T11:10:00,M-001,JPM
T-6040,CU-639,3148.92,USD,CO,mobile,D-639,2025-12-17T11:10:00,M-029,BOG
T-4167,CU-042,4937.13,USD,US,mobile,D-042,2025-12-17T11:18:00,M-036,JPM
T-4191,CU-164,2316.51,USD,MX,mobile,D-164,2025-12-17T11:20:00,M-013,BAN
T-2661,CU-028,3309.77,USD,ES,mobile,D-028,2025-12-17T11:21:00,M-019,CABK
T-4408,CU-841,2950.07,USD,AR,web,D-841,2025-12-17T11:22:00,M-010,GAL
T-7578,CU-119,1302.21,USD,ES,mobile,D-119,2025-12-17T11:30:00,M-025,BOG
T-1203,CU-939,3422.80,USD,ES,mobile,D-939,2025-12-17T11:30:00,M-014,JPM
T-4251,CU-264,4421.45,USD,ES,web,D-264,2025-12-17T11:30:00,M-022,BAN
T-3063,CU-323,2439.67,USD,US,web,D-323,2025-12-17T11:35:00,M-028,WFC
T-6223,CU-303,1395.80,PEN,PE,web,D-303,2025-12-17T11:35:00,M-008,IBK
T-7379,CU-244,4717.64,USD,US,mobile,D-244,2025-12-17T11:36:00,M-038,BAC
T-6940,CU-329,316.71,USD,US,web,D-329,2025-12-17T11:44:00,M-045,BAC
T-4443,CU-064,3207.80,USD,CO,web,D-064,2025-12-17T11:45:00,M-045,BAN
T-7448,CU-229,3109.44,PEN,PE,mobile,D-229,2025-12-17T11:49:00,M-040,BBVA
T-4687,CU-488,3684.65,USD,ES,web,D-488,2025-12-17T11:57:00,M-023,BBVA
T-2315,CU-463,465.36,USD,MX,mobile,D-463,2025-12-17T11:57:00,M-010,BAN
T-1403,CU-344,736.08,USD,US,mobile,D-344,2025-12-17T12:01:00,M-040,WFC
T-5404,CU-843,544.27,USD,ES,web,D-843,2025-12-17T12:01:00,M-040,CABK
T-1404,CU-344,492.08,USD,US,mobile,D-344,2025-12-17T12:02:00,M-040,WFC
T-5405,CU-843,475.48,USD,ES,web,D-843,2025-12-17T12:02:00,M-040,CABK
T-1405,CU-344,806.55,USD,US,mobile,D-344,2025-12-17T12:03:00,M-040,WFC
T-5406,CU-843,722.70,USD,ES,web,D-843,2025-12-17T12:03:00,M-040,CABK
T-1406,CU-344,1187.52,USD,US,mobile,D-344,2025-12-17T12:04:00,M-040,WFC
T-5407,CU-843,498.44,USD,ES,web,D-843,2025-12-17T12:04:00,M-040,CABK
T-5845,CU-906,2099.11,PEN,PE,web,D-906,2025-12-17T12:05:00,M-022,IBK
T-5479,CU-362,3710.40,USD,CO,web,D-362,2025-12-17T12:10:00,M-016,BOG
T-3304,CU-642,1895.10,USD,US,web,D-642,2025-12-17T12:11:00,M-024,BAC
T-1510,CU-159,2894.14,USD,ES,web,D-159,2025-12-17T12:18:00,M-044,SAN
T-2952,CU-582,4556.39,USD,AR,web,D-582,2025-12-17T12:25:00,M-012,GAL
T-4668,CU-137,5355.08,USD,MX,mobile,D-137,2025-12-17T12:40:00,M-008,BBVA
T-1091,CU-999,2268.32,USD,CO,mobile,D-999,2025-12-17T12:42:00,M-041,BAN
T-5107,CU-120,1223.99,PEN,PE,mobile,D-120,2025-12-17T12:43:00,M-026,IBK
T-4136,CU-440,3246.14,USD,AR,mobile,D-440,2025-12-17T12:47:00,M-034,BNA
T-3538,CU-648,2169.20,USD,ES,mobile,D-648,2025-12-17T12:50:00,M-024,CABK
T-1328,CU-987,2897.42,USD,ES,web,D-987,2025-12-17T12:50:00,M-027,CABK
T-2275,CU-631,2177.77,USD,US,web,D-631,2025-12-17T12:52:00,M-014,JPM
T-7092,CU-131,205.58,USD,MX,mobile,D-131,2025-12-17T12:54:00,M-040,SAN
T-5820,CU-568,1182.11,USD,CO,mobile,D-568,2025-12-17T13:00:00,M-013,BAN
T-1217,CU-678,1260.29,USD,CO,mobile,D-678,2025-12-17T13:03:00,M-029,DAV
T-1597,CU-023,3752.45,PEN,PE,web,D-023,2025-12-17T13:13:00,M-014,BCP
T-3425,CU-934,5772.24,USD,MX,web,D-934,2025-12-17T13:21:00,M-039,SAN
T-3876,CU-355,2588.51,USD,CL,mobile,D-355,2025-12-17T13:26:00,M-017,BCI
T-6975,CU-791,4155.55,USD,ES,web,D-791,2025-12-17T13:30:00,M-026,SAN
T-2293,CU-557,4048.75,USD,CO,mobile,D-557,2025-12-17T13:36:00,M-003,BAN
T-1362,CU-006,1706.31,USD,MX,mobile,D-006,2025-12-17T13:38:00,M-038,BAN
T-1485,CU-370,2737.93,PEN,PE,mobile,D-370,2025-12-17T13:39:00,M-033,BCP
T-2110,CU-529,454.33,USD,US,mobile,D-529,2025-12-17T13:39:00,M-021,BAC
T-4825,CU-770,2873.61,USD,US,web,D-770,2025-12-17T13:40:00,M-041,BAC
T-4653,CU-704,1206.22,PEN,PE,mobile,D-704,2025-12-17T13:49:00,M-007,BBVA
T-6292,CU-246,2962.43,USD,ES,web,D-246,2025-12-17T13:50:00,M-020,BBVA
T-3707,CU-966,780.55,PEN,PE,mobile,D-966,2025-12-17T13:58:00,M-009,IBK
T-7108,CU-585,529.32,USD,ES,mobile,D-585,2025-12-17T13:59:00,M-023,SAN
T-2399,CU-550,10177.37,PEN,PE,web,D-550,2025-12-17T14:00:00,M-040,BCP
T-7011,CU-952,0.50,USD,MX,web,D-999994,2025-12-17T14:00:00,M-049,SAN
T-4337,CU-405,0.50,USD,CO,mobile,D-999761,2025-12-17T14:00:00,M-025,DAV
T-5885,CU-602,0.50,USD,US,mobile,D-999978,2025-12-17T14:00:00,M-002,WFC
T-4338,CU-405,0.50,USD,CO,mobile,D-999761,2025-12-17T14:02:00,M-003,DAV
T-3110,CU-184,179.99,USD,US,web,D-184,2025-12-17T14:02:00,M-034,WFC
T-7012,CU-952,0.50,USD,MX,web,D-999994,2025-12-17T14:02:00,M-037,SAN
T-5886,CU-602,0.50,USD,US,mobile,D-999978,2025-12-17T14:02:00,M-006,WFC
T-3648,CU-397,1608.62,USD,AR,web,D-397,2025-12-17T14:04:00,M-049,BNA
T-5887,CU-602,7105.80,USD,US,mobile,D-999978,2025-12-17T14:06:00,M-029,WFC
T-4339,CU-405,16154.76,USD,CO,mobile,D-999761,2025-12-17T14:06:00,M-027,DAV
T-7013,CU-952,19732.44,USD,MX,web,D-999994,2025-12-17T14:06:00,M-024,SAN
T-4827,CU-025,6470.63,USD,CO,web,D-025,2025-12-17T14:20:00,M-023,BOG
T-2507,CU-451,2899.77,USD,AR,web,D-451,2025-12-17T14:27:00,M-018,BNA
T-1830,CU-128,1919.88,USD,ES,web,D-128,2025-12-17T14:33:00,M-041,BBVA
T-5256,CU-666,1731.34,USD,MX,mobile,D-666,2025-12-17T14:36:00,M-008,BBVA
T-3198,CU-116,383.13,USD,AR,mobile,D-116,2025-12-17T14:37:00,M-017,BNA
T-7415,CU-515,1611.41,USD,US,mobile,D-515,2025-12-17T14:37:00,M-034,BAC
T-3774,CU-819,3162.20,USD,MX,mobile,D-819,2025-12-17T14:38:00,M-035,BAN
T-6276,CU-757,3867.22,USD,AR,mobile,D-757,2025-12-17T14:40:00,M-014,SAN
T-7001,CU-975,3741.97,USD,CL,web,D-975,2025-12-17T14:45:00,M-014,SAN
T-5810,CU-283,2964.10,USD,MX,mobile,D-283,2025-12-17T14:47:00,M-018,BAN
T-1767,CU-031,1262.33,USD,AR,web,D-031,2025-12-17T14:49:00,M-035,BNA
T-6287,CU-044,1392.27,USD,ES,mobile,D-044,2025-12-17T14:56:00,M-010,BBVA
T-6824,CU-332,3940.32,USD,ES,mobile,D-332,2025-12-17T14:58:00,M-040,BBVA
T-7466,CU-028,2879.51,USD,ES,mobile,D-028,2025-12-17T15:00:00,M-034,CABK
T-3199,CU-293,3375.27,USD,CL,web,D-293,2025-12-17T15:12:00,M-032,BCH
T-5483,CU-203,1854.78,USD,AR,web,D-203,2025-12-17T15:12:00,M-033,GAL
T-1504,CU-423,3281.81,USD,AR,web,D-423,2025-12-17T15:18:00,M-048,GAL
T-4771,CU-570,1018.26,USD,CL,mobile,D-570,2025-12-17T15:24:00,M-048,SAN
T-2169,CU-262,4727.72,USD,ES,web,D-262,2025-12-17T15:27:00,M-001,BBVA
T-7156,CU-027,5768.30,USD,US,mobile,D-027,2025-12-17T15:34:00,M-048,JPM
T-4802,CU-876,4564.14,USD,CL,web,D-876,2025-12-17T15:34:00,M-050,SAN
T-7098,CU-164,1331.59,USD,MX,mobile,D-164,2025-12-17T15:38:00,M-038,BAN
T-1011,CU-929,5606.82,USD,MX,mobile,D-929,2025-12-17T15:39:00,M-007,BBVA
T-6760,CU-256,3699.43,USD,CO,mobile,D-256,2025-12-17T15:47:00,M-020,BAN
T-4782,CU-073,715.76,USD,US,mobile,D-073,2025-12-17T15:49:00,M-016,JPM
T-1073,CU-477,4251.91,USD,US,web,D-477,2025-12-17T15:53:00,M-014,JPM
T-1808,CU-792,751.41,USD,CO,web,D-792,2025-12-17T16:00:00,M-999,BAN
T-2172,CU-425,4269.32,USD,CL,mobile,D-425,2025-12-17T16:04:00,M-014,BCH
T-1314,CU-594,3936.52,PEN,PE,web,D-594,2025-12-17T16:15:00,M-006,BCP
T-3037,CU-905,1355.01,USD,CL,web,D-905,2025-12-17T16:15:00,M-016,BCI
T-4105,CU-420,111.50,USD,MX,web,D-420,2025-12-17T16:17:00,M-033,BBVA
T-6260,CU-642,1894.00,USD,US,web,D-642,2025-12-17T16:18:00,M-038,BAC
T-7872,CU-196,1956.27,USD,AR,web,D-196,2025-12-17T16:20:00,M-028,SAN
T-7761,CU-923,209.25,USD,ES,mobile,D-923,2025-12-17T16:30:00,M-042,CABK
T-4153,CU-884,4917.90,USD,CL,web,D-884,2025-12-17T16:38:00,M-038,BCH
T-2290,CU-826,2758.57,USD,CO,mobile,D-826,2025-12-17T16:44:00,M-014,BOG
T-3947,CU-239,3130.18,PEN,PE,web,D-239,2025-12-17T16:54:00,M-007,BCP
T-2431,CU-826,3002.51,USD,CO,mobile,D-826,2025-12-17T16:54:00,M-016,BOG
T-7423,CU-489,217.75,USD,CL,mobile,D-489,2025-12-17T16:55:00,M-020,SAN
T-2691,CU-404,3298.80,USD,ES,web,D-404,2025-12-17T16:59:00,M-049,BBVA
T-3896,CU-828,5276.77,USD,CL,web,D-828,2025-12-17T17:00:00,M-033,BCH
T-1724,CU-689,5463.15,USD,AR,web,D-689,2025-12-17T17:00:00,M-037,SAN
T-4318,CU-957,937.99,USD,CL,web,D-957,2025-12-17T17:02:00,M-018,SAN
T-7789,CU-654,461.36,PEN,PE,mobile,D-654,2025-12-17T17:07:00,M-009,BBVA
T-3549,CU-040,963.37,USD,MX,web,D-040,2025-12-17T17:14:00,M-033,SAN
T-2313,CU-287,3243.63,USD,US,web,D-287,2025-12-17T17:14:00,M-034,WFC
T-7501,CU-908,2439.07,USD,CL,mobile,D-908,2025-12-17T17:23:00,M-037,SAN
T-7736,CU-778,428.72,USD,US,web,D-778,2025-12-17T17:39:00,M-009,WFC
T-5252,CU-327,1438.04,USD,CL,mobile,D-327,2025-12-17T17:46:00,M-016,BCH
T-1535,CU-878,2050.07,USD,CL,mobile,D-878,2025-12-17T17:48:00,M-049,BCI
T-3691,CU-992,1712.63,USD,MX,mobile,D-992,2025-12-17T17:52:00,M-024,BAN
T-4378,CU-676,2392.52,USD,AR,mobile,D-676,2025-12-17T17:54:00,M-008,BNA
T-5301,CU-746,3278.16,USD,ES,mobile,D-746,2025-12-17T17:55:00,M-046,BBVA
T-6213,CU-283,3397.24,USD,MX,mobile,D-283,2025-12-17T17:56:00,M-034,BAN
T-6617,CU-328,2637.87,PEN,PE,mobile,D-328,2025-12-17T17:58:00,M-025,BCP
T-1772,CU-459,5388.39,USD,MX,web,D-459,2025-12-17T18:01:00,M-003,BAN
T-2572,CU-065,5982.32,USD,CL,web,D-065,2025-12-17T18:07:00,M-032,SAN
T-7255,CU-021,4365.03,USD,CO,web,D-021,2025-12-17T18:09:00,M-045,BOG
T-1044,CU-348,308.53,USD,US,web,D-348,2025-12-17T18:13:00,M-007,JPM
T-5218,CU-212,6012.84,USD,CL,mobile,D-212,2025-12-17T18:14:00,M-031,BCI
T-5477,CU-671,1622.50,PEN,PE,web,D-671,2025-12-17T18:19:00,M-038,IBK
T-7184,CU-143,3985.26,USD,ES,web,D-143,2025-12-17T18:25:00,M-005,CABK
T-6311,CU-921,2739.56,USD,CL,web,D-921,2025-12-17T18:26:00,M-029,SAN
T-7384,CU-458,3747.32,USD,ES,web,D-458,2025-12-17T18:26:00,M-002,SAN
T-1131,CU-543,2584.97,USD,CL,mobile,D-543,2025-12-17T18:27:00,M-019,BCI
T-1352,CU-409,4763.88,PEN,PE,web,D-409,2025-12-17T18:32:00,M-031,IBK
T-5627,CU-589,2712.11,USD,US,mobile,D-589,2025-12-17T18:36:00,M-038,WFC
T-1364,CU-763,3479.50,USD,ES,web,D-763,2025-12-17T18:36:00,M-046,CABK
T-1519,CU-749,2747.97,USD,CO,mobile,D-749,2025-12-17T18:43:00,M-001,DAV
T-2295,CU-886,1510.39,USD,AR,mobile,D-886,2025-12-17T18:45:00,M-020,BNA
T-3570,CU-810,3561.28,PEN,PE,mobile,D-810,2025-12-17T18:49:00,M-013,IBK
T-3126,CU-227,1854.63,PEN,PE,web,D-227,2025-12-17T18:56:00,M-016,IBK
T-5788,CU-347,2393.47,PEN,PE,web,D-347,2025-12-17T18:58:00,M-032,BBVA
T-5399,CU-443,4755.45,USD,ES,web,D-443,2025-12-17T19:01:00,M-010,CABK
T-3211,CU-257,1794.98,USD,AR,web,D-257,2025-12-17T19:13:00,M-045,SAN
T-7670,CU-503,3815.26,PEN,PE,mobile,D-503,2025-12-17T19:27:00,M-006,IBK
T-7348,CU-314,145.34,PEN,PE,web,D-314,2025-12-17T19:38:00,M-007,IBK
T-4514,CU-346,4241.78,USD,US,mobile,D-346,2025-12-17T19:39:00,M-004,WFC
T-2001,CU-274,2021.38,USD,CL,web,D-274,2025-12-17T19:42:00,M-005,SAN
T-7812,CU-471,501.09,USD,CL,web,D-471,2025-12-17T19:49:00,M-020,BCI
T-4545,CU-266,6652.98,USD,ES,web,D-266,2025-12-17T19:50:00,M-045,BBVA
T-3668,CU-835,3293.02,USD,CL,mobile,D-835,2025-12-17T20:02:00,M-045,BCI
T-1894,CU-044,2257.34,USD,ES,mobile,D-044,2025-12-17T20:09:00,M-018,BBVA
T-4608,CU-422,2924.46,USD,MX,web,D-422,2025-12-17T20:10:00,M-001,BAN
T-5328,CU-464,239.78,USD,ES,mobile,D-464,2025-12-17T20:30:00,M-050,CABK
T-3004,CU-519,2281.22,USD,CO,web,D-519,2025-12-17T20:35:00,M-031,DAV
T-6426,CU-840,148.08,USD,MX,web,D-840,2025-12-17T20:41:00,M-006,BBVA
T-2849,CU-844,724.65,USD,CO,web,D-844,2025-12-17T20:42:00,M-005,BAN
T-2137,CU-439,4941.83,USD,AR,web,D-439,2025-12-17T20:52:00,M-015,GAL
T-4207,CU-406,587.47,USD,CO,mobile,D-406,2025-12-17T21:03:00,M-035,BOG
T-2415,CU-413,1494.24,USD,MX,mobile,D-413,2025-12-17T21:08:00,M-019,BAN
T-6549,CU-545,3652.06,USD,CO,mobile,D-545,2025-12-17T21:12:00,M-006,DAV
T-4574,CU-329,371.45,USD,US,web,D-329,2025-12-17T21:41:00,M-019,BAC
T-3893,CU-326,5453.79,USD,ES,web,D-326,2025-12-17T21:43:00,M-027,SAN
T-3964,CU-537,580.67,USD,US,mobile,D-537,2025-12-17T21:47:00,M-010,BAC
T-3803,CU-677,6598.09,USD,CL,web,D-677,2025-12-17T21:48:00,M-050,BCH
T-7096,CU-791,5317.49,USD,ES,web,D-791,2025-12-18T06:07:00,M-025,SAN
T-5565,CU-452,2530.27,USD,CO,mobile,D-452,2025-12-18T06:16:00,M-009,BOG
T-3991,CU-749,3399.25,USD,CO,mobile,D-749,2025-12-18T06:21:00,M-035,DAV
T-3323,CU-946,1119.59,PEN,PE,web,D-946,2025-12-18T06:36:00,M-038,BBVA
T-3514,CU-659,2811.95,USD,AR,web,D-659,2025-12-18T07:17:00,M-023,SAN
T-6059,CU-731,2568.00,USD,CO,mobile,D-731,2025-12-18T07:18:00,M-050,BOG
T-1034,CU-584,264.72,USD,AR,mobile,D-584,2025-12-18T07:20:00,M-026,SAN
T-5978,CU-327,2887.42,USD,CL,mobile,D-327,2025-12-18T07:23:00,M-013,BCH
T-2462,CU-531,4922.15,USD,CL,web,D-531,2025-12-18T07:39:00,M-039,BCI
T-6330,CU-242,1141.23,USD,US,web,D-242,2025-12-18T07:41:00,M-040,WFC
T-1007,CU-086,1246.07,USD,CL,mobile,D-086,2025-12-18T07:49:00,M-024,BCH
T-6563,CU-288,4298.04,USD,US,mobile,D-288,2025-12-18T07:57:00,M-039,BAC
T-5823,CU-176,1970.80,USD,AR,mobile,D-176,2025-12-18T08:10:00,M-023,SAN
T-5738,CU-716,577.67,USD,MX,web,D-716,2025-12-18T08:29:00,M-013,SAN
T-5880,CU-699,497.87,USD,US,web,D-699,2025-12-18T08:37:00,M-011,WFC
T-7346,CU-201,3595.84,USD,US,web,D-201,2025-12-18T08:47:00,M-040,JPM
T-3636,CU-235,1489.86,USD,US,web,D-235,2025-12-18T08:57:00,M-032,WFC
T-5464,CU-456,7528.77,USD,CO,mobile,D-456,2025-12-18T09:00:00,M-016,DAV
T-1388,CU-368,5200.54,USD,US,web,D-368,2025-12-18T09:00:00,M-017,BAC
T-2487,CU-584,648.07,USD,AR,mobile,D-584,2025-12-18T09:00:00,M-999,SAN
T-5803,CU-310,1658.97,USD,CO,mobile,D-310,2025-12-18T09:00:00,M-999,BAN
T-5800,CU-931,434.04,USD,MX,mobile,D-931,2025-12-18T09:05:00,M-023,BBVA
T-5758,CU-629,1129.43,USD,CL,web,D-629,2025-12-18T09:07:00,M-013,BCI
T-7859,CU-180,1144.32,USD,ES,web,D-180,2025-12-18T09:19:00,M-027,CABK
T-4221,CU-658,724.29,USD,CO,web,D-658,2025-12-18T09:19:00,M-006,BOG
T-5838,CU-596,1174.23,PEN,PE,web,D-596,2025-12-18T09:56:00,M-004,BCP
T-7188,CU-345,1595.39,USD,RU,mobile,D-999453,2025-12-18T09:57:00,M-048,SAN
T-6987,CU-679,2903.64,PEN,PE,web,D-679,2025-12-18T10:00:00,M-021,WFC
T-6450,CU-397,1623.91,PEN,PE,web,D-397,2025-12-18T10:00:00,M-004,BNA
T-4933,CU-798,11431.00,USD,CO,mobile,D-798,2025-12-18T10:00:00,M-048,BAN
T-7884,CU-339,4139.91,USD,MX,mobile,D-339,2025-12-18T10:12:00,M-017,SAN
T-1225,CU-785,2600.00,USD,US,mobile,D-785,2025-12-18T10:14:00,M-012,BAC
T-6805,CU-360,594.71,USD,CL,mobile,D-360,2025-12-18T10:16:00,M-003,BCI
T-1578,CU-155,4702.55,USD,ES,mobile,D-155,2025-12-18T10:20:00,M-033,BBVA
T-6432,CU-115,2828.98,USD,US,web,D-115,2025-12-18T10:30:00,M-011,BAC
T-2492,CU-329,374.42,USD,US,web,D-329,2025-12-18T10:40:00,M-007,BAC
T-2574,CU-234,422.71,USD,MX,web,D-234,2025-12-18T10:45:00,M-048,BBVA
T-7104,CU-264,5626.55,USD,MX,web,D-264,2025-12-18T10:50:00,M-043,BAN
T-2914,CU-415,813.49,USD,CO,web,D-415,2025-12-18T11:00:00,M-006,DAV
T-3035,CU-428,1241.14,USD,MX,web,D-428,2025-12-18T11:00:00,M-048,BBVA
T-1934,CU-228,3685.66,USD,US,web,D-228,2025-12-18T11:00:00,M-018,JPM
T-6959,CU-898,11415.53,USD,ES,web,D-898,2025-12-18T11:00:00,M-011,BBVA
T-5465,CU-456,7528.77,USD,CO,mobile,D-456,2025-12-18T11:00:00,M-016,DAV
T-1389,CU-368,5200.54,USD,US,web,D-368,2025-12-18T11:00:00,M-017,BAC
T-4809,CU-701,1245.20,USD,CL,web,D-701,2025-12-18T11:00:00,M-030,BCI
T-5595,CU-911,3178.85,PEN,PE,web,D-911,2025-12-18T11:05:00,M-015,BBVA
T-4289,CU-791,5105.31,USD,ES,web,D-791,2025-12-18T11:05:00,M-006,SAN
T-3849,CU-397,969.33,USD,AR,web,D-397,2025-12-18T11:06:00,M-018,BNA
T-4502,CU-116,1001.86,USD,AR,mobile,D-116,2025-12-18T11:08:00,M-047,BNA
T-2614,CU-513,1990.56,USD,US,web,D-513,2025-12-18T11:13:00,M-013,WFC
T-1755,CU-966,1424.58,PEN,PE,mobile,D-966,2025-12-18T11:28:00,M-035,IBK
T-6988,CU-679,2903.64,USD,ES,web,D-679,2025-12-18T11:30:00,M-007,WFC
T-6451,CU-397,1623.91,USD,ES,web,D-397,2025-12-18T11:30:00,M-050,BNA
T-5510,CU-752,4415.26,USD,US,web,D-752,2025-12-18T11:38:00,M-011,BAC
T-7313,CU-921,3564.25,USD,CL,web,D-921,2025-12-18T11:47:00,M-007,SAN
T-7259,CU-291,950.02,USD,ES,mobile,D-291,2025-12-18T11:51:00,M-030,SAN
T-1115,CU-220,1946.80,USD,AR,mobile,D-220,2025-12-18T11:51:00,M-034,BNA
T-7194,CU-441,1833.99,USD,ES,web,D-441,2025-12-18T11:52:00,M-010,SAN
T-2097,CU-036,1066.79,PEN,PE,mobile,D-036,2025-12-18T11:59:00,M-018,BCP
T-1212,CU-448,534.39,USD,US,mobile,D-448,2025-12-18T12:01:00,M-042,JPM
T-1213,CU-448,249.28,USD,US,mobile,D-448,2025-12-18T12:02:00,M-042,JPM
T-1214,CU-448,372.76,USD,US,mobile,D-448,2025-12-18T12:03:00,M-042,JPM
T-1215,CU-448,339.35,USD,US,mobile,D-448,2025-12-18T12:04:00,M-042,JPM
T-7086,CU-943,1582.47,USD,ES,mobile,D-943,2025-12-18T12:04:00,M-048,BBVA
T-2358,CU-658,712.20,USD,CO,web,D-658,2025-12-18T12:10:00,M-022,BOG
T-3568,CU-002,3981.02,USD,US,mobile,D-002,2025-12-18T12:17:00,M-016,BAC
T-6404,CU-294,2469.50,USD,CL,web,D-294,2025-12-18T12:21:00,M-046,SAN
T-5093,CU-517,152.91,PEN,PE,web,D-517,2025-12-18T12:23:00,M-040,BCP
T-3452,CU-358,6719.00,USD,MX,mobile,D-358,2025-12-18T12:23:00,M-049,BAN
T-2113,CU-342,2651.30,USD,AR,web,D-342,2025-12-18T12:32:00,M-007,SAN
T-7821,CU-445,2028.54,PEN,PE,mobile,D-445,2025-12-18T12:33:00,M-038,IBK
T-1848,CU-113,4026.50,USD,US,mobile,D-113,2025-12-18T12:39:00,M-031,WFC
T-1806,CU-477,3022.33,USD,US,web,D-477,2025-12-18T12:47:00,M-010,JPM
T-7751,CU-465,1502.36,USD,AR,web,D-465,2025-12-18T12:53:00,M-031,SAN
T-2088,CU-914,2403.33,USD,US,mobile,D-914,2025-12-18T12:55:00,M-038,JPM
T-2769,CU-624,2726.86,PEN,PE,mobile,D-624,2025-12-18T12:55:00,M-021,BBVA
T-1458,CU-403,6348.21,USD,CO,web,D-403,2025-12-18T12:57:00,M-044,DAV
T-2284,CU-399,3227.69,USD,MX,mobile,D-399,2025-12-18T12:59:00,M-034,SAN
T-1390,CU-368,5200.54,USD,US,web,D-368,2025-12-18T13:00:00,M-017,BAC
T-5466,CU-456,7528.77,USD,CO,mobile,D-456,2025-12-18T13:00:00,M-016,DAV
T-1634,CU-937,771.86,USD,CL,mobile,D-937,2025-12-18T13:11:00,M-023,SAN
T-1891,CU-117,492.55,USD,US,mobile,D-117,2025-12-18T13:15:00,M-038,JPM
T-3272,CU-661,2071.26,USD,AR,web,D-661,2025-12-18T13:16:00,M-004,BNA
T-5121,CU-689,5245.30,USD,AR,web,D-689,2025-12-18T13:16:00,M-049,SAN
T-7085,CU-603,3954.91,USD,CO,web,D-603,2025-12-18T13:16:00,M-009,BAN
T-4431,CU-487,3561.09,USD,CO,web,D-487,2025-12-18T13:17:00,M-047,BAN
T-6268,CU-660,967.69,USD,US,web,D-660,2025-12-18T13:19:00,M-039,BAC
T-7832,CU-090,2143.25,PEN,PE,web,D-090,2025-12-18T13:23:00,M-045,BBVA
T-4089,CU-115,4387.33,USD,US,web,D-115,2025-12-18T13:25:00,M-042,BAC
T-3949,CU-098,1585.25,USD,ES,mobile,D-098,2025-12-18T13:28:00,M-048,CABK
T-6916,CU-692,1450.11,USD,CO,mobile,D-692,2025-12-18T13:29:00,M-001,DAV
T-4295,CU-632,5936.78,USD,CO,web,D-632,2025-12-18T13:44:00,M-033,BOG
T-7949,CU-169,2650.61,USD,US,mobile,D-169,2025-12-18T13:56:00,M-045,BAC
T-1341,CU-826,1457.84,USD,CO,mobile,D-826,2025-12-18T13:59:00,M-039,BOG
T-3551,CU-043,0.50,USD,AR,web,D-999725,2025-12-18T14:00:00,M-010,GAL
T-3552,CU-043,0.50,USD,AR,web,D-999725,2025-12-18T14:02:00,M-017,GAL
T-3553,CU-043,13135.56,USD,AR,web,D-999725,2025-12-18T14:06:00,M-030,GAL
T-2645,CU-126,5779.99,USD,AR,mobile,D-126,2025-12-18T14:06:00,M-050,GAL
T-2545,CU-384,1297.12,PEN,PE,web,D-384,2025-12-18T14:12:00,M-005,IBK
T-4542,CU-924,1337.42,PEN,PE,mobile,D-924,2025-12-18T14:13:00,M-022,BCP
T-5001,CU-424,2634.14,USD,CL,web,D-424,2025-12-18T14:20:00,M-050,SAN
T-5230,CU-049,1538.32,USD,CL,mobile,D-049,2025-12-18T14:24:00,M-042,BCH
T-7308,CU-029,2784.50,USD,CO,mobile,D-029,2025-12-18T14:33:00,M-008,BOG
T-1402,CU-717,218.25,USD,AR,web,D-717,2025-12-18T14:34:00,M-024,BNA
T-7738,CU-188,2432.64,USD,ES,web,D-188,2025-12-18T14:38:00,M-016,SAN
T-7746,CU-435,5379.85,USD,CL,web,D-435,2025-12-18T14:38:00,M-027,SAN
T-6523,CU-484,5949.18,USD,CO,web,D-484,2025-12-18T14:41:00,M-040,DAV
T-7049,CU-061,1832.31,USD,MX,web,D-061,2025-12-18T14:48:00,M-044,BBVA
T-4245,CU-019,5165.71,USD,CO,web,D-019,2025-12-18T14:51:00,M-040,BAN
T-4826,CU-627,2307.14,USD,US,web,D-627,2025-12-18T15:00:00,M-001,WFC
T-1628,CU-500,12748.72,USD,US,mobile,D-500,2025-12-18T15:00:00,M-004,WFC
T-3871,CU-050,1722.44,PEN,PE,mobile,D-050,2025-12-18T15:07:00,M-028,IBK
T-4214,CU-730,526.38,USD,CO,mobile,D-730,2025-12-18T15:11:00,M-039,BAN
T-5002,CU-398,2819.94,PEN,PE,web,D-398,2025-12-18T15:12:00,M-017,BCP
T-5647,CU-329,351.63,USD,US,web,D-329,2025-12-18T15:15:00,M-008,BAC
T-7125,CU-766,4307.69,USD,US,web,D-766,2025-12-18T15:20:00,M-040,BAC
T-4510,CU-078,1841.97,USD,US,web,D-078,2025-12-18T15:21:00,M-018,BAC
T-4064,CU-910,616.32,USD,AR,mobile,D-910,2025-12-18T15:26:00,M-024,BNA
T-1133,CU-944,3546.38,USD,CO,web,D-944,2025-12-18T15:27:00,M-019,BAN
T-6061,CU-342,4208.99,USD,AR,web,D-342,2025-12-18T15:27:00,M-018,SAN
T-6302,CU-541,2802.81,USD,CL,web,D-541,2025-12-18T15:28:00,M-003,BCI
T-5146,CU-637,2339.14,USD,CO,web,D-637,2025-12-18T15:33:00,M-038,BAN
T-5877,CU-602,1935.73,USD,US,mobile,D-602,2025-12-18T15:37:00,M-028,WFC
T-5427,CU-189,903.91,USD,ES,mobile,D-189,2025-12-18T15:39:00,M-044,CABK
T-2020,CU-058,651.42,USD,AR,mobile,D-058,2025-12-18T15:45:00,M-010,BNA
T-1706,CU-162,4836.16,USD,ES,mobile,D-162,2025-12-18T15:46:00,M-039,CABK
T-1751,CU-714,1238.18,USD,CL,mobile,D-714,2025-12-18T15:50:00,M-018,SAN
T-4301,CU-317,4270.69,USD,CL,web,D-317,2025-12-18T16:00:00,M-005,BCH
T-3217,CU-290,4157.55,USD,US,mobile,D-290,2025-12-18T16:05:00,M-050,BAC
T-4390,CU-993,7033.18,USD,CO,web,D-993,2025-12-18T16:10:00,M-039,BOG
T-3058,CU-650,2249.40,USD,ES,web,D-650,2025-12-18T16:11:00,M-049,CABK
T-2524,CU-184,178.05,USD,US,web,D-184,2025-12-18T16:20:00,M-012,WFC
T-3759,CU-489,346.01,USD,CL,mobile,D-489,2025-12-18T16:22:00,M-047,SAN
T-5161,CU-181,1864.60,USD,US,mobile,D-181,2025-12-18T16:26:00,M-035,WFC
T-1477,CU-061,857.25,USD,MX,web,D-061,2025-12-18T16:26:00,M-028,BBVA
T-4989,CU-918,3575.10,PEN,PE,web,D-918,2025-12-18T16:29:00,M-033,BCP
T-1876,CU-106,1550.57,PEN,PE,mobile,D-106,2025-12-18T16:34:00,M-049,BBVA
T-2426,CU-387,3234.08,USD,US,web,D-387,2025-12-18T16:35:00,M-013,BAC
T-3840,CU-977,4141.08,USD,AR,mobile,D-977,2025-12-18T16:35:00,M-010,BNA
T-3698,CU-240,337.18,USD,ES,mobile,D-240,2025-12-18T16:38:00,M-037,CABK
T-2750,CU-747,2886.30,USD,AR,web,D-747,2025-12-18T16:42:00,M-025,GAL
T-5325,CU-197,2259.94,USD,CL,web,D-197,2025-12-18T16:42:00,M-017,SAN
T-3091,CU-614,592.15,PEN,PE,mobile,D-614,2025-12-18T16:48:00,M-044,BCP
T-1873,CU-032,1565.08,USD,ES,web,D-032,2025-12-18T16:50:00,M-014,BBVA
T-1239,CU-138,2444.69,USD,CO,mobile,D-138,2025-12-18T16:53:00,M-014,BOG
T-6443,CU-087,73.21,USD,CL,mobile,D-087,2025-12-18T16:54:00,M-048,SAN
T-2421,CU-527,1291.38,USD,AR,web,D-527,2025-12-18T16:55:00,M-031,GAL
T-1544,CU-489,318.98,USD,CL,mobile,D-489,2025-12-18T16:55:00,M-041,SAN
T-7195,CU-023,4194.05,PEN,PE,web,D-023,2025-12-18T17:03:00,M-032,BCP
T-6864,CU-214,1126.16,USD,AR,mobile,D-214,2025-12-18T17:04:00,M-025,BNA
T-5224,CU-092,1097.41,USD,CO,web,D-092,2025-12-18T17:07:00,M-011,BOG
T-5462,CU-259,1280.07,USD,US,mobile,D-259,2025-12-18T17:11:00,M-024,JPM
T-6065,CU-205,1729.07,PEN,PE,web,D-205,2025-12-18T17:30:00,M-037,IBK
T-5855,CU-516,511.91,PEN,PE,mobile,D-516,2025-12-18T17:32:00,M-014,IBK
T-5883,CU-893,2655.75,PEN,PE,mobile,D-893,2025-12-18T17:45:00,M-024,IBK
T-7542,CU-578,5068.32,USD,CL,mobile,D-578,2025-12-18T17:48:00,M-020,SAN
T-5030,CU-884,5135.07,USD,CL,web,D-884,2025-12-18T17:52:00,M-021,BCH
T-7281,CU-533,4135.78,USD,CL,web,D-533,2025-12-18T17:53:00,M-049,BCI
T-6840,CU-041,3010.55,USD,AR,web,D-041,2025-12-18T18:00:00,M-030,BNA
T-6971,CU-633,1440.70,USD,MX,mobile,D-633,2025-12-18T18:07:00,M-012,SAN
T-5304,CU-845,3340.73,USD,AR,mobile,D-845,2025-12-18T18:15:00,M-048,SAN
T-7268,CU-367,6004.52,PEN,PE,web,D-367,2025-12-18T18:20:00,M-010,BBVA
T-6675,CU-215,4240.56,USD,CL,mobile,D-215,2025-12-18T18:24:00,M-007,SAN
T-5894,CU-705,4138.34,PEN,PE,web,D-705,2025-12-18T18:26:00,M-049,BCP
T-3111,CU-076,5690.03,USD,ES,web,D-076,2025-12-18T18:26:00,M-041,CABK
T-6047,CU-969,721.70,USD,AR,mobile,D-969,2025-12-18T18:34:00,M-006,GAL
T-5446,CU-369,5010.63,USD,US,mobile,D-369,2025-12-18T18:37:00,M-049,WFC
T-5300,CU-397,1137.94,USD,AR,web,D-397,2025-12-18T18:38:00,M-010,BNA
T-1833,CU-207,1733.97,USD,AR,mobile,D-207,2025-12-18T18:44:00,M-004,GAL
T-4645,CU-207,2980.85,USD,AR,mobile,D-207,2025-12-18T18:49:00,M-024,GAL
T-4368,CU-147,903.39,PEN,PE,mobile,D-147,2025-12-18T18:53:00,M-035,BCP
T-1028,CU-379,2858.45,USD,AR,mobile,D-379,2025-12-18T19:02:00,M-023,BNA
T-2262,CU-254,778.23,USD,CO,web,D-254,2025-12-18T19:02:00,M-040,DAV
T-4750,CU-299,3485.86,USD,MX,mobile,D-299,2025-12-18T19:03:00,M-028,BAN
T-6214,CU-149,1837.47,USD,US,mobile,D-149,2025-12-18T19:06:00,M-038,JPM
T-1263,CU-762,363.20,USD,AR,mobile,D-762,2025-12-18T19:20:00,M-024,GAL
T-6224,CU-252,1140.72,USD,CO,web,D-252,2025-12-18T19:30:00,M-023,BAN
T-4094,CU-387,4504.54,USD,US,web,D-387,2025-12-18T19:36:00,M-043,BAC
T-3940,CU-553,2397.97,PEN,PE,web,D-553,2025-12-18T19:36:00,M-043,IBK
T-7819,CU-984,1511.47,PEN,PE,mobile,D-984,2025-12-18T19:49:00,M-035,BBVA
T-5148,CU-811,2758.79,USD,ES,mobile,D-811,2025-12-18T20:01:00,M-008,BBVA
T-7887,CU-678,1124.45,USD,CO,mobile,D-678,2025-12-18T20:31:00,M-023,DAV
T-7389,CU-675,1242.37,USD,CL,mobile,D-675,2025-12-18T20:36:00,M-048,BCI
T-2420,CU-215,4179.62,USD,CL,mobile,D-215,2025-12-18T20:37:00,M-012,SAN
T-1780,CU-639,4976.48,USD,CO,mobile,D-639,2025-12-18T20:37:00,M-028,BOG
T-4950,CU-416,2054.84,USD,CL,web,D-416,2025-12-18T20:40:00,M-044,SAN
T-5387,CU-433,616.64,USD,CO,web,D-433,2025-12-18T20:44:00,M-007,BOG
T-1177,CU-696,3672.29,USD,ES,web,D-696,2025-12-18T20:44:00,M-039,BBVA
T-6151,CU-648,2585.55,USD,ES,mobile,D-648,2025-12-18T20:54:00,M-030,CABK
T-1010,CU-892,5169.70,USD,AR,mobile,D-892,2025-12-18T20:57:00,M-036,BNA
T-1365,CU-294,1499.30,USD,CL,web,D-294,2025-12-18T21:00:00,M-038,SAN
T-5526,CU-324,1828.50,PEN,PE,mobile,D-324,2025-12-18T21:08:00,M-004,IBK
T-6950,CU-862,3125.71,USD,CL,web,D-862,2025-12-18T21:12:00,M-044,SAN
T-1996,CU-455,769.70,USD,US,mobile,D-455,2025-12-18T21:53:00,M-047,WFC
T-4755,CU-952,6121.31,USD,MX,web,D-952,2025-12-18T21:53:00,M-035,SAN
T-3844,CU-472,2968.52,PEN,PE,web,D-472,2025-12-18T22:28:00,M-039,BCP
T-5577,CU-454,15927.10,USD,ES,web,D-454,2025-12-18T23:16:00,M-049,CABK
T-7171,CU-511,2824.78,USD,ES,web,D-511,2025-12-19T06:14:00,M-041,CABK
T-2134,CU-129,254.04,USD,MX,mobile,D-129,2025-12-19T06:39:00,M-003,BAN
T-4163,CU-828,2607.22,USD,CL,web,D-828,2025-12-19T06:42:00,M-008,BCH
T-3977,CU-287,2958.30,USD,US,web,D-287,2025-12-19T06:57:00,M-034,WFC
T-2192,CU-198,3995.12,USD,AR,mobile,D-198,2025-12-19T07:06:00,M-036,SAN
T-7809,CU-739,2234.93,PEN,PE,web,D-739,2025-12-19T07:11:00,M-005,BBVA
T-5733,CU-410,1513.66,USD,US,web,D-410,2025-12-19T07:43:00,M-020,JPM
T-5262,CU-651,1305.13,PEN,PE,web,D-651,2025-12-19T07:43:00,M-033,IBK
T-7962,CU-860,4052.36,PEN,PE,web,D-860,2025-12-19T07:55:00,M-009,IBK
T-3455,CU-207,3457.90,USD,AR,mobile,D-207,2025-12-19T08:00:00,M-020,GAL
T-3011,CU-711,4386.88,USD,MX,mobile,D-711,2025-12-19T08:01:00,M-047,BAN
T-3614,CU-253,5405.50,USD,CL,mobile,D-253,2025-12-19T08:06:00,M-039,BCH
T-7025,CU-458,6189.00,USD,ES,web,D-458,2025-12-19T08:13:00,M-017,SAN
T-2348,CU-033,4141.15,USD,AR,mobile,D-033,2025-12-19T08:23:00,M-042,GAL
T-4336,CU-849,2691.78,USD,CL,mobile,D-849,2025-12-19T08:26:00,M-033,BCH
T-1815,CU-373,6437.64,USD,US,web,D-373,2025-12-19T08:27:00,M-023,BAC
T-2876,CU-440,2088.53,USD,AR,mobile,D-440,2025-12-19T08:29:00,M-016,BNA
T-4482,CU-841,1956.66,USD,AR,web,D-841,2025-12-19T08:32:00,M-048,GAL
T-7021,CU-854,4306.11,PEN,PE,web,D-854,2025-12-19T08:38:00,M-007,BCP
T-1423,CU-334,1830.30,USD,MX,mobile,D-334,2025-12-19T08:39:00,M-004,SAN
T-1603,CU-653,2174.89,USD,AR,web,D-653,2025-12-19T08:46:00,M-044,GAL
T-1832,CU-788,3474.72,USD,CL,mobile,D-788,2025-12-19T08:47:00,M-032,BCI
T-5829,CU-926,4012.80,PEN,PE,web,D-926,2025-12-19T08:53:00,M-037,BCP
T-6055,CU-625,1881.43,USD,US,web,D-625,2025-12-19T09:00:00,M-004,JPM
T-3610,CU-140,7852.96,USD,ES,mobile,D-140,2025-12-19T09:00:00,M-008,CABK
T-5921,CU-636,5346.10,USD,CL,web,D-636,2025-12-19T09:00:00,M-045,BCH
T-6309,CU-546,5021.80,PEN,PE,mobile,D-546,2025-12-19T09:28:00,M-041,IBK
T-5306,CU-634,2454.50,USD,ES,mobile,D-634,2025-12-19T09:29:00,M-040,CABK
T-7999,CU-863,2071.56,USD,AR,web,D-863,2025-12-19T09:34:00,M-007,BNA
T-3676,CU-954,2492.39,PEN,PE,mobile,D-954,2025-12-19T09:37:00,M-037,IBK
T-2103,CU-518,2124.76,USD,CL,web,D-518,2025-12-19T09:38:00,M-024,BCI
T-4442,CU-751,2704.01,USD,ES,mobile,D-751,2025-12-19T09:50:00,M-042,BBVA
T-4040,CU-975,3875.61,USD,CL,web,D-975,2025-12-19T09:51:00,M-002,SAN
T-1648,CU-059,4523.73,USD,CL,web,D-059,2025-12-19T09:53:00,M-041,BCI
T-7619,CU-099,878.39,USD,AR,web,D-099,2025-12-19T10:00:00,M-999,SAN
T-4724,CU-330,4462.05,PEN,PE,web,D-330,2025-12-19T10:00:00,M-005,BAN
T-1058,CU-196,2778.82,PEN,PE,web,D-196,2025-12-19T10:00:00,M-044,SAN
T-1474,CU-808,2558.33,PEN,PE,mobile,D-808,2025-12-19T10:00:00,M-016,GAL
T-4010,CU-712,2479.05,USD,US,mobile,D-712,2025-12-19T10:03:00,M-014,WFC
T-4212,CU-830,1798.22,USD,US,mobile,D-830,2025-12-19T10:09:00,M-012,BAC
T-7192,CU-959,3027.36,USD,ES,web,D-959,2025-12-19T10:15:00,M-004,CABK
T-5635,CU-923,227.49,USD,ES,mobile,D-923,2025-12-19T10:16:00,M-035,CABK
T-5564,CU-710,1671.32,USD,US,mobile,D-710,2025-12-19T10:24:00,M-039,WFC
T-6301,CU-823,2498.77,USD,MX,web,D-823,2025-12-19T10:26:00,M-038,BAN
T-6473,CU-924,2540.70,PEN,PE,mobile,D-924,2025-12-19T10:34:00,M-026,BCP
T-2563,CU-978,1426.62,USD,MX,web,D-978,2025-12-19T10:37:00,M-001,BBVA
T-1705,CU-830,1623.90,USD,US,mobile,D-830,2025-12-19T10:38:00,M-046,BAC
T-6484,CU-836,2808.52,PEN,PE,mobile,D-836,2025-12-19T10:53:00,M-026,IBK
T-1070,CU-135,3337.95,PEN,PE,web,D-135,2025-12-19T10:54:00,M-013,IBK
T-6636,CU-357,3149.79,USD,MX,web,D-357,2025-12-19T10:54:00,M-047,BAN
T-5922,CU-636,5346.10,USD,CL,web,D-636,2025-12-19T11:00:00,M-045,BCH
T-3611,CU-140,7852.96,USD,ES,mobile,D-140,2025-12-19T11:00:00,M-008,CABK
T-7382,CU-843,4695.68,USD,ES,mobile,D-843,2025-12-19T11:00:00,M-041,CABK
T-3725,CU-049,1197.55,USD,CL,mobile,D-049,2025-12-19T11:04:00,M-047,BCH
T-6004,CU-269,1897.68,USD,ES,mobile,D-269,2025-12-19T11:05:00,M-048,BBVA
T-2422,CU-372,591.30,USD,MX,mobile,D-372,2025-12-19T11:07:00,M-034,BAN
T-7032,CU-376,365.94,USD,ES,web,D-376,2025-12-19T11:11:00,M-041,CABK
T-6520,CU-237,2494.77,USD,ES,web,D-237,2025-12-19T11:16:00,M-006,SAN
T-5416,CU-294,2398.37,USD,CL,web,D-294,2025-12-19T11:18:00,M-035,SAN
T-7883,CU-450,1942.81,PEN,PE,web,D-450,2025-12-19T11:19:00,M-020,BCP
T-7363,CU-295,2683.59,USD,CL,web,D-295,2025-12-19T11:22:00,M-019,BCH
T-7006,CU-640,2239.41,USD,AR,mobile,D-640,2025-12-19T11:27:00,M-048,BNA
T-6883,CU-952,4490.14,USD,MX,web,D-952,2025-12-19T11:28:00,M-034,SAN
T-4725,CU-330,4462.05,USD,ES,web,D-330,2025-12-19T11:30:00,M-022,BAN
T-1475,CU-808,2558.33,USD,ES,mobile,D-808,2025-12-19T11:30:00,M-013,GAL
T-1059,CU-196,2778.82,USD,ES,web,D-196,2025-12-19T11:30:00,M-047,SAN
T-5326,CU-125,3180.97,PEN,PE,web,D-125,2025-12-19T11:30:00,M-031,BBVA
T-5374,CU-673,849.27,USD,US,mobile,D-673,2025-12-19T11:31:00,M-042,JPM
T-4323,CU-560,1200.75,USD,US,web,D-560,2025-12-19T11:34:00,M-012,BAC
T-6704,CU-227,4460.89,PEN,PE,web,D-227,2025-12-19T11:35:00,M-002,IBK
T-5634,CU-242,1182.29,USD,US,web,D-242,2025-12-19T11:36:00,M-045,WFC
T-3675,CU-165,3334.85,USD,CO,web,D-165,2025-12-19T11:43:00,M-002,BAN
T-2808,CU-792,1649.24,USD,CO,web,D-792,2025-12-19T11:47:00,M-022,BAN
T-1896,CU-473,3603.64,USD,CO,mobile,D-473,2025-12-19T11:52:00,M-012,BAN
T-7245,CU-396,280.71,USD,US,web,D-396,2025-12-19T11:57:00,M-006,JPM
T-3339,CU-823,1419.31,USD,MX,web,D-823,2025-12-19T11:58:00,M-047,BAN
T-7257,CU-429,6428.96,USD,CL,mobile,D-429,2025-12-19T11:58:00,M-014,BCI
T-6274,CU-795,1051.07,USD,ES,mobile,D-795,2025-12-19T12:00:00,M-043,CABK
T-4799,CU-222,1972.07,USD,CL,web,D-222,2025-12-19T12:00:00,M-031,BCH
T-2968,CU-361,1713.79,USD,CL,mobile,D-361,2025-12-19T12:00:00,M-999,SAN
T-6342,CU-590,399.35,USD,US,web,D-590,2025-12-19T12:01:00,M-017,JPM
T-4587,CU-866,764.73,USD,US,web,D-866,2025-12-19T12:01:00,M-037,BAC
T-4588,CU-866,358.37,USD,US,web,D-866,2025-12-19T12:02:00,M-037,BAC
T-6343,CU-590,544.98,USD,US,web,D-590,2025-12-19T12:02:00,M-017,JPM
T-4589,CU-866,769.60,USD,US,web,D-866,2025-12-19T12:03:00,M-037,BAC
T-6344,CU-590,407.24,USD,US,web,D-590,2025-12-19T12:03:00,M-017,JPM
T-4590,CU-866,323.49,USD,US,web,D-866,2025-12-19T12:04:00,M-037,BAC
T-6345,CU-590,511.76,USD,US,web,D-590,2025-12-19T12:04:00,M-017,JPM
T-4306,CU-719,1437.62,USD,ES,web,D-719,2025-12-19T12:14:00,M-030,SAN
T-7119,CU-607,3252.81,USD,AR,mobile,D-607,2025-12-19T12:14:00,M-038,GAL
T-4432,CU-503,2365.40,PEN,PE,mobile,D-503,2025-12-19T12:14:00,M-016,IBK
T-6489,CU-135,2879.74,PEN,PE,web,D-135,2025-12-19T12:14:00,M-021,IBK
T-2098,CU-257,1052.94,USD,AR,web,D-257,2025-12-19T12:14:00,M-034,SAN
T-1665,CU-493,2765.03,USD,US,mobile,D-493,2025-12-19T12:22:00,M-027,BAC
T-3536,CU-377,4322.59,USD,AR,web,D-377,2025-12-19T12:25:00,M-006,GAL
T-6621,CU-162,4796.53,USD,ES,mobile,D-162,2025-12-19T12:25:00,M-012,CABK
T-6670,CU-439,2935.96,USD,AR,web,D-439,2025-12-19T12:27:00,M-010,GAL
T-7892,CU-650,2846.76,USD,ES,web,D-650,2025-12-19T12:27:00,M-037,CABK
T-6983,CU-800,3011.36,USD,ES,web,D-800,2025-12-19T12:28:00,M-008,SAN
T-7226,CU-587,1881.05,USD,CO,web,D-587,2025-12-19T12:37:00,M-016,DAV
T-4536,CU-456,6024.25,USD,CO,mobile,D-456,2025-12-19T12:38:00,M-023,DAV
T-7481,CU-275,621.91,PEN,PE,mobile,D-275,2025-12-19T12:51:00,M-017,IBK
T-4509,CU-975,3814.40,USD,CL,web,D-975,2025-12-19T12:53:00,M-038,SAN
T-3612,CU-140,7852.96,USD,ES,mobile,D-140,2025-12-19T13:00:00,M-008,CABK
T-5923,CU-636,5346.10,USD,CL,web,D-636,2025-12-19T13:00:00,M-045,BCH
T-5281,CU-418,3785.04,USD,CO,web,D-418,2025-12-19T13:00:00,M-007,BAN
T-6171,CU-974,3739.83,USD,CL,web,D-974,2025-12-19T13:04:00,M-041,BCH
T-7364,CU-893,2030.10,PEN,PE,mobile,D-893,2025-12-19T13:04:00,M-013,IBK
T-5018,CU-723,5328.51,USD,US,web,D-723,2025-12-19T13:12:00,M-032,JPM
T-6535,CU-481,2287.95,PEN,PE,mobile,D-481,2025-12-19T13:14:00,M-035,IBK
T-1533,CU-974,4708.04,USD,CL,web,D-974,2025-12-19T13:16:00,M-016,BCH
T-5054,CU-156,824.96,USD,ES,web,D-156,2025-12-19T13:22:00,M-047,CABK
T-7568,CU-401,3177.77,USD,RU,mobile,D-999983,2025-12-19T13:25:00,M-045,BAN
T-4080,CU-780,491.23,USD,MX,mobile,D-780,2025-12-19T13:25:00,M-014,SAN
T-1107,CU-837,469.49,USD,CO,web,D-837,2025-12-19T13:27:00,M-003,BOG
T-7123,CU-430,1238.71,USD,CO,mobile,D-430,2025-12-19T13:33:00,M-023,BOG
T-3972,CU-663,2777.50,USD,CL,mobile,D-663,2025-12-19T13:34:00,M-047,SAN
T-6513,CU-526,1122.02,USD,CL,mobile,D-526,2025-12-19T13:38:00,M-041,SAN
T-7965,CU-839,841.43,USD,ES,web,D-839,2025-12-19T13:45:00,M-022,CABK
T-6709,CU-430,970.08,USD,CO,mobile,D-430,2025-12-19T13:57:00,M-026,BOG
T-5971,CU-155,0.50,USD,ES,mobile,D-999633,2025-12-19T14:00:00,M-010,BBVA
T-2542,CU-521,0.50,USD,CL,mobile,D-999765,2025-12-19T14:00:00,M-002,SAN
T-3114,CU-854,0.50,PEN,PE,web,D-999782,2025-12-19T14:00:00,M-008,BCP
T-4095,CU-905,0.50,USD,CL,web,D-999495,2025-12-19T14:00:00,M-027,BCI
T-6129,CU-433,1114.21,USD,CO,mobile,D-433,2025-12-19T14:00:00,M-027,BOG
T-6813,CU-576,79.14,USD,CL,web,D-576,2025-12-19T14:00:00,M-029,BCI
T-6332,CU-266,5620.09,USD,ES,web,D-266,2025-12-19T14:00:00,M-003,BBVA
T-4096,CU-905,0.50,USD,CL,web,D-999495,2025-12-19T14:02:00,M-037,BCI
T-2543,CU-521,0.50,USD,CL,mobile,D-999765,2025-12-19T14:02:00,M-011,SAN
T-5972,CU-155,0.50,USD,ES,mobile,D-999633,2025-12-19T14:02:00,M-049,BBVA
T-3115,CU-854,0.50,PEN,PE,web,D-999782,2025-12-19T14:02:00,M-005,BCP
T-1940,CU-884,3240.59,USD,CL,web,D-884,2025-12-19T14:03:00,M-006,BCH
T-1912,CU-404,6161.82,USD,ES,web,D-404,2025-12-19T14:04:00,M-034,BBVA
T-2911,CU-545,2921.34,USD,CO,mobile,D-545,2025-12-19T14:05:00,M-015,DAV
T-3116,CU-854,16488.48,PEN,PE,web,D-999782,2025-12-19T14:06:00,M-009,BCP
T-5973,CU-155,12673.92,USD,ES,mobile,D-999633,2025-12-19T14:06:00,M-049,BBVA
T-4097,CU-905,3963.44,USD,CL,web,D-999495,2025-12-19T14:06:00,M-048,BCI
T-2544,CU-521,1604.36,USD,CL,mobile,D-999765,2025-12-19T14:06:00,M-017,SAN
T-2627,CU-259,947.09,USD,US,mobile,D-259,2025-12-19T14:14:00,M-036,JPM
T-5882,CU-653,4198.49,USD,AR,web,D-653,2025-12-19T14:17:00,M-033,GAL
T-2738,CU-809,4318.62,USD,CL,web,D-809,2025-12-19T14:19:00,M-032,BCH
T-1208,CU-343,619.70,USD,US,web,D-343,2025-12-19T14:21:00,M-005,BAC
T-4469,CU-739,2122.32,PEN,PE,web,D-739,2025-12-19T14:30:00,M-009,BBVA
T-1639,CU-744,4088.80,USD,MX,web,D-744,2025-12-19T14:33:00,M-014,BAN
T-4898,CU-066,1893.07,USD,AR,web,D-066,2025-12-19T14:35:00,M-028,SAN
T-4304,CU-272,326.03,USD,MX,mobile,D-272,2025-12-19T14:37:00,M-050,BBVA
T-2895,CU-390,5625.65,USD,MX,web,D-390,2025-12-19T14:37:00,M-012,BBVA
T-6141,CU-398,2498.73,PEN,PE,web,D-398,2025-12-19T14:48:00,M-022,BCP
T-5619,CU-011,356.80,USD,ES,web,D-011,2025-12-19T14:51:00,M-018,CABK
T-6692,CU-089,4181.09,USD,AR,web,D-089,2025-12-19T14:53:00,M-004,BNA
T-6956,CU-125,2477.08,PEN,PE,web,D-125,2025-12-19T14:55:00,M-024,BBVA
T-6066,CU-725,1745.11,USD,ES,web,D-725,2025-12-19T14:56:00,M-017,SAN
T-7041,CU-062,4556.75,USD,MX,mobile,D-062,2025-12-19T15:00:00,M-004,BBVA
T-1357,CU-107,5063.77,USD,MX,web,D-107,2025-12-19T15:00:00,M-009,BAN
T-3761,CU-162,2481.00,USD,ES,mobile,D-162,2025-12-19T15:00:00,M-048,CABK
T-5280,CU-887,1526.75,USD,MX,mobile,D-887,2025-12-19T15:34:00,M-043,BAN
T-2605,CU-232,3748.64,USD,MX,web,D-232,2025-12-19T15:39:00,M-002,SAN
T-1800,CU-057,223.07,USD,CL,web,D-057,2025-12-19T15:43:00,M-001,BCI
T-4939,CU-389,288.28,USD,ES,web,D-389,2025-12-19T15:44:00,M-007,BBVA
T-1376,CU-474,552.14,USD,CL,web,D-474,2025-12-19T15:46:00,M-001,BCI
T-3891,CU-769,1626.81,USD,AR,mobile,D-769,2025-12-19T15:47:00,M-001,SAN
T-4703,CU-627,2102.66,USD,US,web,D-627,2025-12-19T15:56:00,M-032,WFC
T-2853,CU-031,3521.10,USD,AR,web,D-031,2025-12-19T16:00:00,M-048,BNA
T-4693,CU-651,804.00,PEN,PE,web,D-651,2025-12-19T16:12:00,M-004,IBK
T-2672,CU-900,398.27,USD,MX,web,D-900,2025-12-19T16:14:00,M-034,BAN
T-6901,CU-526,881.50,USD,CL,mobile,D-526,2025-12-19T16:18:00,M-043,SAN
T-6402,CU-801,4270.96,USD,MX,web,D-801,2025-12-19T16:33:00,M-046,BAN
T-2226,CU-408,394.93,USD,US,mobile,D-408,2025-12-19T16:41:00,M-031,JPM
T-1041,CU-256,3500.63,USD,RU,mobile,D-999652,2025-12-19T16:42:00,M-029,BAN
T-5082,CU-205,1240.53,PEN,PE,web,D-205,2025-12-19T16:46:00,M-033,IBK
T-6234,CU-119,1795.43,USD,CO,mobile,D-119,2025-12-19T16:52:00,M-018,BOG
T-2866,CU-469,3250.64,USD,AR,mobile,D-469,2025-12-19T16:53:00,M-005,SAN
T-7793,CU-080,2995.04,USD,CO,mobile,D-080,2025-12-19T16:54:00,M-042,DAV
T-1127,CU-706,3392.38,USD,MX,web,D-706,2025-12-19T16:58:00,M-008,SAN
T-7988,CU-672,1468.78,USD,ES,mobile,D-672,2025-12-19T17:00:00,M-999,BBVA
T-1083,CU-449,3437.42,USD,CO,web,D-449,2025-12-19T17:00:00,M-015,BAN
T-3384,CU-031,3074.65,USD,AR,web,D-031,2025-12-19T17:02:00,M-012,BNA
T-1789,CU-313,91.49,USD,US,web,D-313,2025-12-19T17:30:00,M-011,JPM
T-5363,CU-845,4321.22,USD,AR,mobile,D-845,2025-12-19T17:31:00,M-003,SAN
T-6239,CU-084,1910.43,USD,ES,web,D-084,2025-12-19T17:37:00,M-003,SAN
T-4486,CU-991,3737.79,USD,AR,web,D-991,2025-12-19T17:42:00,M-019,BNA
T-1527,CU-578,6435.73,USD,CL,mobile,D-578,2025-12-19T17:44:00,M-037,SAN
T-4592,CU-533,1732.90,USD,CL,web,D-533,2025-12-19T17:45:00,M-022,BCI
T-3241,CU-738,3175.95,PEN,PE,mobile,D-738,2025-12-19T17:48:00,M-024,BBVA
T-3479,CU-572,1913.15,USD,US,mobile,D-572,2025-12-19T17:50:00,M-021,WFC
T-2087,CU-419,3100.50,USD,CO,mobile,D-419,2025-12-19T17:50:00,M-049,BOG
T-4051,CU-255,1664.66,USD,AR,mobile,D-255,2025-12-19T17:51:00,M-038,SAN
T-5312,CU-965,1987.81,USD,MX,mobile,D-965,2025-12-19T17:53:00,M-022,SAN
T-7089,CU-446,1087.92,USD,MX,web,D-446,2025-12-19T17:53:00,M-042,SAN
T-4961,CU-690,2985.85,PEN,PE,web,D-690,2025-12-19T17:54:00,M-014,BCP
T-7862,CU-285,1641.34,USD,CO,web,D-285,2025-12-19T18:00:00,M-999,DAV
T-5622,CU-559,4128.01,USD,AR,mobile,D-559,2025-12-19T18:11:00,M-023,SAN
T-1088,CU-916,2631.76,USD,MX,web,D-916,2025-12-19T18:11:00,M-021,BAN
T-5602,CU-676,2240.94,USD,AR,mobile,D-676,2025-12-19T18:11:00,M-022,BNA
T-5848,CU-608,1552.44,USD,AR,mobile,D-608,2025-12-19T18:19:00,M-033,GAL
T-6168,CU-010,4866.98,USD,CO,web,D-010,2025-12-19T18:22:00,M-031,BOG
T-2624,CU-590,790.20,USD,US,web,D-590,2025-12-19T18:23:00,M-021,JPM
T-7301,CU-090,4228.86,PEN,PE,web,D-090,2025-12-19T18:28:00,M-043,BBVA
T-5981,CU-295,2386.20,USD,CL,web,D-295,2025-12-19T18:28:00,M-045,BCH
T-5305,CU-469,2597.30,USD,AR,mobile,D-469,2025-12-19T18:34:00,M-028,SAN
T-3808,CU-821,5737.00,PEN,PE,mobile,D-821,2025-12-19T18:40:00,M-029,BCP
T-4677,CU-085,2923.89,USD,AR,mobile,D-085,2025-12-19T18:40:00,M-023,SAN
T-4632,CU-331,6233.11,USD,MX,mobile,D-331,2025-12-19T18:43:00,M-038,BAN
T-1734,CU-247,202.60,PEN,PE,mobile,D-247,2025-12-19T18:43:00,M-016,BBVA
T-5073,CU-548,1393.37,USD,CO,mobile,D-548,2025-12-19T18:49:00,M-042,DAV
T-7444,CU-079,2343.81,USD,ES,mobile,D-079,2025-12-19T18:56:00,M-024,CABK
T-7792,CU-186,1612.93,USD,US,mobile,D-186,2025-12-19T19:00:00,M-045,JPM
T-5291,CU-674,2606.95,USD,AR,mobile,D-674,2025-12-19T19:00:00,M-036,BNA
T-5261,CU-052,1333.64,USD,ES,web,D-052,2025-12-19T19:02:00,M-004,BBVA
T-7010,CU-511,884.10,USD,ES,web,D-511,2025-12-19T19:04:00,M-029,CABK
T-3247,CU-004,510.83,USD,CL,mobile,D-004,2025-12-19T19:04:00,M-006,BCI
T-6661,CU-060,426.17,USD,AR,mobile,D-060,2025-12-19T19:09:00,M-006,GAL
T-3841,CU-722,4481.57,USD,CL,mobile,D-722,2025-12-19T19:12:00,M-031,BCI
T-6939,CU-922,2224.08,USD,MX,mobile,D-922,2025-12-19T19:18:00,M-031,BBVA
T-1944,CU-623,2420.89,USD,AR,mobile,D-623,2025-12-19T19:28:00,M-031,SAN
T-2093,CU-258,5708.57,PEN,PE,mobile,D-258,2025-12-19T19:32:00,M-021,BCP
T-4329,CU-902,2220.63,USD,CO,web,D-902,2025-12-19T19:34:00,M-026,DAV
T-6585,CU-130,2355.58,USD,US,mobile,D-130,2025-12-19T19:38:00,M-004,WFC
T-5334,CU-256,1513.59,USD,CO,mobile,D-256,2025-12-19T19:43:00,M-016,BAN
T-4387,CU-688,1979.62,USD,US,web,D-688,2025-12-19T19:44:00,M-047,WFC
T-6349,CU-640,2906.77,USD,AR,mobile,D-640,2025-12-19T19:53:00,M-011,BNA
T-7762,CU-940,11044.35,USD,CL,web,D-940,2025-12-19T20:00:00,M-019,BCI
T-4781,CU-239,3398.46,PEN,PE,web,D-239,2025-12-19T20:11:00,M-012,BCP
T-5060,CU-488,4219.96,USD,ES,web,D-488,2025-12-19T20:22:00,M-031,BBVA
T-5273,CU-789,3701.40,USD,US,web,D-789,2025-12-19T20:23:00,M-047,WFC
T-6957,CU-441,2764.49,USD,ES,web,D-441,2025-12-19T20:24:00,M-050,SAN
T-6532,CU-367,6388.85,PEN,PE,web,D-367,2025-12-19T20:28:00,M-002,BBVA
T-3260,CU-090,3559.18,PEN,PE,web,D-090,2025-12-19T20:34:00,M-046,BBVA
T-3364,CU-933,1531.93,USD,US,mobile,D-933,2025-12-19T20:41:00,M-008,JPM
T-7659,CU-153,2394.38,USD,AR,web,D-153,2025-12-19T20:51:00,M-040,GAL
T-6133,CU-892,4137.71,USD,AR,mobile,D-892,2025-12-19T20:58:00,M-023,BNA
T-1075,CU-383,558.88,USD,CL,web,D-383,2025-12-19T21:05:00,M-033,SAN
T-5010,CU-815,528.17,USD,RU,mobile,D-999294,2025-12-19T21:13:00,M-019,SAN
T-3517,CU-572,1768.62,USD,US,mobile,D-572,2025-12-19T21:19:00,M-016,WFC
T-5538,CU-907,1586.19,USD,MX,web,D-907,2025-12-19T21:26:00,M-032,SAN
T-3616,CU-916,4013.81,USD,MX,web,D-916,2025-12-19T21:31:00,M-019,BAN
T-3098,CU-959,1577.44,USD,ES,web,D-959,2025-12-19T21:38:00,M-025,CABK
T-7035,CU-787,116.64,USD,CO,mobile,D-787,2025-12-19T21:57:00,M-043,BAN
T-6095,CU-507,1707.71,USD,AR,web,D-507,2025-12-19T22:00:00,M-034,SAN
T-7650,CU-761,2791.92,PEN,PE,web,D-761,2025-12-19T23:08:00,M-020,BBVA
T-1991,CU-275,525.57,PEN,PE,mobile,D-275,2025-12-20T07:28:00,M-025,IBK
T-7978,CU-101,1102.03,USD,ES,mobile,D-101,2025-12-20T08:00:00,M-023,SAN
T-6894,CU-645,352.81,PEN,PE,web,D-645,2025-12-20T08:04:00,M-009,BCP
T-2014,CU-285,1816.33,USD,CO,web,D-285,2025-12-20T08:05:00,M-023,DAV
T-1696,CU-585,500.69,USD,ES,mobile,D-585,2025-12-20T08:06:00,M-043,SAN
T-7741,CU-175,1671.62,USD,CL,web,D-175,2025-12-20T08:13:00,M-011,BCH
T-6456,CU-956,3902.31,USD,AR,web,D-956,2025-12-20T08:18:00,M-029,SAN
T-6219,CU-355,3119.22,USD,CL,mobile,D-355,2025-12-20T08:18:00,M-015,BCI
T-3872,CU-124,3483.50,PEN,PE,web,D-124,2025-12-20T08:24:00,M-021,BCP
T-1233,CU-112,1615.78,USD,CL,web,D-112,2025-12-20T08:25:00,M-026,SAN
T-4205,CU-808,2072.64,USD,AR,mobile,D-808,2025-12-20T08:29:00,M-031,GAL
T-5865,CU-322,3086.63,USD,AR,web,D-322,2025-12-20T08:40:00,M-019,SAN
T-1697,CU-1000,4932.18,USD,CL,web,D-1000,2025-12-20T08:43:00,M-039,BCH
T-3600,CU-327,2497.24,USD,CL,mobile,D-327,2025-12-20T08:43:00,M-002,BCH
T-1673,CU-520,2475.99,USD,MX,web,D-520,2025-12-20T08:44:00,M-037,BAN
T-6452,CU-534,10681.98,USD,ES,web,D-534,2025-12-20T09:00:00,M-015,CABK
T-5536,CU-760,6270.15,USD,AR,mobile,D-760,2025-12-20T09:00:00,M-039,SAN
T-7799,CU-498,1603.89,USD,AR,mobile,D-498,2025-12-20T09:00:00,M-036,GAL
T-4662,CU-327,4039.77,USD,CL,mobile,D-327,2025-12-20T09:00:00,M-044,BCH
T-7158,CU-822,5210.89,USD,CO,mobile,D-822,2025-12-20T09:06:00,M-029,BOG
T-4848,CU-252,1337.34,USD,CO,web,D-252,2025-12-20T09:08:00,M-038,BAN
T-7576,CU-585,761.68,USD,ES,mobile,D-585,2025-12-20T09:16:00,M-013,SAN
T-3986,CU-479,7117.93,USD,US,web,D-479,2025-12-20T09:27:00,M-021,WFC
T-2138,CU-586,882.62,USD,MX,web,D-586,2025-12-20T09:28:00,M-012,BBVA
T-3655,CU-132,303.86,PEN,PE,mobile,D-132,2025-12-20T09:50:00,M-035,BCP
T-2673,CU-234,652.15,USD,MX,web,D-234,2025-12-20T09:55:00,M-021,BBVA
T-3805,CU-323,6134.97,USD,US,web,D-323,2025-12-20T09:58:00,M-013,WFC
T-2344,CU-798,6186.36,USD,CO,web,D-798,2025-12-20T10:00:00,M-023,BAN
T-3801,CU-253,4347.82,USD,CL,mobile,D-253,2025-12-20T10:02:00,M-014,BCH
T-7714,CU-599,562.98,USD,US,mobile,D-599,2025-12-20T10:07:00,M-043,BAC
T-1987,CU-506,6116.27,PEN,PE,web,D-506,2025-12-20T10:09:00,M-018,BCP
T-5216,CU-823,2989.00,USD,MX,web,D-823,2025-12-20T10:10:00,M-050,BAN
T-4881,CU-157,724.56,USD,AR,mobile,D-157,2025-12-20T10:13:00,M-050,BNA
T-4850,CU-419,1638.42,USD,CO,mobile,D-419,2025-12-20T10:19:00,M-019,BOG
T-2525,CU-476,4879.64,USD,ES,web,D-476,2025-12-20T10:39:00,M-049,SAN
T-6185,CU-432,705.79,USD,US,web,D-432,2025-12-20T10:49:00,M-047,BAC
T-7697,CU-004,654.19,USD,CL,mobile,D-004,2025-12-20T10:59:00,M-045,BCI
T-6453,CU-534,10681.98,USD,ES,web,D-534,2025-12-20T11:00:00,M-015,CABK
T-4663,CU-327,4039.77,USD,CL,mobile,D-327,2025-12-20T11:00:00,M-044,BCH
T-3162,CU-364,866.83,USD,ES,web,D-364,2025-12-20T11:00:00,M-004,CABK
T-7800,CU-498,1603.89,USD,AR,mobile,D-498,2025-12-20T11:00:00,M-036,GAL
T-2651,CU-818,155.59,USD,AR,mobile,D-818,2025-12-20T11:08:00,M-035,BNA
T-5623,CU-901,2286.45,USD,CO,web,D-901,2025-12-20T11:09:00,M-022,DAV
T-4291,CU-417,4444.52,USD,AR,mobile,D-417,2025-12-20T11:13:00,M-011,SAN
T-3118,CU-628,2003.57,USD,MX,web,D-628,2025-12-20T11:15:00,M-010,BAN
T-3325,CU-127,3029.05,USD,CL,web,D-127,2025-12-20T11:17:00,M-022,SAN
T-4366,CU-524,3356.91,USD,AR,web,D-524,2025-12-20T11:27:00,M-028,SAN
T-1916,CU-244,6263.37,USD,US,mobile,D-244,2025-12-20T11:27:00,M-014,BAC
T-4198,CU-025,3012.77,USD,CO,web,D-025,2025-12-20T11:31:00,M-035,BOG
T-7359,CU-635,4322.02,USD,MX,web,D-635,2025-12-20T11:33:00,M-038,SAN
T-6626,CU-883,3643.55,USD,CL,mobile,D-883,2025-12-20T11:36:00,M-041,BCI
T-3508,CU-133,1991.75,USD,AR,web,D-133,2025-12-20T11:36:00,M-001,SAN
T-1443,CU-695,619.55,USD,ES,mobile,D-695,2025-12-20T11:38:00,M-035,CABK
T-1917,CU-940,4579.36,USD,CL,mobile,D-940,2025-12-20T11:38:00,M-028,BCI
T-1667,CU-802,1479.24,USD,US,web,D-802,2025-12-20T11:39:00,M-035,JPM
T-6476,CU-948,3352.23,PEN,PE,web,D-948,2025-12-20T11:42:00,M-019,BCP
T-7296,CU-811,5041.12,USD,ES,mobile,D-811,2025-12-20T11:53:00,M-007,BBVA
T-5213,CU-432,642.54,USD,US,web,D-432,2025-12-20T11:59:00,M-037,BAC
T-3048,CU-819,882.81,USD,MX,mobile,D-819,2025-12-20T12:01:00,M-006,BAN
T-3049,CU-819,1334.00,USD,MX,mobile,D-819,2025-12-20T12:02:00,M-006,BAN
T-2453,CU-429,3781.49,USD,CL,mobile,D-429,2025-12-20T12:03:00,M-013,BCI
T-3050,CU-819,480.07,USD,MX,mobile,D-819,2025-12-20T12:03:00,M-006,BAN
T-3051,CU-819,948.80,USD,MX,mobile,D-819,2025-12-20T12:04:00,M-006,BAN
T-3753,CU-180,1841.82,USD,ES,web,D-180,2025-12-20T12:11:00,M-040,CABK
T-2516,CU-861,909.75,PEN,PE,mobile,D-861,2025-12-20T12:17:00,M-014,IBK
T-1167,CU-273,235.31,USD,CO,mobile,D-273,2025-12-20T12:19:00,M-048,BAN
T-2739,CU-560,1191.56,USD,US,web,D-560,2025-12-20T12:24:00,M-045,BAC
T-1554,CU-401,1529.74,USD,CO,mobile,D-401,2025-12-20T12:28:00,M-039,BAN
T-5138,CU-303,1450.60,PEN,PE,web,D-303,2025-12-20T12:33:00,M-022,IBK
T-6148,CU-865,234.60,PEN,PE,mobile,D-865,2025-12-20T12:37:00,M-037,BCP
T-6366,CU-136,3370.37,USD,CO,web,D-136,2025-12-20T12:38:00,M-031,BAN
T-4059,CU-477,3788.57,USD,US,web,D-477,2025-12-20T12:39:00,M-011,JPM
T-5065,CU-491,636.17,USD,MX,mobile,D-491,2025-12-20T12:43:00,M-039,BAN
T-5217,CU-114,4844.42,USD,CO,web,D-114,2025-12-20T12:45:00,M-020,BAN
T-7381,CU-060,467.70,USD,AR,mobile,D-060,2025-12-20T12:48:00,M-018,GAL
T-7758,CU-372,1294.91,USD,MX,mobile,D-372,2025-12-20T12:51:00,M-016,BAN
T-7720,CU-896,2277.38,USD,AR,web,D-896,2025-12-20T12:53:00,M-007,SAN
T-5727,CU-881,791.59,USD,AR,mobile,D-881,2025-12-20T12:55:00,M-028,GAL
T-3875,CU-864,96.80,USD,ES,mobile,D-864,2025-12-20T12:56:00,M-012,CABK
T-7958,CU-862,2484.96,USD,CL,web,D-862,2025-12-20T12:58:00,M-004,SAN
T-7801,CU-498,1603.89,USD,AR,mobile,D-498,2025-12-20T13:00:00,M-036,GAL
T-6454,CU-534,10681.98,USD,ES,web,D-534,2025-12-20T13:00:00,M-015,CABK
T-1537,CU-909,8875.50,USD,MX,web,D-909,2025-12-20T13:00:00,M-022,SAN
T-2066,CU-669,11428.46,USD,ES,web,D-669,2025-12-20T13:00:00,M-027,CABK
T-4664,CU-327,4039.77,USD,CL,mobile,D-327,2025-12-20T13:00:00,M-044,BCH
T-5919,CU-932,1487.62,USD,MX,mobile,D-932,2025-12-20T13:05:00,M-012,BBVA
T-7228,CU-278,1388.70,USD,ES,web,D-278,2025-12-20T13:07:00,M-023,SAN
T-2419,CU-593,2445.08,USD,CL,web,D-593,2025-12-20T13:07:00,M-008,SAN
T-3683,CU-850,2768.48,USD,AR,mobile,D-850,2025-12-20T13:16:00,M-011,SAN
T-4727,CU-198,4566.59,USD,AR,mobile,D-198,2025-12-20T13:21:00,M-003,SAN
T-1567,CU-231,4796.21,USD,AR,mobile,D-231,2025-12-20T13:22:00,M-049,GAL
T-3569,CU-308,2772.75,USD,ES,mobile,D-308,2025-12-20T13:22:00,M-032,BBVA
T-6094,CU-882,4165.52,USD,CL,mobile,D-882,2025-12-20T13:26:00,M-007,BCH
T-5048,CU-718,2368.18,USD,CO,web,D-718,2025-12-20T13:32:00,M-005,BAN
T-5350,CU-520,3679.33,USD,MX,web,D-520,2025-12-20T13:32:00,M-025,BAN
T-2071,CU-534,3894.24,USD,ES,web,D-534,2025-12-20T13:38:00,M-003,CABK
T-2812,CU-293,2412.52,USD,CL,web,D-293,2025-12-20T13:43:00,M-015,BCH
T-7457,CU-628,5569.72,USD,MX,web,D-628,2025-12-20T13:46:00,M-008,BAN
T-3737,CU-462,3984.92,USD,US,web,D-462,2025-12-20T13:49:00,M-047,JPM
T-6744,CU-959,1283.06,USD,ES,web,D-959,2025-12-20T13:53:00,M-003,CABK
T-1546,CU-856,0.50,USD,MX,mobile,D-999145,2025-12-20T14:00:00,M-031,BBVA
T-4960,CU-317,4591.05,USD,CL,web,D-317,2025-12-20T14:00:00,M-045,BCH
T-3416,CU-268,1346.31,USD,MX,mobile,D-268,2025-12-20T14:00:00,M-999,BBVA
T-5984,CU-211,3557.75,USD,CL,mobile,D-211,2025-12-20T14:00:00,M-009,BCH
T-1547,CU-856,0.50,USD,MX,mobile,D-999145,2025-12-20T14:02:00,M-024,BBVA
T-1548,CU-856,10283.56,USD,MX,mobile,D-999145,2025-12-20T14:06:00,M-007,BBVA
T-7180,CU-314,78.73,PEN,PE,web,D-314,2025-12-20T14:07:00,M-002,IBK
T-3303,CU-839,898.59,USD,ES,web,D-839,2025-12-20T14:09:00,M-001,CABK
T-2393,CU-234,576.32,USD,MX,web,D-234,2025-12-20T14:14:00,M-004,BBVA
T-1231,CU-563,1987.92,PEN,PE,web,D-563,2025-12-20T14:18:00,M-042,IBK
T-5475,CU-243,4712.83,PEN,PE,mobile,D-243,2025-12-20T14:20:00,M-034,IBK
T-2892,CU-576,63.14,USD,CL,web,D-576,2025-12-20T14:32:00,M-017,BCI
T-6787,CU-024,6780.36,USD,CO,web,D-024,2025-12-20T14:33:00,M-047,DAV
T-5152,CU-156,901.65,USD,ES,web,D-156,2025-12-20T14:43:00,M-020,CABK
T-7307,CU-322,2798.73,USD,AR,web,D-322,2025-12-20T14:43:00,M-049,SAN
T-2799,CU-268,3941.52,USD,MX,mobile,D-268,2025-12-20T14:44:00,M-047,BBVA
T-3995,CU-856,2445.36,USD,MX,mobile,D-856,2025-12-20T14:46:00,M-050,BBVA
T-3432,CU-081,3698.95,PEN,PE,web,D-081,2025-12-20T14:47:00,M-024,IBK
T-5873,CU-444,4035.93,USD,MX,web,D-444,2025-12-20T14:48:00,M-005,BBVA
T-7643,CU-110,3579.80,USD,ES,mobile,D-110,2025-12-20T14:48:00,M-035,BBVA
T-7217,CU-002,10195.71,USD,US,web,D-002,2025-12-20T15:00:00,M-024,BAC
T-7560,CU-705,13415.71,PEN,PE,mobile,D-705,2025-12-20T15:00:00,M-040,BCP
T-6643,CU-923,208.90,USD,ES,mobile,D-923,2025-12-20T15:03:00,M-037,CABK
T-3267,CU-004,955.49,USD,CL,mobile,D-004,2025-12-20T15:05:00,M-009,BCI
T-1943,CU-527,1569.09,USD,AR,web,D-527,2025-12-20T15:07:00,M-032,GAL
T-4472,CU-861,1984.79,PEN,PE,mobile,D-861,2025-12-20T15:07:00,M-037,IBK
T-5302,CU-049,2442.95,USD,CL,mobile,D-049,2025-12-20T15:09:00,M-029,BCH
T-5816,CU-457,1167.91,USD,CO,mobile,D-457,2025-12-20T15:09:00,M-032,DAV
T-1526,CU-219,1805.05,USD,CL,web,D-219,2025-12-20T15:12:00,M-020,SAN
T-1744,CU-627,2846.50,USD,US,web,D-627,2025-12-20T15:15:00,M-007,WFC
T-1481,CU-963,3366.72,USD,CO,mobile,D-963,2025-12-20T15:15:00,M-020,BAN
T-1523,CU-179,4766.84,USD,CL,mobile,D-179,2025-12-20T15:23:00,M-036,SAN
T-5871,CU-316,1527.21,USD,CL,mobile,D-316,2025-12-20T15:24:00,M-017,SAN
T-2231,CU-913,3533.43,USD,US,web,D-913,2025-12-20T15:26:00,M-043,WFC
T-3562,CU-999,2153.56,USD,RU,mobile,D-999563,2025-12-20T15:26:00,M-040,BAN
T-3065,CU-047,2843.92,USD,AR,mobile,D-047,2025-12-20T15:36:00,M-011,BNA
T-7468,CU-792,3760.01,USD,CO,web,D-792,2025-12-20T15:38:00,M-045,BAN
T-1761,CU-079,4859.76,USD,ES,mobile,D-079,2025-12-20T15:51:00,M-004,CABK
T-1921,CU-847,343.43,USD,AR,mobile,D-847,2025-12-20T15:55:00,M-045,BNA
T-4578,CU-588,5230.49,USD,US,mobile,D-588,2025-12-20T16:05:00,M-050,BAC
T-1577,CU-262,4540.87,USD,ES,web,D-262,2025-12-20T16:09:00,M-037,BBVA
T-5990,CU-001,2877.39,USD,MX,web,D-001,2025-12-20T16:25:00,M-040,BBVA
T-5539,CU-317,1918.05,USD,CL,web,D-317,2025-12-20T16:26:00,M-014,BCH
T-6923,CU-030,2472.56,USD,MX,mobile,D-030,2025-12-20T16:27:00,M-019,BBVA
T-6049,CU-664,2358.12,USD,ES,web,D-664,2025-12-20T16:28:00,M-006,CABK
T-5866,CU-834,808.51,USD,CO,mobile,D-834,2025-12-20T16:30:00,M-004,DAV
T-2532,CU-847,314.96,USD,AR,mobile,D-847,2025-12-20T16:33:00,M-002,BNA
T-1884,CU-918,3781.57,PEN,PE,web,D-918,2025-12-20T16:50:00,M-001,BCP
T-6706,CU-118,1105.77,USD,AR,mobile,D-118,2025-12-20T16:52:00,M-031,BNA
T-4790,CU-601,1662.16,USD,CL,web,D-601,2025-12-20T17:00:00,M-999,SAN
T-1904,CU-254,1687.85,USD,CO,web,D-254,2025-12-20T17:09:00,M-026,DAV
T-3904,CU-098,1005.08,USD,ES,mobile,D-098,2025-12-20T17:10:00,M-015,CABK
T-2025,CU-367,6680.71,PEN,PE,web,D-367,2025-12-20T17:14:00,M-018,BBVA
T-1494,CU-952,6595.68,USD,MX,web,D-952,2025-12-20T17:14:00,M-004,SAN
T-6909,CU-600,6134.45,USD,US,web,D-600,2025-12-20T17:14:00,M-040,JPM
T-4131,CU-480,2572.82,USD,ES,mobile,D-480,2025-12-20T17:16:00,M-036,BBVA
T-5932,CU-218,1556.87,USD,MX,web,D-218,2025-12-20T17:28:00,M-027,BBVA
T-4733,CU-584,294.95,USD,AR,mobile,D-584,2025-12-20T17:28:00,M-029,SAN
T-3754,CU-009,3853.06,USD,ES,mobile,D-009,2025-12-20T17:31:00,M-011,SAN
T-3859,CU-221,3949.49,USD,US,mobile,D-221,2025-12-20T17:33:00,M-047,WFC
T-5945,CU-836,3861.65,PEN,PE,mobile,D-836,2025-12-20T17:34:00,M-018,IBK
T-7620,CU-207,1641.06,USD,AR,mobile,D-207,2025-12-20T17:35:00,M-006,GAL
T-2512,CU-913,1840.17,USD,US,web,D-913,2025-12-20T17:37:00,M-011,WFC
T-6628,CU-190,2422.00,USD,AR,mobile,D-190,2025-12-20T17:38:00,M-033,BNA
T-6115,CU-060,437.53,USD,AR,mobile,D-060,2025-12-20T17:39:00,M-028,GAL
T-4721,CU-162,4008.09,USD,ES,mobile,D-162,2025-12-20T17:40:00,M-018,CABK
T-4761,CU-938,1326.41,USD,MX,mobile,D-938,2025-12-20T17:40:00,M-042,SAN
T-3482,CU-819,7055.83,USD,MX,web,D-819,2025-12-20T18:00:00,M-016,BAN
T-3540,CU-016,2435.71,USD,AR,mobile,D-016,2025-12-20T18:01:00,M-025,SAN
T-4815,CU-165,3135.06,USD,CO,web,D-165,2025-12-20T18:02:00,M-023,BAN
T-7798,CU-225,2063.48,USD,MX,mobile,D-225,2025-12-20T18:05:00,M-025,BAN
T-5929,CU-839,1031.53,USD,ES,web,D-839,2025-12-20T18:27:00,M-037,CABK
T-7646,CU-347,4350.14,PEN,PE,web,D-347,2025-12-20T18:27:00,M-019,BBVA
T-7212,CU-793,558.43,PEN,PE,mobile,D-793,2025-12-20T18:29:00,M-004,BCP
T-1837,CU-010,4123.57,USD,CO,web,D-010,2025-12-20T18:30:00,M-011,BOG
T-3926,CU-751,4236.71,USD,ES,mobile,D-751,2025-12-20T18:32:00,M-025,BBVA
T-4803,CU-175,1661.57,USD,CL,web,D-175,2025-12-20T18:32:00,M-033,BCH
T-4520,CU-243,4773.91,PEN,PE,mobile,D-243,2025-12-20T18:33:00,M-009,IBK
T-1152,CU-642,2006.32,USD,US,web,D-642,2025-12-20T18:35:00,M-003,BAC
T-3742,CU-318,866.12,USD,CO,web,D-318,2025-12-20T18:36:00,M-035,BOG
T-1076,CU-300,1564.77,USD,US,mobile,D-300,2025-12-20T18:44:00,M-040,JPM
T-6258,CU-491,473.17,USD,MX,mobile,D-491,2025-12-20T18:46:00,M-007,BAN
T-5491,CU-521,322.32,USD,CL,mobile,D-521,2025-12-20T18:50:00,M-022,SAN
T-2578,CU-412,2073.80,USD,CO,mobile,D-412,2025-12-20T18:53:00,M-014,BOG
T-3963,CU-679,2008.14,USD,US,web,D-679,2025-12-20T19:01:00,M-050,WFC
T-7306,CU-706,4828.32,USD,MX,web,D-706,2025-12-20T19:04:00,M-003,SAN
T-1936,CU-944,3814.87,USD,CO,web,D-944,2025-12-20T19:05:00,M-008,BAN
T-4985,CU-579,3234.63,USD,US,web,D-579,2025-12-20T19:10:00,M-039,BAC
T-3443,CU-304,3214.89,USD,MX,web,D-304,2025-12-20T19:14:00,M-004,BBVA
T-5591,CU-024,5018.06,USD,CO,web,D-024,2025-12-20T19:14:00,M-021,DAV
T-4085,CU-303,1136.97,PEN,PE,web,D-303,2025-12-20T19:17:00,M-012,IBK
T-2510,CU-668,1376.20,USD,AR,mobile,D-668,2025-12-20T19:24:00,M-021,BNA
T-2880,CU-417,3789.90,USD,AR,mobile,D-417,2025-12-20T19:25:00,M-015,SAN
T-7431,CU-260,666.33,USD,CO,mobile,D-260,2025-12-20T19:29:00,M-036,BAN
T-3209,CU-815,965.67,USD,AR,mobile,D-815,2025-12-20T19:29:00,M-033,SAN
T-1209,CU-351,7380.35,USD,MX,web,D-351,2025-12-20T19:32:00,M-016,BAN
T-2224,CU-752,5701.27,USD,US,web,D-752,2025-12-20T19:53:00,M-003,BAC
T-1729,CU-715,1782.32,USD,CO,web,D-715,2025-12-20T19:58:00,M-021,BAN
T-7997,CU-667,4225.91,USD,CO,mobile,D-667,2025-12-20T20:01:00,M-012,BOG
T-4922,CU-013,3869.19,PEN,PE,web,D-013,2025-12-20T20:03:00,M-020,BBVA
T-6481,CU-382,3251.59,USD,RU,web,D-999110,2025-12-20T20:09:00,M-018,BAC
T-1976,CU-986,2566.75,USD,AR,mobile,D-986,2025-12-20T20:20:00,M-029,BNA
T-1869,CU-916,2588.22,USD,MX,web,D-916,2025-12-20T20:21:00,M-022,BAN
T-3909,CU-698,695.71,USD,US,web,D-698,2025-12-20T20:27:00,M-029,WFC
T-2220,CU-387,5083.37,USD,US,web,D-387,2025-12-20T20:29:00,M-005,BAC
T-7737,CU-624,1873.83,PEN,PE,mobile,D-624,2025-12-20T20:31:00,M-048,BBVA
T-1496,CU-094,4392.21,USD,AR,mobile,D-094,2025-12-20T20:41:00,M-028,GAL
T-2102,CU-219,2574.90,USD,CL,web,D-219,2025-12-20T20:53:00,M-011,SAN
T-4917,CU-563,3638.33,PEN,PE,web,D-563,2025-12-20T20:54:00,M-036,IBK
T-2216,CU-537,904.50,USD,US,mobile,D-537,2025-12-20T20:54:00,M-008,BAC
T-4497,CU-233,2159.26,USD,MX,web,D-233,2025-12-20T20:55:00,M-010,SAN
T-3735,CU-184,144.77,USD,US,web,D-184,2025-12-20T20:57:00,M-022,WFC
T-4541,CU-452,2574.22,USD,CO,mobile,D-452,2025-12-20T21:05:00,M-009,BOG
T-1367,CU-895,3492.27,USD,US,mobile,D-895,2025-12-20T21:09:00,M-029,BAC
T-2980,CU-240,542.79,USD,ES,mobile,D-240,2025-12-20T21:15:00,M-035,CABK
T-7494,CU-469,4650.85,USD,AR,mobile,D-469,2025-12-20T21:16:00,M-001,SAN
T-7645,CU-581,14439.45,USD,CO,web,D-581,2025-12-20T21:34:00,M-006,DAV
T-2149,CU-895,3932.36,USD,US,mobile,D-895,2025-12-20T21:40:00,M-032,BAC
T-4746,CU-731,2631.00,USD,CO,mobile,D-731,2025-12-20T21:52:00,M-014,BOG
T-2164,CU-331,3511.63,USD,MX,mobile,D-331,2025-12-20T22:08:00,M-008,BAN
T-3141,CU-087,532.18,USD,CL,mobile,D-087,2025-12-20T23:57:00,M-032,SAN
T-3932,CU-817,974.41,USD,US,web,D-817,2025-12-21T07:06:00,M-006,BAC
T-7754,CU-784,599.09,PEN,PE,web,D-784,2025-12-21T07:06:00,M-003,IBK
T-7157,CU-912,4356.61,USD,CL,web,D-912,2025-12-21T07:16:00,M-035,BCH
T-5469,CU-040,1262.83,USD,MX,web,D-040,2025-12-21T07:52:00,M-004,SAN
T-5663,CU-960,3509.47,USD,CO,web,D-960,2025-12-21T08:09:00,M-012,BAN
T-6927,CU-531,4563.42,USD,CL,web,D-531,2025-12-21T08:15:00,M-049,BCI
T-1031,CU-933,610.63,USD,US,mobile,D-933,2025-12-21T08:15:00,M-024,JPM
T-1722,CU-437,1254.61,USD,MX,mobile,D-437,2025-12-21T08:20:00,M-017,BAN
T-3373,CU-457,2085.47,USD,CO,mobile,D-457,2025-12-21T08:42:00,M-036,DAV
T-1562,CU-985,1724.89,PEN,PE,web,D-985,2025-12-21T08:47:00,M-001,IBK
T-2250,CU-029,2369.08,USD,CO,mobile,D-029,2025-12-21T09:00:00,M-034,BOG
T-2063,CU-108,134.64,USD,CL,web,D-108,2025-12-21T09:09:00,M-049,BCI
T-1240,CU-168,3929.80,USD,CL,mobile,D-168,2025-12-21T09:17:00,M-032,BCI
T-5719,CU-475,2395.82,USD,MX,web,D-475,2025-12-21T09:36:00,M-007,BBVA
T-2099,CU-292,3666.31,PEN,PE,mobile,D-292,2025-12-21T09:41:00,M-001,BCP
T-1835,CU-168,3105.72,USD,CL,mobile,D-168,2025-12-21T09:50:00,M-048,BCI
T-5383,CU-717,134.70,USD,AR,web,D-717,2025-12-21T09:58:00,M-037,BNA
T-6634,CU-794,2669.14,PEN,PE,mobile,D-794,2025-12-21T10:00:00,M-009,BCH
T-1658,CU-603,3834.66,PEN,PE,web,D-603,2025-12-21T10:00:00,M-030,BAN
T-5948,CU-785,2975.07,PEN,PE,mobile,D-785,2025-12-21T10:00:00,M-021,BAC
T-6968,CU-447,2206.93,PEN,PE,web,D-447,2025-12-21T10:00:00,M-003,WFC
T-2975,CU-887,1992.56,PEN,PE,mobile,D-887,2025-12-21T10:00:00,M-020,BAN
T-4109,CU-342,3663.67,USD,AR,web,D-342,2025-12-21T10:07:00,M-022,SAN
T-6494,CU-288,4653.00,USD,US,mobile,D-288,2025-12-21T10:08:00,M-050,BAC
T-5309,CU-559,5719.72,USD,AR,mobile,D-559,2025-12-21T10:11:00,M-008,SAN
T-5637,CU-185,1262.53,USD,CO,mobile,D-185,2025-12-21T10:14:00,M-018,DAV
T-4767,CU-827,2760.59,USD,ES,web,D-827,2025-12-21T10:32:00,M-002,CABK
T-2334,CU-015,291.32,USD,AR,mobile,D-015,2025-12-21T10:33:00,M-045,BNA
T-2835,CU-023,5818.13,PEN,PE,web,D-023,2025-12-21T10:33:00,M-032,BCP
T-5988,CU-328,2346.62,PEN,PE,mobile,D-328,2025-12-21T10:37:00,M-043,BCP
T-4048,CU-301,1193.26,PEN,PE,web,D-301,2025-12-21T10:43:00,M-020,BBVA
T-5748,CU-883,5865.08,USD,CL,mobile,D-883,2025-12-21T10:46:00,M-019,BCI
T-2554,CU-859,820.58,USD,CO,mobile,D-859,2025-12-21T10:47:00,M-045,DAV
T-3901,CU-843,1072.03,USD,ES,web,D-843,2025-12-21T10:49:00,M-047,CABK
T-4869,CU-795,1903.26,USD,ES,mobile,D-795,2025-12-21T10:54:00,M-037,CABK
T-1824,CU-149,2214.83,USD,US,mobile,D-149,2025-12-21T10:59:00,M-021,JPM
T-2277,CU-932,8399.67,USD,MX,web,D-932,2025-12-21T11:00:00,M-032,BBVA
T-6397,CU-809,3026.92,USD,CL,web,D-809,2025-12-21T11:00:00,M-044,BCH
T-6373,CU-989,11842.85,USD,CO,web,D-989,2025-12-21T11:00:00,M-011,BAN
T-2302,CU-179,3225.04,USD,CL,mobile,D-179,2025-12-21T11:00:00,M-007,SAN
T-5133,CU-693,2912.39,USD,ES,web,D-693,2025-12-21T11:08:00,M-048,SAN
T-6819,CU-214,512.67,USD,AR,mobile,D-214,2025-12-21T11:12:00,M-023,BNA
T-3820,CU-392,2296.95,PEN,PE,web,D-392,2025-12-21T11:12:00,M-009,BBVA
T-1693,CU-024,4381.46,USD,CO,web,D-024,2025-12-21T11:13:00,M-002,DAV
T-2183,CU-792,4734.86,USD,CO,web,D-792,2025-12-21T11:19:00,M-010,BAN
T-4423,CU-681,1569.46,USD,CL,web,D-681,2025-12-21T11:19:00,M-028,BCI
T-5058,CU-355,1847.39,USD,CL,mobile,D-355,2025-12-21T11:20:00,M-028,BCI
T-6701,CU-734,3619.77,USD,MX,web,D-734,2025-12-21T11:21:00,M-037,BBVA
T-2920,CU-317,2319.03,USD,CL,web,D-317,2025-12-21T11:24:00,M-039,BCH
T-1571,CU-989,3704.15,USD,CO,mobile,D-989,2025-12-21T11:28:00,M-002,BAN
T-6635,CU-794,2669.14,USD,ES,mobile,D-794,2025-12-21T11:30:00,M-017,BCH
T-6969,CU-447,2206.93,USD,ES,web,D-447,2025-12-21T11:30:00,M-037,WFC
T-2976,CU-887,1992.56,USD,ES,mobile,D-887,2025-12-21T11:30:00,M-040,BAN
T-5949,CU-785,2975.07,USD,ES,mobile,D-785,2025-12-21T11:30:00,M-003,BAC
T-1659,CU-603,3834.66,USD,ES,web,D-603,2025-12-21T11:30:00,M-021,BAN
T-3941,CU-162,3133.17,USD,ES,mobile,D-162,2025-12-21T11:35:00,M-050,CABK
T-7310,CU-223,1532.76,PEN,PE,web,D-223,2025-12-21T11:37:00,M-026,IBK
T-7201,CU-561,1600.78,USD,CO,mobile,D-561,2025-12-21T11:38:00,M-007,BOG
T-3814,CU-1000,5320.41,USD,CL,web,D-1000,2025-12-21T11:40:00,M-044,BCH
T-5645,CU-470,1971.60,USD,US,mobile,D-470,2025-12-21T11:42:00,M-026,JPM
T-6429,CU-329,355.84,USD,US,web,D-329,2025-12-21T11:42:00,M-015,BAC
T-6958,CU-096,2906.96,USD,CO,web,D-096,2025-12-21T12:00:00,M-032,BOG
T-5853,CU-130,2095.32,USD,US,mobile,D-130,2025-12-21T12:00:00,M-017,WFC
T-6639,CU-996,203.30,USD,AR,web,D-996,2025-12-21T12:01:00,M-028,SAN
T-7600,CU-663,1507.60,USD,CL,mobile,D-663,2025-12-21T12:01:00,M-026,SAN
T-7937,CU-701,348.47,USD,CL,web,D-701,2025-12-21T12:01:00,M-044,BCI
T-6640,CU-996,442.91,USD,AR,web,D-996,2025-12-21T12:02:00,M-028,SAN
T-7938,CU-701,510.34,USD,CL,web,D-701,2025-12-21T12:02:00,M-044,BCI
T-7601,CU-663,815.27,USD,CL,mobile,D-663,2025-12-21T12:02:00,M-026,SAN
T-7939,CU-701,201.20,USD,CL,web,D-701,2025-12-21T12:03:00,M-044,BCI
T-7602,CU-663,807.06,USD,CL,mobile,D-663,2025-12-21T12:03:00,M-026,SAN
T-6641,CU-996,615.78,USD,AR,web,D-996,2025-12-21T12:03:00,M-028,SAN
T-6642,CU-996,557.67,USD,AR,web,D-996,2025-12-21T12:04:00,M-028,SAN
T-7603,CU-663,851.36,USD,CL,mobile,D-663,2025-12-21T12:04:00,M-026,SAN
T-7940,CU-701,309.11,USD,CL,web,D-701,2025-12-21T12:04:00,M-044,BCI
T-5557,CU-917,2157.30,USD,CO,mobile,D-917,2025-12-21T12:07:00,M-022,DAV
T-1846,CU-349,1755.98,PEN,PE,mobile,D-349,2025-12-21T12:11:00,M-020,BCP
T-4916,CU-498,699.16,USD,AR,mobile,D-498,2025-12-21T12:13:00,M-015,GAL
T-2283,CU-405,2569.31,USD,CO,mobile,D-405,2025-12-21T12:20:00,M-001,DAV
T-2906,CU-609,3309.77,USD,AR,mobile,D-609,2025-12-21T12:26:00,M-038,BNA
T-6868,CU-203,1314.83,USD,AR,web,D-203,2025-12-21T12:26:00,M-024,GAL
T-6862,CU-770,6509.68,USD,US,web,D-770,2025-12-21T12:29:00,M-048,BAC
T-6548,CU-548,2665.20,USD,CO,mobile,D-548,2025-12-21T12:37:00,M-041,DAV
T-7759,CU-994,4238.61,USD,US,mobile,D-994,2025-12-21T12:39:00,M-030,JPM
T-7464,CU-722,3908.85,USD,CL,mobile,D-722,2025-12-21T12:40:00,M-041,BCI
T-4427,CU-852,856.49,USD,AR,mobile,D-852,2025-12-21T12:46:00,M-040,SAN
T-6475,CU-908,4154.67,USD,CL,mobile,D-908,2025-12-21T12:47:00,M-042,SAN
T-2890,CU-670,6109.53,USD,ES,mobile,D-670,2025-12-21T12:52:00,M-019,SAN
T-3749,CU-120,1064.67,PEN,PE,mobile,D-120,2025-12-21T12:58:00,M-013,IBK
T-5132,CU-400,4454.64,PEN,PE,web,D-400,2025-12-21T13:08:00,M-041,IBK
T-6299,CU-338,2097.84,PEN,PE,web,D-338,2025-12-21T13:29:00,M-019,BCP
T-5424,CU-094,3263.44,USD,AR,mobile,D-094,2025-12-21T13:30:00,M-036,GAL
T-1082,CU-756,1223.61,USD,CL,mobile,D-756,2025-12-21T13:32:00,M-007,SAN
T-3093,CU-804,3651.04,USD,CO,web,D-804,2025-12-21T13:34:00,M-037,BAN
T-6026,CU-670,6104.11,USD,ES,mobile,D-670,2025-12-21T13:36:00,M-023,SAN
T-3348,CU-223,3168.29,PEN,PE,web,D-223,2025-12-21T13:45:00,M-045,IBK
T-1173,CU-289,2658.55,USD,CL,mobile,D-289,2025-12-21T13:46:00,M-036,BCI
T-4223,CU-652,6408.66,USD,CO,web,D-652,2025-12-21T13:50:00,M-038,DAV
T-4420,CU-464,351.12,USD,ES,mobile,D-464,2025-12-21T13:55:00,M-035,CABK
T-5172,CU-262,3458.44,USD,ES,web,D-262,2025-12-21T13:59:00,M-004,BBVA
T-1348,CU-754,0.50,USD,US,web,D-999625,2025-12-21T14:00:00,M-036,BAC
T-1995,CU-416,2675.95,USD,CL,web,D-416,2025-12-21T14:00:00,M-033,SAN
T-5502,CU-582,0.50,USD,AR,web,D-999728,2025-12-21T14:00:00,M-026,GAL
T-5861,CU-256,0.50,USD,CO,mobile,D-999252,2025-12-21T14:00:00,M-033,BAN
T-1112,CU-617,927.60,USD,ES,web,D-617,2025-12-21T14:00:00,M-002,BBVA
T-5862,CU-256,0.50,USD,CO,mobile,D-999252,2025-12-21T14:02:00,M-010,BAN
T-5503,CU-582,0.50,USD,AR,web,D-999728,2025-12-21T14:02:00,M-001,GAL
T-1349,CU-754,0.50,USD,US,web,D-999625,2025-12-21T14:02:00,M-008,BAC
T-1350,CU-754,13727.44,USD,US,web,D-999625,2025-12-21T14:06:00,M-040,BAC
T-5863,CU-256,11090.48,USD,CO,mobile,D-999252,2025-12-21T14:06:00,M-030,BAN
T-5504,CU-582,16619.48,USD,AR,web,D-999728,2025-12-21T14:06:00,M-017,GAL
T-4891,CU-618,5115.12,USD,US,mobile,D-618,2025-12-21T14:10:00,M-003,BAC
T-1466,CU-046,6183.00,USD,RU,mobile,D-999229,2025-12-21T14:13:00,M-008,BBVA
T-6608,CU-054,4394.36,USD,US,web,D-054,2025-12-21T14:18:00,M-038,JPM
T-4611,CU-470,1749.23,USD,US,mobile,D-470,2025-12-21T14:19:00,M-036,JPM
T-6798,CU-681,1813.07,USD,CL,web,D-681,2025-12-21T14:20:00,M-036,BCI
T-1236,CU-833,3106.90,USD,CL,web,D-833,2025-12-21T14:21:00,M-018,SAN
T-2497,CU-722,5656.22,USD,CL,mobile,D-722,2025-12-21T14:22:00,M-030,BCI
T-7749,CU-699,665.98,USD,US,web,D-699,2025-12-21T14:22:00,M-045,WFC
T-5813,CU-966,1174.45,PEN,PE,mobile,D-966,2025-12-21T14:23:00,M-041,IBK
T-3789,CU-567,4534.58,USD,CO,mobile,D-567,2025-12-21T14:25:00,M-022,BOG
T-3907,CU-759,633.08,USD,CL,web,D-759,2025-12-21T14:27:00,M-003,BCI
T-7779,CU-041,1884.97,USD,AR,web,D-041,2025-12-21T14:28:00,M-025,BNA
T-5401,CU-191,462.76,USD,CL,web,D-191,2025-12-21T14:34:00,M-036,SAN
T-1417,CU-333,3931.35,USD,CL,web,D-333,2025-12-21T14:35:00,M-002,BCH
T-6667,CU-035,3049.16,USD,ES,web,D-035,2025-12-21T14:36:00,M-028,CABK
T-7100,CU-823,1749.09,USD,MX,web,D-823,2025-12-21T14:40:00,M-022,BAN
T-2851,CU-542,2464.49,USD,ES,mobile,D-542,2025-12-21T14:42:00,M-009,BBVA
T-2948,CU-755,5660.92,PEN,PE,web,D-755,2025-12-21T14:46:00,M-032,BCP
T-6425,CU-208,1705.67,USD,CL,web,D-208,2025-12-21T14:55:00,M-014,BCI
T-1702,CU-526,2103.22,USD,CL,mobile,D-526,2025-12-21T14:55:00,M-012,SAN
T-1043,CU-948,1370.99,PEN,PE,web,D-948,2025-12-21T15:03:00,M-034,BCP
T-5812,CU-243,6318.22,PEN,PE,mobile,D-243,2025-12-21T15:05:00,M-032,IBK
T-7149,CU-967,705.36,USD,CL,web,D-967,2025-12-21T15:12:00,M-012,SAN
T-1990,CU-980,1286.96,USD,CO,mobile,D-980,2025-12-21T15:17:00,M-021,BOG
T-1925,CU-173,4878.15,USD,MX,mobile,D-173,2025-12-21T15:28:00,M-023,BBVA
T-5192,CU-358,6466.75,USD,MX,mobile,D-358,2025-12-21T15:30:00,M-001,BAN
T-1090,CU-969,813.89,USD,AR,mobile,D-969,2025-12-21T15:39:00,M-025,GAL
T-1363,CU-386,1260.01,PEN,PE,web,D-386,2025-12-21T15:39:00,M-037,BCP
T-7596,CU-407,5429.27,USD,ES,web,D-407,2025-12-21T15:40:00,M-030,SAN
T-6361,CU-201,2042.67,USD,US,web,D-201,2025-12-21T15:43:00,M-046,JPM
T-2978,CU-070,4281.51,USD,CO,web,D-070,2025-12-21T15:44:00,M-034,DAV
T-7458,CU-731,3067.11,USD,CO,mobile,D-731,2025-12-21T15:47:00,M-035,BOG
T-5134,CU-720,1370.69,PEN,PE,web,D-720,2025-12-21T15:50:00,M-015,BBVA
T-6149,CU-849,2011.51,USD,CL,mobile,D-849,2025-12-21T15:54:00,M-034,BCH
T-2785,CU-262,4054.30,USD,ES,web,D-262,2025-12-21T15:55:00,M-042,BBVA
T-3263,CU-478,2605.13,USD,AR,web,D-478,2025-12-21T15:55:00,M-006,SAN
T-6388,CU-962,2179.60,PEN,PE,web,D-962,2025-12-21T16:00:00,M-002,IBK
T-1103,CU-242,468.72,USD,US,web,D-242,2025-12-21T16:00:00,M-018,WFC
T-5615,CU-947,5564.62,USD,ES,mobile,D-947,2025-12-21T16:07:00,M-015,SAN
T-6195,CU-742,2512.47,USD,CL,mobile,D-742,2025-12-21T16:09:00,M-043,BCH
T-2200,CU-818,95.24,USD,RU,mobile,D-999543,2025-12-21T16:13:00,M-047,BNA
T-3910,CU-456,3705.30,USD,CO,mobile,D-456,2025-12-21T16:17:00,M-009,DAV
T-6605,CU-799,1088.60,PEN,PE,web,D-799,2025-12-21T16:17:00,M-032,IBK
T-1513,CU-120,1036.01,PEN,PE,mobile,D-120,2025-12-21T16:20:00,M-046,IBK
T-3107,CU-153,1266.25,USD,AR,web,D-153,2025-12-21T16:23:00,M-048,GAL
T-5205,CU-756,1124.81,USD,CL,mobile,D-756,2025-12-21T16:23:00,M-018,SAN
T-3915,CU-363,6982.06,USD,AR,web,D-363,2025-12-21T16:27:00,M-003,SAN
T-6209,CU-909,974.86,USD,MX,web,D-909,2025-12-21T16:27:00,M-010,SAN
T-3783,CU-930,3599.92,PEN,PE,mobile,D-930,2025-12-21T16:28:00,M-023,IBK
T-6781,CU-555,1706.51,USD,MX,web,D-555,2025-12-21T16:29:00,M-024,BBVA
T-7966,CU-464,278.02,USD,ES,mobile,D-464,2025-12-21T16:29:00,M-007,CABK
T-4840,CU-406,509.28,USD,CO,mobile,D-406,2025-12-21T16:32:00,M-019,BOG
T-6035,CU-208,944.56,USD,CL,web,D-208,2025-12-21T16:41:00,M-010,BCI
T-1292,CU-907,1018.88,USD,MX,web,D-907,2025-12-21T16:43:00,M-048,SAN
T-7549,CU-703,3401.25,USD,CO,web,D-703,2025-12-21T16:44:00,M-047,BAN
T-6305,CU-016,5760.03,USD,AR,mobile,D-016,2025-12-21T16:47:00,M-025,SAN
T-3900,CU-436,1389.21,USD,ES,mobile,D-436,2025-12-21T16:49:00,M-034,SAN
T-7274,CU-014,985.75,USD,MX,mobile,D-014,2025-12-21T16:49:00,M-003,BBVA
T-4358,CU-713,4007.78,USD,US,web,D-713,2025-12-21T17:00:00,M-016,JPM
T-2153,CU-082,3977.45,USD,CL,web,D-082,2025-12-21T17:01:00,M-022,BCI
T-6808,CU-609,4790.69,USD,AR,mobile,D-609,2025-12-21T17:05:00,M-048,BNA
T-2427,CU-894,1421.13,USD,US,web,D-894,2025-12-21T17:12:00,M-026,WFC
T-2744,CU-553,2449.11,PEN,PE,web,D-553,2025-12-21T17:15:00,M-048,IBK
T-5895,CU-379,2635.57,USD,AR,mobile,D-379,2025-12-21T17:22:00,M-002,BNA
T-5583,CU-934,3924.79,USD,MX,web,D-934,2025-12-21T17:35:00,M-033,SAN
T-2568,CU-783,1366.99,USD,MX,web,D-783,2025-12-21T17:40:00,M-034,SAN
T-7442,CU-788,3197.02,USD,CL,mobile,D-788,2025-12-21T17:40:00,M-020,BCI
T-7519,CU-379,2137.41,USD,AR,mobile,D-379,2025-12-21T17:40:00,M-019,BNA
T-2239,CU-793,553.64,PEN,PE,mobile,D-793,2025-12-21T17:40:00,M-009,BCP
T-1771,CU-106,2366.66,PEN,PE,mobile,D-106,2025-12-21T17:45:00,M-009,BBVA
T-4640,CU-282,86.08,USD,AR,mobile,D-282,2025-12-21T17:47:00,M-032,BNA
T-2590,CU-896,3324.44,USD,AR,web,D-896,2025-12-21T17:47:00,M-048,SAN
T-7906,CU-686,4025.16,USD,US,mobile,D-686,2025-12-21T17:48:00,M-043,JPM
T-1525,CU-389,284.51,USD,ES,web,D-389,2025-12-21T17:49:00,M-008,BBVA
T-2754,CU-710,924.21,USD,US,mobile,D-710,2025-12-21T17:51:00,M-002,WFC
T-4988,CU-107,9353.71,USD,MX,mobile,D-107,2025-12-21T18:00:00,M-045,BAN
T-3770,CU-213,2359.23,PEN,PE,mobile,D-213,2025-12-21T18:01:00,M-003,IBK
T-1317,CU-901,3482.54,USD,CO,web,D-901,2025-12-21T18:05:00,M-002,DAV
T-3773,CU-745,2065.42,USD,ES,mobile,D-745,2025-12-21T18:09:00,M-027,SAN
T-3799,CU-040,1231.10,USD,MX,web,D-040,2025-12-21T18:15:00,M-014,SAN
T-6290,CU-306,1466.23,USD,MX,mobile,D-306,2025-12-21T18:16:00,M-041,BAN
T-6942,CU-054,6253.33,USD,US,web,D-054,2025-12-21T18:22:00,M-041,JPM
T-5364,CU-627,2467.72,USD,US,web,D-627,2025-12-21T18:24:00,M-017,WFC
T-4426,CU-524,2078.58,USD,AR,web,D-524,2025-12-21T18:29:00,M-041,SAN
T-6753,CU-518,2114.92,USD,CL,web,D-518,2025-12-21T18:29:00,M-012,BCI
T-1109,CU-374,929.87,PEN,PE,web,D-374,2025-12-21T18:30:00,M-026,BBVA
T-4987,CU-645,252.86,PEN,PE,web,D-645,2025-12-21T18:32:00,M-039,BCP
T-4757,CU-168,2783.23,USD,CL,mobile,D-168,2025-12-21T18:36:00,M-043,BCI
T-2223,CU-155,3396.12,USD,ES,mobile,D-155,2025-12-21T18:50:00,M-037,BBVA
T-1320,CU-612,1256.98,PEN,PE,web,D-612,2025-12-21T18:53:00,M-016,BCP
T-1099,CU-617,677.44,USD,ES,web,D-617,2025-12-21T18:56:00,M-043,BBVA
T-7077,CU-556,609.22,USD,CL,web,D-556,2025-12-21T19:00:00,M-028,BCH
T-3905,CU-931,844.13,USD,MX,web,D-931,2025-12-21T19:00:00,M-028,BBVA
T-6469,CU-156,850.52,USD,ES,web,D-156,2025-12-21T19:00:00,M-038,CABK
T-2166,CU-493,3965.79,USD,US,mobile,D-493,2025-12-21T19:04:00,M-035,BAC
T-1465,CU-071,596.07,USD,AR,web,D-071,2025-12-21T19:11:00,M-007,SAN
T-5339,CU-829,1974.33,USD,CO,web,D-829,2025-12-21T19:11:00,M-035,DAV
T-1385,CU-134,2871.89,USD,US,web,D-134,2025-12-21T19:12:00,M-018,WFC
T-1087,CU-069,111.07,USD,US,mobile,D-069,2025-12-21T19:17:00,M-035,BAC
T-1613,CU-462,2782.65,USD,US,web,D-462,2025-12-21T19:27:00,M-033,JPM
T-7638,CU-979,6082.47,USD,US,web,D-979,2025-12-21T19:38:00,M-050,BAC
T-3313,CU-414,2149.56,USD,US,web,D-414,2025-12-21T19:40:00,M-005,JPM
T-2742,CU-646,725.23,USD,AR,web,D-646,2025-12-21T19:42:00,M-018,GAL
T-5834,CU-333,2053.57,USD,CL,web,D-333,2025-12-21T19:46:00,M-048,BCH
T-2922,CU-567,3695.46,USD,CO,mobile,D-567,2025-12-21T19:50:00,M-046,BOG
T-3650,CU-351,4433.98,USD,MX,web,D-351,2025-12-21T19:51:00,M-011,BAN
T-1885,CU-283,4556.38,USD,MX,mobile,D-283,2025-12-21T19:53:00,M-037,BAN
T-7888,CU-743,3965.33,USD,AR,web,D-743,2025-12-21T19:55:00,M-026,GAL
T-6448,CU-414,2938.70,USD,US,web,D-414,2025-12-21T19:56:00,M-030,JPM
T-3189,CU-878,770.00,USD,CL,mobile,D-878,2025-12-21T19:58:00,M-033,BCI
T-7961,CU-167,611.55,USD,AR,mobile,D-167,2025-12-21T20:00:00,M-999,BNA
T-3527,CU-336,984.99,USD,ES,mobile,D-336,2025-12-21T20:02:00,M-049,SAN
T-4962,CU-807,732.20,USD,MX,mobile,D-807,2025-12-21T20:14:00,M-036,BBVA
T-5219,CU-701,915.65,USD,CL,web,D-701,2025-12-21T20:21:00,M-016,BCI
T-5843,CU-478,1681.07,USD,AR,web,D-478,2025-12-21T20:28:00,M-039,SAN
T-1969,CU-223,1744.77,PEN,PE,web,D-223,2025-12-21T20:40:00,M-015,IBK
T-7558,CU-892,3225.46,USD,AR,mobile,D-892,2025-12-21T20:47:00,M-038,BNA
T-6360,CU-078,926.01,USD,US,web,D-078,2025-12-21T21:00:00,M-999,BAC
T-3125,CU-527,2109.32,USD,AR,web,D-527,2025-12-21T21:08:00,M-020,GAL
T-1224,CU-855,2020.32,USD,AR,mobile,D-855,2025-12-21T21:20:00,M-045,GAL
T-6828,CU-508,620.48,USD,CL,mobile,D-508,2025-12-21T21:22:00,M-010,BCI
T-2241,CU-829,757.94,USD,CO,web,D-829,2025-12-21T21:23:00,M-050,DAV
T-4270,CU-559,2715.34,USD,AR,mobile,D-559,2025-12-21T21:30:00,M-008,SAN
T-6411,CU-683,1330.35,PEN,PE,web,D-683,2025-12-21T21:38:00,M-034,BBVA
T-4489,CU-286,587.00,PEN,PE,mobile,D-286,2025-12-21T21:49:00,M-036,BCP
T-2777,CU-092,2627.61,USD,CO,web,D-092,2025-12-21T21:51:00,M-021,BOG
T-5159,CU-239,2930.41,PEN,PE,web,D-239,2025-12-21T21:56:00,M-026,BCP
T-3208,CU-718,3728.98,USD,CO,web,D-718,2025-12-21T22:01:00,M-031,BAN
T-4738,CU-215,3603.03,USD,CL,mobile,D-215,2025-12-21T22:02:00,M-026,SAN
T-1216,CU-250,6603.83,USD,ES,mobile,D-250,2025-12-21T22:08:00,M-048,BBVA
T-1335,CU-138,1551.44,USD,CO,mobile,D-138,2025-12-21T22:35:00,M-023,BOG
T-1870,CU-565,6792.48,USD,US,web,D-565,2025-12-21T22:42:00,M-018,JPM
T-1427,CU-010,16506.87,USD,CO,web,D-010,2025-12-22T01:08:00,M-017,BOG
T-7487,CU-105,2022.27,USD,MX,mobile,D-105,2025-12-22T06:15:00,M-046,BBVA
T-2233,CU-508,2749.79,USD,CL,mobile,D-508,2025-12-22T07:00:00,M-021,BCI
T-1732,CU-316,3362.10,USD,CL,mobile,D-316,2025-12-22T07:00:00,M-026,SAN
T-2473,CU-813,3068.09,PEN,PE,web,D-813,2025-12-22T07:29:00,M-009,BCP
T-2206,CU-695,1289.02,USD,ES,mobile,D-695,2025-12-22T07:46:00,M-014,CABK
T-5437,CU-833,5071.22,USD,CL,web,D-833,2025-12-22T07:50:00,M-013,SAN
T-3040,CU-560,1084.18,USD,US,web,D-560,2025-12-22T07:58:00,M-029,BAC
T-6858,CU-194,5523.93,USD,US,web,D-194,2025-12-22T07:59:00,M-039,JPM
T-4310,CU-445,1405.26,PEN,PE,mobile,D-445,2025-12-22T08:00:00,M-003,IBK
T-6085,CU-739,2486.48,PEN,PE,web,D-739,2025-12-22T08:04:00,M-047,BBVA
T-1958,CU-997,488.89,USD,CO,web,D-997,2025-12-22T08:23:00,M-039,BOG
T-5375,CU-534,4822.78,USD,ES,web,D-534,2025-12-22T08:24:00,M-020,CABK
T-2649,CU-361,3587.96,USD,CL,mobile,D-361,2025-12-22T08:31:00,M-040,SAN
T-7075,CU-446,849.93,USD,MX,web,D-446,2025-12-22T08:32:00,M-043,SAN
T-1689,CU-890,1796.60,USD,CO,web,D-890,2025-12-22T08:40:00,M-012,DAV
T-2864,CU-368,1828.29,USD,US,web,D-368,2025-12-22T08:44:00,M-016,BAC
T-3500,CU-979,2810.73,USD,US,web,D-979,2025-12-22T08:45:00,M-041,BAC
T-7229,CU-373,5524.55,USD,US,web,D-373,2025-12-22T08:48:00,M-023,BAC
T-3868,CU-659,2022.11,USD,AR,web,D-659,2025-12-22T08:51:00,M-027,SAN
T-3149,CU-444,7293.72,USD,MX,web,D-444,2025-12-22T09:00:00,M-023,BBVA
T-3403,CU-322,8304.43,USD,AR,web,D-322,2025-12-22T09:00:00,M-001,SAN
T-4407,CU-108,258.73,USD,CL,web,D-108,2025-12-22T09:00:00,M-019,BCI
T-6413,CU-465,896.09,USD,AR,web,D-465,2025-12-22T09:01:00,M-042,SAN
T-4797,CU-869,4814.62,USD,US,mobile,D-869,2025-12-22T09:01:00,M-020,WFC
T-2058,CU-565,2275.41,USD,US,web,D-565,2025-12-22T09:04:00,M-010,JPM
T-2889,CU-954,4817.27,PEN,PE,mobile,D-954,2025-12-22T09:12:00,M-003,IBK
T-6386,CU-988,4382.34,USD,US,mobile,D-988,2025-12-22T09:12:00,M-044,BAC
T-1359,CU-266,2509.22,USD,ES,web,D-266,2025-12-22T09:22:00,M-047,BBVA
T-1826,CU-698,1116.79,USD,US,web,D-698,2025-12-22T09:33:00,M-011,WFC
T-1781,CU-330,2857.93,USD,CO,web,D-330,2025-12-22T09:42:00,M-019,BAN
T-7820,CU-242,690.96,USD,US,web,D-242,2025-12-22T10:00:00,M-999,WFC
T-5444,CU-188,5773.34,USD,ES,web,D-188,2025-12-22T10:02:00,M-008,SAN
T-3575,CU-018,1317.25,USD,ES,mobile,D-018,2025-12-22T10:02:00,M-029,BBVA
T-5721,CU-964,421.90,USD,CL,web,D-964,2025-12-22T10:03:00,M-047,BCI
T-6189,CU-566,4186.51,USD,CO,mobile,D-566,2025-12-22T10:07:00,M-047,BOG
T-3470,CU-483,3781.05,USD,AR,web,D-483,2025-12-22T10:30:00,M-034,BNA
T-1956,CU-667,5548.34,USD,CO,mobile,D-667,2025-12-22T10:30:00,M-003,BOG
T-3350,CU-914,1261.73,USD,US,mobile,D-914,2025-12-22T10:35:00,M-018,JPM
T-4549,CU-824,1401.35,USD,CO,web,D-824,2025-12-22T10:36:00,M-031,DAV
T-1528,CU-890,2855.60,USD,CO,web,D-890,2025-12-22T10:50:00,M-039,DAV
T-3404,CU-322,8304.43,USD,AR,web,D-322,2025-12-22T11:00:00,M-001,SAN
T-3150,CU-444,7293.72,USD,MX,web,D-444,2025-12-22T11:00:00,M-023,BBVA
T-3960,CU-594,798.59,PEN,PE,web,D-594,2025-12-22T11:00:00,M-999,BCP
T-2194,CU-095,533.14,USD,ES,mobile,D-095,2025-12-22T11:03:00,M-001,SAN
T-5119,CU-149,4455.29,USD,US,mobile,D-149,2025-12-22T11:03:00,M-006,JPM
T-6018,CU-497,4548.36,USD,AR,mobile,D-497,2025-12-22T11:07:00,M-003,GAL
T-6502,CU-622,2314.61,USD,US,mobile,D-622,2025-12-22T11:11:00,M-042,WFC
T-3441,CU-684,3418.10,USD,US,mobile,D-684,2025-12-22T11:15:00,M-021,WFC
T-3270,CU-005,4411.14,USD,ES,web,D-005,2025-12-22T11:21:00,M-015,SAN
T-3772,CU-113,4283.70,USD,US,mobile,D-113,2025-12-22T11:22:00,M-025,WFC
T-3152,CU-773,4541.20,USD,MX,web,D-773,2025-12-22T11:23:00,M-036,BAN
T-5852,CU-595,5650.64,USD,AR,web,D-595,2025-12-22T11:23:00,M-010,SAN
T-3854,CU-379,2883.00,USD,AR,mobile,D-379,2025-12-22T11:25:00,M-012,BNA
T-6664,CU-614,478.99,PEN,PE,mobile,D-614,2025-12-22T11:26:00,M-008,BCP
T-5180,CU-816,1653.48,USD,US,mobile,D-816,2025-12-22T11:31:00,M-012,BAC
T-7005,CU-458,5242.43,USD,ES,web,D-458,2025-12-22T11:32:00,M-008,SAN
T-4656,CU-611,2784.61,USD,MX,web,D-611,2025-12-22T11:35:00,M-007,SAN
T-2188,CU-532,1625.23,USD,US,web,D-532,2025-12-22T11:43:00,M-050,WFC
T-5361,CU-033,4429.58,USD,AR,mobile,D-033,2025-12-22T11:47:00,M-004,GAL
T-2745,CU-873,2142.66,USD,ES,web,D-873,2025-12-22T11:50:00,M-010,CABK
T-2161,CU-375,1994.13,USD,AR,mobile,D-375,2025-12-22T11:56:00,M-042,BNA
T-6888,CU-675,1829.98,USD,CL,mobile,D-675,2025-12-22T11:59:00,M-028,BCI
T-6114,CU-274,2707.67,USD,CL,web,D-274,2025-12-22T12:00:00,M-024,SAN
T-7203,CU-354,142.21,USD,MX,mobile,D-354,2025-12-22T12:01:00,M-045,BAN
T-2964,CU-960,324.63,USD,CO,web,D-960,2025-12-22T12:01:00,M-004,BAN
T-7204,CU-354,283.83,USD,MX,mobile,D-354,2025-12-22T12:02:00,M-045,BAN
T-2965,CU-960,799.19,USD,CO,web,D-960,2025-12-22T12:02:00,M-004,BAN
T-7205,CU-354,366.15,USD,MX,mobile,D-354,2025-12-22T12:03:00,M-045,BAN
T-2966,CU-960,581.07,USD,CO,web,D-960,2025-12-22T12:03:00,M-004,BAN
T-2967,CU-960,495.09,USD,CO,web,D-960,2025-12-22T12:04:00,M-004,BAN
T-7206,CU-354,288.49,USD,MX,mobile,D-354,2025-12-22T12:04:00,M-045,BAN
T-3572,CU-557,2074.14,USD,CO,mobile,D-557,2025-12-22T12:09:00,M-011,BAN
T-2665,CU-209,1286.34,USD,US,web,D-209,2025-12-22T12:16:00,M-022,WFC
T-6536,CU-584,559.18,USD,AR,mobile,D-584,2025-12-22T12:16:00,M-016,SAN
T-5811,CU-213,3981.49,PEN,PE,mobile,D-213,2025-12-22T12:19:00,M-002,IBK
T-3200,CU-383,441.29,USD,CL,web,D-383,2025-12-22T12:20:00,M-006,SAN
T-2667,CU-877,528.95,USD,MX,mobile,D-877,2025-12-22T12:23:00,M-036,SAN
T-7447,CU-395,2694.15,USD,MX,mobile,D-395,2025-12-22T12:27:00,M-004,BAN
T-6863,CU-531,6167.49,USD,CL,web,D-531,2025-12-22T12:32:00,M-050,BCI
T-3717,CU-263,3086.10,USD,AR,web,D-263,2025-12-22T12:39:00,M-019,GAL
T-3566,CU-439,2836.79,USD,AR,web,D-439,2025-12-22T12:45:00,M-027,GAL
T-4389,CU-813,4948.06,PEN,PE,web,D-813,2025-12-22T12:46:00,M-029,BCP
T-7197,CU-453,1416.66,USD,CO,mobile,D-453,2025-12-22T12:50:00,M-040,DAV
T-7840,CU-308,3219.19,USD,ES,mobile,D-308,2025-12-22T12:51:00,M-011,BBVA
T-3795,CU-079,6450.49,USD,ES,mobile,D-079,2025-12-22T12:54:00,M-021,CABK
T-3151,CU-444,7293.72,USD,MX,web,D-444,2025-12-22T13:00:00,M-023,BBVA
T-2902,CU-153,2021.22,USD,AR,web,D-153,2025-12-22T13:00:00,M-021,GAL
T-3405,CU-322,8304.43,USD,AR,web,D-322,2025-12-22T13:00:00,M-001,SAN
T-3499,CU-662,3395.92,USD,US,mobile,D-662,2025-12-22T13:03:00,M-032,BAC
T-7538,CU-168,3863.62,USD,CL,mobile,D-168,2025-12-22T13:06:00,M-044,BCI
T-7314,CU-441,1664.44,USD,ES,web,D-441,2025-12-22T13:14:00,M-031,SAN
T-3550,CU-784,1251.71,PEN,PE,web,D-784,2025-12-22T13:22:00,M-036,IBK
T-2527,CU-123,819.12,USD,CO,web,D-123,2025-12-22T13:25:00,M-007,BAN
T-6759,CU-323,4199.72,USD,US,web,D-323,2025-12-22T13:26:00,M-002,WFC
T-7199,CU-434,1368.35,USD,US,web,D-434,2025-12-22T13:30:00,M-041,JPM
T-7189,CU-079,6354.69,USD,ES,mobile,D-079,2025-12-22T13:31:00,M-009,CABK
T-5265,CU-326,5591.39,USD,ES,web,D-326,2025-12-22T13:33:00,M-040,SAN
T-5653,CU-743,5483.90,USD,AR,web,D-743,2025-12-22T13:39:00,M-033,GAL
T-1937,CU-941,165.16,USD,AR,mobile,D-941,2025-12-22T13:41:00,M-004,GAL
T-7641,CU-099,1566.80,USD,AR,web,D-099,2025-12-22T13:42:00,M-028,SAN
T-1736,CU-803,2694.42,USD,ES,mobile,D-803,2025-12-22T13:54:00,M-011,CABK
T-7617,CU-554,1503.09,USD,US,mobile,D-554,2025-12-22T13:56:00,M-032,BAC
T-6593,CU-219,0.50,USD,CL,web,D-999741,2025-12-22T14:00:00,M-007,SAN
T-1154,CU-960,0.50,USD,CO,web,D-999433,2025-12-22T14:00:00,M-028,BAN
T-7410,CU-254,0.50,USD,CO,web,D-999577,2025-12-22T14:00:00,M-001,DAV
T-6594,CU-219,0.50,USD,CL,web,D-999741,2025-12-22T14:02:00,M-016,SAN
T-7411,CU-254,0.50,USD,CO,web,D-999577,2025-12-22T14:02:00,M-034,DAV
T-4006,CU-231,4804.09,USD,AR,mobile,D-231,2025-12-22T14:02:00,M-037,GAL
T-1155,CU-960,0.50,USD,CO,web,D-999433,2025-12-22T14:02:00,M-027,BAN
T-3472,CU-418,3455.40,USD,CO,web,D-418,2025-12-22T14:03:00,M-014,BAN
T-3298,CU-484,6765.61,USD,CO,web,D-484,2025-12-22T14:03:00,M-048,DAV
T-1473,CU-465,1727.68,USD,AR,web,D-465,2025-12-22T14:04:00,M-048,SAN
T-1156,CU-960,12154.20,USD,CO,web,D-999433,2025-12-22T14:06:00,M-010,BAN
T-6595,CU-219,11140.00,USD,CL,web,D-999741,2025-12-22T14:06:00,M-024,SAN
T-7412,CU-254,4857.24,USD,CO,web,D-999577,2025-12-22T14:06:00,M-020,DAV
T-6244,CU-040,917.84,USD,MX,web,D-040,2025-12-22T14:08:00,M-046,SAN
T-3231,CU-160,2967.40,USD,AR,mobile,D-160,2025-12-22T14:10:00,M-026,SAN
T-4165,CU-877,807.06,USD,MX,mobile,D-877,2025-12-22T14:13:00,M-015,SAN
T-5701,CU-131,170.56,USD,MX,mobile,D-131,2025-12-22T14:23:00,M-011,SAN
T-2130,CU-473,1848.43,USD,CO,mobile,D-473,2025-12-22T14:24:00,M-029,BAN
T-7053,CU-622,4789.31,USD,US,mobile,D-622,2025-12-22T14:32:00,M-026,WFC
T-2598,CU-011,391.53,USD,ES,web,D-011,2025-12-22T14:34:00,M-044,CABK
T-2791,CU-139,1368.04,PEN,PE,mobile,D-139,2025-12-22T14:35:00,M-017,IBK
T-2693,CU-546,2312.13,PEN,PE,mobile,D-546,2025-12-22T14:37:00,M-027,IBK
T-6252,CU-487,1987.92,USD,CO,web,D-487,2025-12-22T14:39:00,M-036,BAN
T-5589,CU-431,5528.77,USD,ES,web,D-431,2025-12-22T14:41:00,M-039,BBVA
T-6944,CU-948,1374.29,PEN,PE,web,D-948,2025-12-22T14:52:00,M-050,BCP
T-7733,CU-346,6254.75,USD,US,mobile,D-346,2025-12-22T14:56:00,M-036,WFC
T-5713,CU-316,3654.31,USD,CL,mobile,D-316,2025-12-22T14:58:00,M-013,SAN
T-2529,CU-752,13380.89,USD,US,mobile,D-752,2025-12-22T15:00:00,M-009,BAC
T-7915,CU-281,7281.06,USD,US,web,D-281,2025-12-22T15:00:00,M-011,BAC
T-6972,CU-435,3279.78,USD,CL,web,D-435,2025-12-22T15:08:00,M-014,SAN
T-3969,CU-134,2128.57,USD,US,web,D-134,2025-12-22T15:10:00,M-007,WFC
T-6403,CU-424,6752.27,USD,CL,web,D-424,2025-12-22T15:25:00,M-027,SAN
T-3702,CU-124,3249.74,PEN,PE,web,D-124,2025-12-22T15:35:00,M-020,BCP
T-3784,CU-545,2043.37,USD,CO,mobile,D-545,2025-12-22T15:40:00,M-010,DAV
T-1668,CU-351,2933.17,USD,MX,web,D-351,2025-12-22T15:44:00,M-041,BAN
T-2472,CU-589,2532.00,USD,US,mobile,D-589,2025-12-22T15:45:00,M-033,WFC
T-5355,CU-881,1027.08,USD,AR,mobile,D-881,2025-12-22T15:45:00,M-023,GAL
T-5232,CU-565,2450.21,USD,US,web,D-565,2025-12-22T15:50:00,M-047,JPM
T-6562,CU-042,4926.18,USD,US,mobile,D-042,2025-12-22T15:51:00,M-013,JPM
T-1460,CU-284,2806.12,USD,CL,web,D-284,2025-12-22T15:52:00,M-036,BCH
T-3731,CU-422,1377.25,USD,MX,web,D-422,2025-12-22T15:56:00,M-047,BAN
T-4458,CU-144,5400.87,USD,AR,mobile,D-144,2025-12-22T15:56:00,M-028,BNA
T-7541,CU-845,2821.59,USD,AR,mobile,D-845,2025-12-22T15:56:00,M-048,SAN
T-5860,CU-251,3380.57,USD,US,mobile,D-251,2025-12-22T15:59:00,M-018,JPM
T-2111,CU-135,1525.06,PEN,PE,web,D-135,2025-12-22T16:00:00,M-027,IBK
T-3317,CU-475,1790.09,USD,MX,web,D-475,2025-12-22T16:00:00,M-006,BBVA
T-2936,CU-908,4112.59,USD,CL,mobile,D-908,2025-12-22T16:00:00,M-027,SAN
T-3928,CU-142,2683.73,USD,AR,web,D-142,2025-12-22T16:00:00,M-031,GAL
T-5492,CU-239,2267.80,PEN,PE,web,D-239,2025-12-22T16:03:00,M-005,BCP
T-4411,CU-345,748.62,USD,AR,mobile,D-345,2025-12-22T16:06:00,M-024,SAN
T-6945,CU-985,2778.71,PEN,PE,web,D-985,2025-12-22T16:08:00,M-033,IBK
T-7616,CU-181,1049.71,USD,US,mobile,D-181,2025-12-22T16:13:00,M-028,WFC
T-1159,CU-889,2010.67,PEN,PE,mobile,D-889,2025-12-22T16:20:00,M-001,BBVA
T-3145,CU-012,2237.11,USD,AR,web,D-012,2025-12-22T16:26:00,M-024,SAN
T-4501,CU-553,2829.36,PEN,PE,web,D-553,2025-12-22T16:40:00,M-031,IBK
T-2367,CU-635,5321.74,USD,MX,web,D-635,2025-12-22T16:47:00,M-026,SAN
T-6172,CU-370,4127.29,PEN,PE,mobile,D-370,2025-12-22T16:51:00,M-015,BCP
T-4086,CU-624,4088.09,PEN,PE,mobile,D-624,2025-12-22T16:51:00,M-046,BBVA
T-3264,CU-881,1054.84,USD,AR,mobile,D-881,2025-12-22T17:00:00,M-999,GAL
T-3352,CU-431,5094.81,USD,ES,web,D-431,2025-12-22T17:00:00,M-013,BBVA
T-2232,CU-131,314.78,USD,MX,web,D-131,2025-12-22T17:00:00,M-025,SAN
T-1511,CU-580,6228.56,USD,CL,mobile,D-580,2025-12-22T17:03:00,M-017,SAN
T-4377,CU-815,1049.29,USD,AR,mobile,D-815,2025-12-22T17:04:00,M-015,SAN
T-6150,CU-296,2481.70,USD,CL,mobile,D-296,2025-12-22T17:13:00,M-004,BCI
T-7627,CU-170,1158.83,USD,CL,web,D-170,2025-12-22T17:13:00,M-013,BCH
T-2347,CU-675,1973.90,USD,CL,mobile,D-675,2025-12-22T17:13:00,M-035,BCI
T-1161,CU-213,3858.56,PEN,PE,mobile,D-213,2025-12-22T17:21:00,M-012,IBK
T-4910,CU-380,6637.59,USD,CO,web,D-380,2025-12-22T17:25:00,M-029,DAV
T-3743,CU-165,4230.04,USD,CO,web,D-165,2025-12-22T17:30:00,M-049,BAN
T-2989,CU-483,6747.18,USD,AR,web,D-483,2025-12-22T17:33:00,M-024,BNA
T-5393,CU-008,1090.26,PEN,PE,mobile,D-008,2025-12-22T17:35:00,M-002,BCP
T-2019,CU-090,2379.18,PEN,PE,web,D-090,2025-12-22T17:38:00,M-023,BBVA
T-3390,CU-234,626.60,USD,MX,web,D-234,2025-12-22T17:43:00,M-012,BBVA
T-4932,CU-504,2947.35,USD,ES,web,D-504,2025-12-22T17:45:00,M-009,SAN
T-2392,CU-017,1219.36,USD,ES,web,D-017,2025-12-22T17:49:00,M-027,CABK
T-6334,CU-604,2345.19,USD,AR,mobile,D-604,2025-12-22T17:50:00,M-033,GAL
T-1244,CU-475,1666.51,USD,MX,web,D-475,2025-12-22T17:50:00,M-024,BBVA
T-3059,CU-023,3979.95,PEN,PE,web,D-023,2025-12-22T17:55:00,M-024,BCP
T-1542,CU-514,3656.82,USD,US,mobile,D-514,2025-12-22T17:55:00,M-043,WFC
T-5559,CU-213,3149.12,PEN,PE,mobile,D-213,2025-12-22T17:55:00,M-004,IBK
T-6571,CU-038,5102.89,USD,CL,mobile,D-038,2025-12-22T18:00:00,M-037,BCH
T-5925,CU-008,1008.58,PEN,PE,mobile,D-008,2025-12-22T18:05:00,M-029,BCP
T-3254,CU-499,5211.66,PEN,PE,mobile,D-499,2025-12-22T18:05:00,M-044,BCP
T-3081,CU-741,2925.49,PEN,PE,web,D-741,2025-12-22T18:22:00,M-036,BCP
T-6620,CU-877,592.53,USD,MX,mobile,D-877,2025-12-22T18:25:00,M-011,SAN
T-1084,CU-095,501.25,USD,ES,mobile,D-095,2025-12-22T18:28:00,M-006,SAN
T-2887,CU-590,1209.57,USD,US,web,D-590,2025-12-22T18:29:00,M-030,JPM
T-1516,CU-909,1967.44,USD,MX,web,D-909,2025-12-22T18:31:00,M-049,SAN
T-1077,CU-955,2699.74,USD,ES,mobile,D-955,2025-12-22T18:32:00,M-039,SAN
T-2907,CU-291,363.18,USD,ES,mobile,D-291,2025-12-22T18:33:00,M-024,SAN
T-3245,CU-777,631.06,USD,AR,mobile,D-777,2025-12-22T18:33:00,M-041,BNA
T-3880,CU-301,2910.35,PEN,PE,web,D-301,2025-12-22T18:34:00,M-033,BBVA
T-4090,CU-031,2403.14,USD,AR,web,D-031,2025-12-22T18:35:00,M-019,BNA
T-6190,CU-408,386.03,USD,US,mobile,D-408,2025-12-22T18:36:00,M-020,JPM
T-7014,CU-884,3532.97,USD,CL,web,D-884,2025-12-22T18:37:00,M-013,BCH
T-5337,CU-124,3895.78,PEN,PE,web,D-124,2025-12-22T18:37:00,M-047,BCP
T-7998,CU-475,2351.77,USD,MX,web,D-475,2025-12-22T18:39:00,M-015,BBVA
T-4896,CU-259,2387.88,USD,US,mobile,D-259,2025-12-22T18:41:00,M-044,JPM
T-3647,CU-208,1254.64,USD,CL,web,D-208,2025-12-22T18:42:00,M-032,BCI
T-7724,CU-318,1283.00,USD,CO,web,D-318,2025-12-22T18:42:00,M-012,BOG
T-3354,CU-956,4785.82,USD,AR,web,D-956,2025-12-22T18:43:00,M-016,SAN
T-2606,CU-979,4992.13,USD,US,web,D-979,2025-12-22T18:44:00,M-049,BAC
T-2784,CU-266,5291.06,USD,ES,web,D-266,2025-12-22T18:47:00,M-023,BBVA
T-3047,CU-378,1590.78,USD,MX,mobile,D-378,2025-12-22T18:48:00,M-034,BBVA
T-7193,CU-608,1285.79,USD,AR,mobile,D-608,2025-12-22T18:49:00,M-006,GAL
T-2296,CU-812,6218.16,USD,US,mobile,D-812,2025-12-22T18:49:00,M-006,BAC
T-6419,CU-818,152.65,USD,AR,mobile,D-818,2025-12-22T18:59:00,M-037,BNA
T-4764,CU-984,781.40,PEN,PE,mobile,D-984,2025-12-22T18:59:00,M-010,BBVA
T-6421,CU-146,1020.73,PEN,PE,web,D-146,2025-12-22T19:00:00,M-045,BCP
T-6326,CU-692,624.62,USD,CO,mobile,D-692,2025-12-22T19:09:00,M-046,DAV
T-1532,CU-828,4675.15,USD,CL,web,D-828,2025-12-22T19:13:00,M-006,BCH
T-1553,CU-072,755.62,USD,ES,mobile,D-072,2025-12-22T19:15:00,M-035,BBVA
T-6295,CU-948,1928.76,PEN,PE,web,D-948,2025-12-22T19:22:00,M-030,BCP
T-7059,CU-510,1627.05,USD,AR,mobile,D-510,2025-12-22T19:29:00,M-011,SAN
T-5537,CU-209,1164.13,USD,US,web,D-209,2025-12-22T19:31:00,M-024,WFC
T-7734,CU-444,3407.82,USD,MX,web,D-444,2025-12-22T19:40:00,M-050,BBVA
T-2004,CU-884,3667.32,USD,CL,web,D-884,2025-12-22T19:43:00,M-023,BCH
T-4133,CU-899,4269.05,USD,CO,mobile,D-899,2025-12-22T19:46:00,M-019,BAN
T-7406,CU-505,2525.96,PEN,PE,web,D-505,2025-12-22T19:52:00,M-035,BBVA
T-2264,CU-903,973.28,USD,CO,mobile,D-903,2025-12-22T20:00:00,M-017,BOG
T-5150,CU-730,1099.71,USD,CO,mobile,D-730,2025-12-22T20:01:00,M-037,BAN
T-5102,CU-356,1326.69,USD,ES,mobile,D-356,2025-12-22T20:10:00,M-036,BBVA
T-3460,CU-453,2007.99,USD,CO,mobile,D-453,2025-12-22T20:16:00,M-020,DAV
T-6222,CU-969,1143.19,USD,AR,mobile,D-969,2025-12-22T20:23:00,M-008,GAL
T-2191,CU-645,448.72,PEN,PE,web,D-645,2025-12-22T20:34:00,M-007,BCP
T-3329,CU-682,5085.00,USD,US,web,D-682,2025-12-22T20:36:00,M-039,JPM
T-3556,CU-089,5857.37,USD,AR,web,D-089,2025-12-22T20:37:00,M-014,BNA
T-1647,CU-506,4610.22,PEN,PE,web,D-506,2025-12-22T20:39:00,M-023,BCP
T-2540,CU-846,268.85,USD,US,mobile,D-846,2025-12-22T20:45:00,M-026,BAC
T-4591,CU-681,1910.65,USD,CL,web,D-681,2025-12-22T21:00:00,M-032,BCI
T-1889,CU-594,2116.69,PEN,PE,web,D-594,2025-12-22T21:02:00,M-015,BCP
T-7390,CU-286,635.22,PEN,PE,mobile,D-286,2025-12-22T21:03:00,M-041,BCP
T-6575,CU-089,4473.93,USD,AR,web,D-089,2025-12-22T21:31:00,M-031,BNA
T-7251,CU-476,4640.47,USD,ES,web,D-476,2025-12-22T21:37:00,M-047,SAN
T-2331,CU-668,2162.47,USD,AR,mobile,D-668,2025-12-22T21:55:00,M-005,BNA
T-4823,CU-846,270.84,USD,US,mobile,D-846,2025-12-22T22:36:00,M-015,BAC
T-5954,CU-899,3693.46,USD,RU,mobile,D-999777,2025-12-22T22:52:00,M-040,BAN
T-4027,CU-846,290.59,USD,US,mobile,D-846,2025-12-22T22:56:00,M-022,BAC
T-2642,CU-749,2796.92,USD,CO,mobile,D-749,2025-12-23T06:36:00,M-047,DAV
T-6902,CU-445,1643.78,PEN,PE,mobile,D-445,2025-12-23T06:39:00,M-037,IBK
T-4901,CU-720,2417.15,PEN,PE,web,D-720,2025-12-23T06:42:00,M-049,BBVA
T-7902,CU-419,12490.25,USD,CO,mobile,D-419,2025-12-23T06:44:00,M-013,BOG
T-7529,CU-513,2023.54,USD,US,web,D-513,2025-12-23T07:10:00,M-044,WFC
T-7472,CU-560,2412.35,USD,US,web,D-560,2025-12-23T07:23:00,M-018,BAC
T-2375,CU-892,4741.06,USD,AR,mobile,D-892,2025-12-23T07:27:00,M-014,BNA
T-5362,CU-185,1422.85,USD,CO,mobile,D-185,2025-12-23T07:28:00,M-002,DAV
T-4479,CU-080,3835.65,USD,CO,mobile,D-080,2025-12-23T07:55:00,M-029,DAV
T-1194,CU-703,3298.94,USD,CO,web,D-703,2025-12-23T08:20:00,M-012,BAN
T-6978,CU-426,224.32,USD,CL,web,D-426,2025-12-23T08:25:00,M-035,BCI
T-2430,CU-242,1188.49,USD,US,web,D-242,2025-12-23T08:25:00,M-014,WFC
T-4101,CU-606,2955.20,USD,ES,web,D-606,2025-12-23T08:42:00,M-050,BBVA
T-1151,CU-725,1737.53,USD,ES,web,D-725,2025-12-23T08:45:00,M-015,SAN
T-4605,CU-907,799.23,USD,MX,web,D-907,2025-12-23T08:54:00,M-005,SAN
T-4056,CU-677,5924.63,USD,CL,web,D-677,2025-12-23T09:00:00,M-038,BCH
T-6406,CU-495,3935.21,USD,CO,mobile,D-495,2025-12-23T09:00:00,M-015,DAV
T-2820,CU-199,4707.88,USD,CL,mobile,D-199,2025-12-23T09:00:00,M-043,BCI
T-3581,CU-088,4539.10,USD,ES,web,D-088,2025-12-23T09:15:00,M-037,SAN
T-4849,CU-643,1988.27,USD,ES,web,D-643,2025-12-23T09:18:00,M-007,BBVA
T-5944,CU-812,4907.73,USD,US,mobile,D-812,2025-12-23T09:20:00,M-003,BAC
T-3619,CU-448,774.62,USD,US,mobile,D-448,2025-12-23T09:21:00,M-039,JPM
T-4621,CU-463,1950.34,USD,MX,mobile,D-463,2025-12-23T09:23:00,M-036,BAN
T-3445,CU-644,96.40,USD,MX,web,D-644,2025-12-23T09:27:00,M-037,SAN
T-1536,CU-484,3166.39,USD,CO,web,D-484,2025-12-23T09:33:00,M-008,DAV
T-7967,CU-863,974.58,USD,AR,web,D-863,2025-12-23T09:34:00,M-004,BNA
T-7828,CU-568,549.68,USD,CO,mobile,D-568,2025-12-23T09:37:00,M-038,BAN
T-2577,CU-665,5386.03,USD,ES,web,D-665,2025-12-23T09:47:00,M-015,BBVA
T-3918,CU-288,4217.08,USD,US,mobile,D-288,2025-12-23T09:53:00,M-010,BAC
T-5604,CU-771,3872.18,PEN,PE,mobile,D-771,2025-12-23T09:54:00,M-032,IBK
T-2182,CU-010,3723.86,USD,CO,web,D-010,2025-12-23T09:57:00,M-011,BOG
T-5908,CU-341,757.95,PEN,PE,web,D-341,2025-12-23T10:00:00,M-021,BAC
T-7971,CU-966,974.41,PEN,PE,mobile,D-966,2025-12-23T10:00:00,M-035,IBK
T-2891,CU-400,4851.07,PEN,PE,web,D-400,2025-12-23T10:00:00,M-015,IBK
T-3672,CU-094,3745.34,PEN,PE,mobile,D-094,2025-12-23T10:00:00,M-020,GAL
T-5460,CU-954,4226.13,PEN,PE,mobile,D-954,2025-12-23T10:07:00,M-021,IBK
T-1230,CU-865,314.30,PEN,PE,mobile,D-865,2025-12-23T10:09:00,M-019,BCP
T-4952,CU-169,2154.64,USD,US,mobile,D-169,2025-12-23T10:15:00,M-044,BAC
T-6322,CU-544,765.29,USD,CO,mobile,D-544,2025-12-23T10:17:00,M-011,DAV
T-5815,CU-762,244.26,USD,AR,mobile,D-762,2025-12-23T10:20:00,M-036,GAL
T-6948,CU-153,1878.45,USD,AR,web,D-153,2025-12-23T10:20:00,M-001,GAL
T-5425,CU-091,7938.56,USD,MX,mobile,D-091,2025-12-23T10:22:00,M-042,BBVA
T-2317,CU-107,4087.70,USD,MX,web,D-107,2025-12-23T10:27:00,M-038,BAN
T-6306,CU-834,404.37,USD,CO,mobile,D-834,2025-12-23T10:28:00,M-041,DAV
T-3391,CU-656,1583.80,USD,AR,web,D-656,2025-12-23T10:30:00,M-015,BNA
T-6072,CU-683,1784.43,PEN,PE,web,D-683,2025-12-23T10:35:00,M-014,BBVA
T-6849,CU-168,2706.30,USD,CL,mobile,D-168,2025-12-23T10:42:00,M-034,BCI
T-1622,CU-930,2944.06,PEN,PE,mobile,D-930,2025-12-23T10:59:00,M-022,IBK
T-4057,CU-677,5924.63,USD,CL,web,D-677,2025-12-23T11:00:00,M-038,BCH
T-2821,CU-199,4707.88,USD,CL,mobile,D-199,2025-12-23T11:00:00,M-043,BCI
T-6407,CU-495,3935.21,USD,CO,mobile,D-495,2025-12-23T11:00:00,M-015,DAV
T-4788,CU-461,3203.25,USD,CO,mobile,D-461,2025-12-23T11:03:00,M-047,BOG
T-2480,CU-207,1445.45,USD,AR,mobile,D-207,2025-12-23T11:10:00,M-032,GAL
T-6568,CU-219,2703.65,USD,CL,web,D-219,2025-12-23T11:13:00,M-008,SAN
T-7569,CU-125,2461.79,PEN,PE,web,D-125,2025-12-23T11:17:00,M-026,BBVA
T-2625,CU-816,2160.59,USD,US,mobile,D-816,2025-12-23T11:24:00,M-007,BAC
T-2513,CU-748,1706.07,USD,MX,web,D-748,2025-12-23T11:26:00,M-011,BAN
T-6270,CU-082,2285.42,USD,CL,web,D-082,2025-12-23T11:28:00,M-041,BCI
T-5909,CU-341,757.95,USD,ES,web,D-341,2025-12-23T11:30:00,M-050,BAC
T-7972,CU-966,974.41,USD,ES,mobile,D-966,2025-12-23T11:30:00,M-046,IBK
T-3673,CU-094,3745.34,USD,ES,mobile,D-094,2025-12-23T11:30:00,M-037,GAL
T-6788,CU-283,3747.03,USD,MX,mobile,D-283,2025-12-23T11:45:00,M-036,BAN
T-3936,CU-107,5522.53,USD,MX,web,D-107,2025-12-23T11:51:00,M-020,BAN
T-2963,CU-728,5004.05,USD,CL,mobile,D-728,2025-12-23T11:53:00,M-008,SAN
T-7901,CU-946,1072.71,PEN,PE,web,D-946,2025-12-23T11:59:00,M-016,BBVA
T-6742,CU-079,2610.90,USD,ES,mobile,D-079,2025-12-23T12:01:00,M-003,CABK
T-7044,CU-167,2504.95,USD,AR,mobile,D-167,2025-12-23T12:01:00,M-040,BNA
T-4586,CU-719,1544.72,USD,ES,web,D-719,2025-12-23T12:03:00,M-021,SAN
T-5385,CU-221,5372.45,USD,US,mobile,D-221,2025-12-23T12:06:00,M-046,WFC
T-4145,CU-391,2824.74,PEN,PE,mobile,D-391,2025-12-23T12:06:00,M-020,IBK
T-5744,CU-935,2427.55,USD,CO,mobile,D-935,2025-12-23T12:08:00,M-023,BOG
T-4968,CU-685,96.20,USD,CL,web,D-685,2025-12-23T12:11:00,M-034,BCI
T-3430,CU-228,2745.25,USD,US,web,D-228,2025-12-23T12:16:00,M-007,JPM
T-6561,CU-418,3640.69,USD,CO,web,D-418,2025-12-23T12:17:00,M-024,BAN
T-5109,CU-278,1107.96,USD,ES,web,D-278,2025-12-23T12:19:00,M-005,SAN
T-7418,CU-872,4785.39,USD,CL,mobile,D-872,2025-12-23T12:23:00,M-032,BCH
T-4523,CU-355,3081.85,USD,CL,mobile,D-355,2025-12-23T12:24:00,M-001,BCI
T-7527,CU-366,1905.71,USD,MX,web,D-366,2025-12-23T12:33:00,M-033,BAN
T-2676,CU-056,3134.68,USD,US,mobile,D-056,2025-12-23T12:37:00,M-009,BAC
T-1959,CU-320,3259.80,USD,MX,web,D-320,2025-12-23T12:39:00,M-033,BAN
T-3561,CU-092,2283.18,USD,CO,web,D-092,2025-12-23T12:46:00,M-003,BOG
T-3132,CU-901,2718.39,USD,CO,web,D-901,2025-12-23T12:57:00,M-015,DAV
T-5365,CU-281,4993.09,USD,US,web,D-281,2025-12-23T12:58:00,M-047,BAC
T-2291,CU-613,4492.56,USD,CO,web,D-613,2025-12-23T12:58:00,M-024,DAV
T-2822,CU-199,4707.88,USD,CL,mobile,D-199,2025-12-23T13:00:00,M-043,BCI
T-6408,CU-495,3935.21,USD,CO,mobile,D-495,2025-12-23T13:00:00,M-015,DAV
T-3979,CU-576,351.55,USD,CL,mobile,D-576,2025-12-23T13:00:00,M-021,BCI
T-4058,CU-677,5924.63,USD,CL,web,D-677,2025-12-23T13:00:00,M-038,BCH
T-1048,CU-589,2188.50,USD,US,mobile,D-589,2025-12-23T13:11:00,M-049,WFC
T-2818,CU-180,1173.33,USD,ES,web,D-180,2025-12-23T13:25:00,M-011,CABK
T-3870,CU-794,2708.50,USD,CL,mobile,D-794,2025-12-23T13:33:00,M-007,BCH
T-5104,CU-377,2583.30,USD,AR,web,D-377,2025-12-23T13:42:00,M-022,GAL
T-6521,CU-844,540.69,USD,CO,web,D-844,2025-12-23T13:46:00,M-033,BAN
T-3929,CU-815,619.41,USD,AR,mobile,D-815,2025-12-23T13:53:00,M-012,SAN
T-1375,CU-254,1012.90,USD,CO,web,D-254,2025-12-23T13:54:00,M-022,DAV
T-3090,CU-955,2358.54,USD,ES,mobile,D-955,2025-12-23T13:55:00,M-050,SAN
T-3608,CU-998,1544.37,USD,CL,mobile,D-998,2025-12-23T13:55:00,M-032,BCH
T-4983,CU-019,3974.58,USD,CO,web,D-019,2025-12-23T13:55:00,M-018,BAN
T-3289,CU-502,331.22,USD,US,mobile,D-502,2025-12-23T13:57:00,M-037,JPM
T-1879,CU-233,2145.43,USD,MX,web,D-233,2025-12-23T13:58:00,M-003,SAN
T-5760,CU-606,3340.80,USD,ES,web,D-606,2025-12-23T14:00:00,M-008,BBVA
T-4344,CU-323,0.50,USD,US,web,D-999672,2025-12-23T14:00:00,M-041,WFC
T-1549,CU-986,1003.17,USD,AR,mobile,D-986,2025-12-23T14:00:00,M-999,BNA
T-4913,CU-386,7436.85,PEN,PE,mobile,D-386,2025-12-23T14:00:00,M-007,BCP
T-7815,CU-067,0.50,USD,CO,mobile,D-999515,2025-12-23T14:00:00,M-017,BAN
T-4345,CU-323,0.50,USD,US,web,D-999672,2025-12-23T14:02:00,M-023,WFC
T-7816,CU-067,0.50,USD,CO,mobile,D-999515,2025-12-23T14:02:00,M-040,BAN
T-2659,CU-842,4406.77,USD,CO,mobile,D-842,2025-12-23T14:04:00,M-050,BAN
T-1695,CU-248,434.86,USD,ES,web,D-248,2025-12-23T14:06:00,M-048,CABK
T-4346,CU-323,17384.36,USD,US,web,D-999672,2025-12-23T14:06:00,M-040,WFC
T-7817,CU-067,13562.84,USD,CO,mobile,D-999515,2025-12-23T14:06:00,M-020,BAN
T-1664,CU-385,3832.90,USD,US,mobile,D-385,2025-12-23T14:08:00,M-019,WFC
T-4894,CU-193,3242.67,USD,MX,mobile,D-193,2025-12-23T14:16:00,M-035,BAN
T-5079,CU-099,3363.84,USD,AR,web,D-099,2025-12-23T14:19:00,M-032,SAN
T-2894,CU-164,921.89,USD,MX,mobile,D-164,2025-12-23T14:20:00,M-021,BAN
T-7376,CU-439,5472.60,USD,AR,web,D-439,2025-12-23T14:20:00,M-022,GAL
T-3682,CU-803,5015.30,USD,ES,mobile,D-803,2025-12-23T14:24:00,M-001,CABK
T-2684,CU-863,2622.17,USD,AR,web,D-863,2025-12-23T14:25:00,M-014,BNA
T-6943,CU-189,1135.51,USD,ES,mobile,D-189,2025-12-23T14:31:00,M-011,CABK
T-1910,CU-702,1511.31,USD,US,mobile,D-702,2025-12-23T14:44:00,M-018,BAC
T-4598,CU-558,1078.88,USD,MX,mobile,D-558,2025-12-23T14:44:00,M-042,BAN
T-2726,CU-008,1628.01,PEN,PE,mobile,D-008,2025-12-23T14:47:00,M-019,BCP
T-5032,CU-699,759.31,USD,US,web,D-699,2025-12-23T14:48:00,M-025,WFC
T-5600,CU-707,2766.58,USD,AR,mobile,D-707,2025-12-23T14:54:00,M-018,GAL
T-4261,CU-658,334.13,USD,CO,web,D-658,2025-12-23T15:00:00,M-014,BOG
T-4814,CU-960,3895.56,USD,CO,web,D-960,2025-12-23T15:02:00,M-044,BAN
T-5111,CU-613,5155.82,USD,CO,web,D-613,2025-12-23T15:10:00,M-013,DAV
T-7994,CU-439,4663.98,USD,AR,web,D-439,2025-12-23T15:17:00,M-042,GAL
T-7818,CU-286,1014.39,PEN,PE,mobile,D-286,2025-12-23T15:18:00,M-025,BCP
T-1259,CU-368,2249.63,USD,US,web,D-368,2025-12-23T15:19:00,M-017,BAC
T-5511,CU-240,354.06,USD,ES,mobile,D-240,2025-12-23T15:23:00,M-009,CABK
T-5449,CU-779,3258.46,USD,CL,mobile,D-779,2025-12-23T15:24:00,M-021,BCI
T-1650,CU-567,3725.80,USD,CO,mobile,D-567,2025-12-23T15:24:00,M-026,BOG
T-3274,CU-841,2413.56,USD,AR,web,D-841,2025-12-23T15:30:00,M-032,GAL
T-5597,CU-064,5548.63,USD,CO,web,D-064,2025-12-23T15:36:00,M-014,BAN
T-6982,CU-377,3441.93,USD,AR,web,D-377,2025-12-23T15:42:00,M-044,GAL
T-1847,CU-338,3309.62,PEN,PE,web,D-338,2025-12-23T15:44:00,M-027,BCP
T-6446,CU-909,1551.97,USD,MX,web,D-909,2025-12-23T15:58:00,M-045,SAN
T-5395,CU-358,3580.70,USD,MX,mobile,D-358,2025-12-23T16:01:00,M-026,BAN
T-4364,CU-353,2174.80,USD,MX,mobile,D-353,2025-12-23T16:05:00,M-015,BAN
T-5392,CU-708,4839.10,USD,CL,mobile,D-708,2025-12-23T16:10:00,M-008,SAN
T-1763,CU-117,1034.46,USD,US,mobile,D-117,2025-12-23T16:10:00,M-013,JPM
T-6855,CU-815,510.87,USD,AR,mobile,D-815,2025-12-23T16:10:00,M-033,SAN
T-7760,CU-164,856.34,USD,MX,mobile,D-164,2025-12-23T16:18:00,M-010,BAN
T-5410,CU-686,5469.51,USD,US,mobile,D-686,2025-12-23T16:18:00,M-012,JPM
T-7290,CU-429,4617.74,USD,CL,mobile,D-429,2025-12-23T16:19:00,M-017,BCI
T-5140,CU-061,898.93,USD,MX,web,D-061,2025-12-23T16:22:00,M-011,BBVA
T-7478,CU-022,4211.55,USD,CO,mobile,D-022,2025-12-23T16:22:00,M-028,BOG
T-1374,CU-221,2790.56,USD,US,mobile,D-221,2025-12-23T16:27:00,M-044,WFC
T-3467,CU-139,1586.78,PEN,PE,mobile,D-139,2025-12-23T16:33:00,M-048,IBK
T-3453,CU-568,698.53,USD,CO,mobile,D-568,2025-12-23T16:38:00,M-021,BAN
T-7708,CU-328,4368.54,PEN,PE,mobile,D-328,2025-12-23T16:41:00,M-043,BCP
T-7692,CU-909,864.60,USD,MX,web,D-909,2025-12-23T16:42:00,M-024,SAN
T-6607,CU-673,773.81,USD,US,mobile,D-673,2025-12-23T16:42:00,M-019,JPM
T-5578,CU-259,1097.53,USD,US,mobile,D-259,2025-12-23T16:46:00,M-042,JPM
T-4054,CU-111,332.29,USD,MX,web,D-111,2025-12-23T16:48:00,M-008,SAN
T-3544,CU-687,664.08,USD,AR,web,D-687,2025-12-23T16:50:00,M-003,GAL
T-5028,CU-778,323.94,USD,US,web,D-778,2025-12-23T16:54:00,M-009,WFC
T-4276,CU-466,3265.56,USD,CL,web,D-466,2025-12-23T16:55:00,M-026,BCH
T-7465,CU-938,1322.98,USD,MX,mobile,D-938,2025-12-23T16:57:00,M-010,SAN
T-6458,CU-665,4673.82,USD,ES,web,D-665,2025-12-23T16:58:00,M-033,BBVA
T-5572,CU-872,3069.50,USD,CL,mobile,D-872,2025-12-23T16:58:00,M-008,BCH
T-3634,CU-998,2488.47,USD,CL,mobile,D-998,2025-12-23T16:59:00,M-036,BCH
T-1931,CU-763,2351.23,USD,ES,web,D-763,2025-12-23T17:01:00,M-002,CABK
T-5664,CU-965,4397.27,USD,MX,mobile,D-965,2025-12-23T17:01:00,M-030,SAN
T-7886,CU-981,397.45,USD,ES,web,D-981,2025-12-23T17:08:00,M-029,SAN
T-6082,CU-794,3038.64,USD,CL,mobile,D-794,2025-12-23T17:13:00,M-034,BCH
T-4436,CU-049,2353.25,USD,CL,mobile,D-049,2025-12-23T17:18:00,M-002,BCH
T-4488,CU-463,305.68,USD,MX,mobile,D-463,2025-12-23T17:24:00,M-008,BAN
T-6809,CU-149,2857.50,USD,US,mobile,D-149,2025-12-23T17:27:00,M-017,JPM
T-5245,CU-533,2394.26,USD,CL,web,D-533,2025-12-23T17:28:00,M-010,BCI
T-3045,CU-953,2834.95,USD,US,web,D-953,2025-12-23T17:30:00,M-050,BAC
T-4870,CU-543,5292.30,USD,CL,mobile,D-543,2025-12-23T17:31:00,M-017,BCI
T-2717,CU-299,3350.41,USD,MX,mobile,D-299,2025-12-23T17:32:00,M-031,BAN
T-2095,CU-774,2094.01,USD,US,web,D-774,2025-12-23T17:34:00,M-018,WFC
T-1941,CU-282,166.11,USD,AR,mobile,D-282,2025-12-23T17:38:00,M-009,BNA
T-4005,CU-794,2461.78,USD,CL,mobile,D-794,2025-12-23T17:41:00,M-004,BCH
T-2075,CU-048,3332.79,USD,MX,web,D-048,2025-12-23T17:42:00,M-045,SAN
T-3044,CU-796,4026.32,USD,MX,mobile,D-796,2025-12-23T17:43:00,M-023,SAN
T-2636,CU-924,2476.53,PEN,PE,mobile,D-924,2025-12-23T17:45:00,M-049,BCP
T-4441,CU-617,568.78,USD,ES,web,D-617,2025-12-23T17:49:00,M-025,BBVA
T-6359,CU-471,243.19,USD,CL,web,D-471,2025-12-23T18:02:00,M-026,BCI
T-6986,CU-561,2802.50,USD,CO,mobile,D-561,2025-12-23T18:02:00,M-035,BOG
T-2406,CU-052,1231.12,USD,ES,web,D-052,2025-12-23T18:13:00,M-013,BBVA
T-6714,CU-594,4418.09,USD,RU,web,D-999263,2025-12-23T18:20:00,M-030,BCP
T-6010,CU-335,1950.06,USD,ES,web,D-335,2025-12-23T18:22:00,M-015,SAN
T-1666,CU-475,2053.29,USD,MX,web,D-475,2025-12-23T18:26:00,M-046,BBVA
T-6313,CU-990,7007.34,USD,CL,web,D-990,2025-12-23T18:27:00,M-045,BCH
T-4362,CU-824,2067.30,USD,CO,web,D-824,2025-12-23T18:29:00,M-008,DAV
T-6220,CU-447,2146.39,USD,US,web,D-447,2025-12-23T18:30:00,M-030,WFC
T-6554,CU-587,2013.46,USD,CO,web,D-587,2025-12-23T18:31:00,M-045,DAV
T-4123,CU-292,2889.37,PEN,PE,mobile,D-292,2025-12-23T18:38:00,M-047,BCP
T-1333,CU-950,1446.04,USD,AR,mobile,D-950,2025-12-23T18:47:00,M-019,BNA
T-4269,CU-668,2822.10,USD,AR,mobile,D-668,2025-12-23T18:48:00,M-013,BNA
T-6051,CU-467,659.81,USD,AR,web,D-467,2025-12-23T18:49:00,M-027,BNA
T-3210,CU-595,3190.69,USD,AR,web,D-595,2025-12-23T18:53:00,M-046,SAN
T-4082,CU-626,556.01,USD,CO,mobile,D-626,2025-12-23T19:00:00,M-013,BOG
T-2852,CU-135,1146.48,PEN,PE,web,D-135,2025-12-23T19:00:00,M-999,IBK
T-3478,CU-615,4602.49,USD,US,mobile,D-615,2025-12-23T19:01:00,M-044,JPM
T-3534,CU-155,2957.25,USD,ES,mobile,D-155,2025-12-23T19:06:00,M-006,BBVA
T-4661,CU-936,1217.32,USD,US,mobile,D-936,2025-12-23T19:06:00,M-048,JPM
T-2538,CU-187,2133.34,USD,ES,web,D-187,2025-12-23T19:08:00,M-037,CABK
T-7993,CU-706,2968.28,USD,MX,web,D-706,2025-12-23T19:08:00,M-020,SAN
T-6866,CU-076,6489.40,USD,ES,web,D-076,2025-12-23T19:09:00,M-048,CABK
T-1490,CU-128,4594.05,USD,ES,web,D-128,2025-12-23T19:14:00,M-026,BBVA
T-4506,CU-345,672.55,USD,AR,mobile,D-345,2025-12-23T19:26:00,M-025,SAN
T-6588,CU-701,1730.52,USD,CL,web,D-701,2025-12-23T19:37:00,M-026,BCI
T-1979,CU-664,5317.83,USD,ES,web,D-664,2025-12-23T19:38:00,M-029,CABK
T-5278,CU-070,2949.34,USD,CO,web,D-070,2025-12-23T19:42:00,M-013,DAV
T-5447,CU-566,4776.57,USD,RU,mobile,D-999185,2025-12-23T19:44:00,M-001,BOG
T-1851,CU-200,2061.17,USD,AR,mobile,D-200,2025-12-23T19:46:00,M-032,GAL
T-2337,CU-591,983.45,USD,US,web,D-591,2025-12-23T19:51:00,M-038,WFC
T-6580,CU-752,5481.79,USD,US,web,D-752,2025-12-23T20:00:00,M-011,BAC
T-7470,CU-774,913.64,USD,US,web,D-774,2025-12-23T20:00:00,M-999,WFC
T-4606,CU-448,1592.91,USD,US,mobile,D-448,2025-12-23T20:04:00,M-003,JPM
T-7531,CU-566,7116.91,USD,CO,mobile,D-566,2025-12-23T20:05:00,M-040,BOG
T-7316,CU-007,1233.46,USD,CL,mobile,D-007,2025-12-23T20:11:00,M-017,SAN
T-1245,CU-967,688.75,USD,CL,web,D-967,2025-12-23T20:14:00,M-033,SAN
T-6511,CU-851,2165.57,USD,US,mobile,D-851,2025-12-23T20:25:00,M-013,JPM
T-4341,CU-258,2988.46,PEN,PE,mobile,D-258,2025-12-23T20:31:00,M-022,BCP
T-2881,CU-583,1893.63,USD,AR,web,D-583,2025-12-23T20:33:00,M-020,BNA
T-1715,CU-144,6298.56,USD,AR,mobile,D-144,2025-12-23T20:42:00,M-050,BNA
T-5370,CU-238,1303.10,USD,US,mobile,D-238,2025-12-23T20:45:00,M-020,WFC
T-7640,CU-897,2191.46,USD,MX,mobile,D-897,2025-12-23T20:48:00,M-035,BAN
T-6457,CU-358,14311.02,USD,MX,web,D-358,2025-12-23T21:00:00,M-030,BAN
T-1355,CU-004,613.02,USD,CL,mobile,D-004,2025-12-23T21:15:00,M-022,BCI
T-1587,CU-240,379.98,USD,ES,mobile,D-240,2025-12-23T21:16:00,M-026,CABK
T-7102,CU-516,653.27,PEN,PE,mobile,D-516,2025-12-23T21:26:00,M-017,IBK
T-5749,CU-258,5622.68,PEN,PE,mobile,D-258,2025-12-23T21:54:00,M-040,BCP
T-3155,CU-415,1953.28,USD,CO,web,D-415,2025-12-23T22:12:00,M-047,DAV
T-4553,CU-420,175.93,USD,MX,web,D-420,2025-12-23T22:17:00,M-046,BBVA
T-1680,CU-822,5897.67,USD,CO,mobile,D-822,2025-12-23T22:28:00,M-047,BOG
T-2202,CU-959,2538.60,USD,ES,web,D-959,2025-12-23T22:29:00,M-047,CABK
T-1933,CU-999,4971.81,USD,CO,mobile,D-999,2025-12-23T22:36:00,M-049,BAN
T-4616,CU-773,16869.23,USD,MX,web,D-773,2025-12-23T23:27:00,M-041,BAN
T-4312,CU-586,3856.67,USD,MX,web,D-586,2025-12-24T02:21:00,M-003,BBVA
T-1192,CU-620,5217.98,USD,US,mobile,D-620,2025-12-24T03:03:00,M-030,BAC
T-6346,CU-535,20122.71,USD,AR,web,D-535,2025-12-24T03:51:00,M-017,GAL
T-5956,CU-298,11203.16,USD,CL,mobile,D-298,2025-12-24T04:33:00,M-036,BCH
T-6467,CU-521,328.32,USD,CL,mobile,D-521,2025-12-24T06:39:00,M-012,SAN
T-6728,CU-065,5197.60,USD,CL,web,D-065,2025-12-24T06:46:00,M-045,SAN
T-7484,CU-828,5708.38,USD,CL,web,D-828,2025-12-24T07:04:00,M-013,BCH
T-6778,CU-531,2815.26,USD,CL,web,D-531,2025-12-24T07:15:00,M-017,BCI
T-1274,CU-873,2257.15,USD,ES,web,D-873,2025-12-24T07:33:00,M-009,CABK
T-5888,CU-410,5525.53,USD,US,mobile,D-410,2025-12-24T08:00:00,M-045,JPM
T-1472,CU-732,1323.06,USD,CO,web,D-732,2025-12-24T08:01:00,M-030,BOG
T-5960,CU-474,823.89,USD,CL,web,D-474,2025-12-24T08:04:00,M-042,BCI
T-5654,CU-244,3885.34,USD,US,mobile,D-244,2025-12-24T08:17:00,M-003,BAC
T-4924,CU-185,3120.69,USD,CO,mobile,D-185,2025-12-24T08:23:00,M-049,DAV
T-3776,CU-035,4294.61,USD,ES,web,D-035,2025-12-24T08:23:00,M-050,CABK
T-4720,CU-359,4453.61,USD,MX,web,D-359,2025-12-24T08:52:00,M-034,SAN
T-2832,CU-337,3377.07,USD,US,mobile,D-337,2025-12-24T08:54:00,M-005,BAC
T-3179,CU-646,2479.70,USD,AR,web,D-646,2025-12-24T09:00:00,M-037,GAL
T-5955,CU-718,3294.56,USD,CO,web,D-718,2025-12-24T09:16:00,M-018,BAN
T-7210,CU-292,1816.13,PEN,PE,mobile,D-292,2025-12-24T09:19:00,M-014,BCP
T-1938,CU-620,1267.41,USD,US,mobile,D-620,2025-12-24T09:23:00,M-026,BAC
T-2535,CU-176,1798.66,USD,AR,mobile,D-176,2025-12-24T09:28:00,M-029,SAN
T-4795,CU-032,3186.79,USD,ES,web,D-032,2025-12-24T09:36:00,M-038,BBVA
T-5235,CU-984,1118.99,PEN,PE,mobile,D-984,2025-12-24T09:52:00,M-036,BBVA
T-3736,CU-711,3970.70,USD,MX,mobile,D-711,2025-12-24T09:55:00,M-046,BAN
T-3617,CU-280,3150.67,USD,MX,web,D-280,2025-12-24T09:55:00,M-018,BAN
T-4134,CU-693,4188.85,PEN,PE,web,D-693,2025-12-24T10:00:00,M-046,SAN
T-1459,CU-016,3490.38,USD,AR,mobile,D-016,2025-12-24T10:14:00,M-039,SAN
T-6357,CU-808,2793.00,USD,AR,mobile,D-808,2025-12-24T10:14:00,M-006,GAL
T-1409,CU-688,1288.66,USD,US,web,D-688,2025-12-24T10:25:00,M-047,WFC
T-2159,CU-211,3531.54,USD,CL,mobile,D-211,2025-12-24T10:32:00,M-032,BCH
T-4468,CU-843,2725.05,USD,ES,web,D-843,2025-12-24T10:33:00,M-004,CABK
T-1232,CU-731,3066.56,USD,CO,mobile,D-731,2025-12-24T10:37:00,M-007,BOG
T-4670,CU-016,3236.94,USD,AR,mobile,D-016,2025-12-24T10:39:00,M-004,SAN
T-1311,CU-513,2430.10,USD,US,web,D-513,2025-12-24T10:52:00,M-043,WFC
T-1836,CU-463,275.84,USD,MX,mobile,D-463,2025-12-24T10:54:00,M-012,BAN
T-3180,CU-646,2479.70,USD,AR,web,D-646,2025-12-24T11:00:00,M-037,GAL
T-5674,CU-994,1538.69,USD,US,mobile,D-994,2025-12-24T11:00:00,M-999,JPM
T-7357,CU-976,3495.61,USD,ES,web,D-976,2025-12-24T11:07:00,M-034,BBVA
T-6546,CU-671,2200.76,PEN,PE,web,D-671,2025-12-24T11:11:00,M-005,IBK
T-6399,CU-239,2439.73,PEN,PE,web,D-239,2025-12-24T11:14:00,M-011,BCP
T-5116,CU-635,3768.23,USD,MX,web,D-635,2025-12-24T11:23:00,M-014,SAN
T-3858,CU-453,1641.50,USD,CO,mobile,D-453,2025-12-24T11:24:00,M-031,DAV
T-7506,CU-005,2294.38,USD,ES,web,D-005,2025-12-24T11:24:00,M-027,SAN
T-3792,CU-384,2267.16,PEN,PE,web,D-384,2025-12-24T11:28:00,M-046,IBK
T-3762,CU-409,4553.86,PEN,PE,web,D-409,2025-12-24T11:29:00,M-005,IBK
T-4135,CU-693,4188.85,USD,ES,web,D-693,2025-12-24T11:30:00,M-016,SAN
T-2062,CU-033,3263.27,USD,AR,mobile,D-033,2025-12-24T11:43:00,M-031,GAL
T-1685,CU-726,68.81,USD,ES,web,D-726,2025-12-24T11:45:00,M-047,CABK
T-2831,CU-779,4738.68,USD,CL,mobile,D-779,2025-12-24T11:45:00,M-048,BCI
T-6430,CU-577,487.12,USD,US,web,D-577,2025-12-24T11:46:00,M-006,JPM
T-7564,CU-597,724.33,PEN,PE,mobile,D-597,2025-12-24T11:56:00,M-037,BBVA
T-2370,CU-136,4938.94,USD,CO,web,D-136,2025-12-24T11:56:00,M-049,BAN
T-3874,CU-940,2354.55,USD,RU,mobile,D-999754,2025-12-24T11:58:00,M-006,BCI
T-2648,CU-936,1334.56,USD,US,mobile,D-936,2025-12-24T12:00:00,M-011,JPM
T-7424,CU-008,722.65,PEN,PE,mobile,D-008,2025-12-24T12:01:00,M-020,BCP
T-1412,CU-233,261.71,USD,MX,web,D-233,2025-12-24T12:01:00,M-022,SAN
T-7365,CU-162,1967.16,USD,ES,mobile,D-162,2025-12-24T12:01:00,M-018,CABK
T-5768,CU-935,702.21,USD,CO,mobile,D-935,2025-12-24T12:01:00,M-050,BOG
T-3379,CU-422,519.85,USD,MX,web,D-422,2025-12-24T12:01:00,M-033,BAN
T-3380,CU-422,648.47,USD,MX,web,D-422,2025-12-24T12:02:00,M-033,BAN
T-1413,CU-233,217.78,USD,MX,web,D-233,2025-12-24T12:02:00,M-022,SAN
T-2411,CU-408,248.43,USD,US,mobile,D-408,2025-12-24T12:02:00,M-042,JPM
T-7425,CU-008,610.85,PEN,PE,mobile,D-008,2025-12-24T12:02:00,M-020,BCP
T-7366,CU-162,1592.99,USD,ES,mobile,D-162,2025-12-24T12:02:00,M-018,CABK
T-5769,CU-935,834.20,USD,CO,mobile,D-935,2025-12-24T12:02:00,M-050,BOG
T-7426,CU-008,804.80,PEN,PE,mobile,D-008,2025-12-24T12:03:00,M-020,BCP
T-1414,CU-233,470.73,USD,MX,web,D-233,2025-12-24T12:03:00,M-022,SAN
T-7367,CU-162,774.73,USD,ES,mobile,D-162,2025-12-24T12:03:00,M-018,CABK
T-5770,CU-935,438.05,USD,CO,mobile,D-935,2025-12-24T12:03:00,M-050,BOG
T-3381,CU-422,397.19,USD,MX,web,D-422,2025-12-24T12:03:00,M-033,BAN
T-5771,CU-935,758.23,USD,CO,mobile,D-935,2025-12-24T12:04:00,M-050,BOG
T-7427,CU-008,595.31,PEN,PE,mobile,D-008,2025-12-24T12:04:00,M-020,BCP
T-7368,CU-162,1471.20,USD,ES,mobile,D-162,2025-12-24T12:04:00,M-018,CABK
T-1415,CU-233,589.42,USD,MX,web,D-233,2025-12-24T12:04:00,M-022,SAN
T-3382,CU-422,472.55,USD,MX,web,D-422,2025-12-24T12:04:00,M-033,BAN
T-6716,CU-380,4169.07,USD,CO,web,D-380,2025-12-24T12:04:00,M-050,DAV
T-3086,CU-947,6483.04,USD,ES,mobile,D-947,2025-12-24T12:07:00,M-050,SAN
T-1425,CU-391,1634.78,PEN,PE,mobile,D-391,2025-12-24T12:10:00,M-027,IBK
T-4974,CU-832,5339.66,USD,US,web,D-832,2025-12-24T12:17:00,M-013,BAC
T-6204,CU-363,5628.03,USD,AR,web,D-363,2025-12-24T12:19:00,M-015,SAN
T-3291,CU-368,1417.34,USD,US,web,D-368,2025-12-24T12:20:00,M-026,BAC
T-4045,CU-532,748.92,USD,US,web,D-532,2025-12-24T12:25:00,M-050,WFC
T-5434,CU-351,4089.89,USD,MX,web,D-351,2025-12-24T12:29:00,M-030,BAN
T-2041,CU-588,4672.48,USD,US,mobile,D-588,2025-12-24T12:29:00,M-046,BAC
T-3112,CU-277,2159.20,USD,AR,mobile,D-277,2025-12-24T12:32:00,M-048,SAN
T-7234,CU-225,1438.11,USD,MX,mobile,D-225,2025-12-24T12:36:00,M-050,BAN
T-4335,CU-548,2662.86,USD,CO,mobile,D-548,2025-12-24T12:36:00,M-024,DAV
T-7485,CU-228,2077.64,USD,US,web,D-228,2025-12-24T12:42:00,M-004,JPM
T-3806,CU-917,2417.41,USD,CO,mobile,D-917,2025-12-24T12:47:00,M-044,DAV
T-2199,CU-190,2463.08,USD,AR,mobile,D-190,2025-12-24T12:54:00,M-020,BNA
T-6417,CU-259,947.60,USD,US,mobile,D-259,2025-12-24T12:58:00,M-026,JPM
T-3181,CU-646,2479.70,USD,AR,web,D-646,2025-12-24T13:00:00,M-037,GAL
T-4858,CU-690,4880.77,PEN,PE,web,D-690,2025-12-24T13:12:00,M-001,BCP
T-2329,CU-852,991.55,USD,AR,mobile,D-852,2025-12-24T13:16:00,M-025,SAN
T-1170,CU-562,4856.16,USD,CL,web,D-562,2025-12-24T13:19:00,M-014,BCH
T-5008,CU-254,1613.59,USD,CO,web,D-254,2025-12-24T13:21:00,M-042,DAV
T-3117,CU-815,446.77,USD,AR,mobile,D-815,2025-12-24T13:23:00,M-008,SAN
T-2546,CU-562,3135.50,USD,CL,web,D-562,2025-12-24T13:28:00,M-048,BCH
T-4220,CU-411,1745.76,USD,MX,web,D-411,2025-12-24T13:28:00,M-005,SAN
T-6685,CU-791,3715.14,USD,ES,web,D-791,2025-12-24T13:38:00,M-029,SAN
T-4234,CU-981,309.17,USD,ES,web,D-981,2025-12-24T13:39:00,M-017,SAN
T-4414,CU-884,2922.87,USD,CL,web,D-884,2025-12-24T13:40:00,M-037,BCH
T-3010,CU-955,1438.21,USD,ES,mobile,D-955,2025-12-24T13:46:00,M-039,SAN
T-4233,CU-861,1402.53,PEN,PE,mobile,D-861,2025-12-24T13:50:00,M-029,IBK
T-1817,CU-814,1228.45,USD,US,web,D-814,2025-12-24T13:51:00,M-046,WFC
T-2244,CU-160,1164.63,USD,AR,mobile,D-160,2025-12-24T13:52:00,M-033,SAN
T-7015,CU-346,5560.99,USD,US,mobile,D-346,2025-12-24T13:54:00,M-033,WFC
T-2228,CU-112,1699.80,USD,CL,web,D-112,2025-12-24T13:59:00,M-033,SAN
T-3620,CU-545,0.50,USD,CO,mobile,D-999160,2025-12-24T14:00:00,M-020,DAV
T-6236,CU-291,0.50,USD,ES,mobile,D-999712,2025-12-24T14:00:00,M-023,SAN
T-3621,CU-545,0.50,USD,CO,mobile,D-999160,2025-12-24T14:02:00,M-033,DAV
T-1913,CU-039,2099.51,USD,MX,mobile,D-039,2025-12-24T14:02:00,M-045,BBVA
T-6237,CU-291,0.50,USD,ES,mobile,D-999712,2025-12-24T14:02:00,M-033,SAN
T-5189,CU-182,1218.40,USD,MX,web,D-182,2025-12-24T14:03:00,M-021,BAN
T-3239,CU-070,6413.69,USD,CO,web,D-070,2025-12-24T14:03:00,M-040,DAV
T-3622,CU-545,10584.40,USD,CO,mobile,D-999160,2025-12-24T14:06:00,M-031,DAV
T-6238,CU-291,2668.44,USD,ES,mobile,D-999712,2025-12-24T14:06:00,M-001,SAN
T-1220,CU-173,4241.48,USD,MX,mobile,D-173,2025-12-24T14:15:00,M-010,BBVA
T-5352,CU-953,1987.77,USD,US,web,D-953,2025-12-24T14:18:00,M-015,BAC
T-1649,CU-407,2346.14,USD,ES,web,D-407,2025-12-24T14:20:00,M-041,SAN
T-7330,CU-808,3609.23,USD,AR,mobile,D-808,2025-12-24T14:20:00,M-018,GAL
T-1324,CU-723,4874.05,USD,US,web,D-723,2025-12-24T14:23:00,M-019,JPM
T-1042,CU-454,3517.94,USD,ES,web,D-454,2025-12-24T14:24:00,M-016,CABK
T-1318,CU-070,4383.28,USD,CO,web,D-070,2025-12-24T14:28:00,M-025,DAV
T-5898,CU-748,3093.38,USD,MX,web,D-748,2025-12-24T14:28:00,M-033,BAN
T-1176,CU-330,4090.34,USD,CO,web,D-330,2025-12-24T14:32:00,M-012,BAN
T-1756,CU-948,2431.60,PEN,PE,web,D-948,2025-12-24T14:34:00,M-044,BCP
T-5996,CU-212,3031.22,USD,CL,mobile,D-212,2025-12-24T14:35:00,M-021,BCI
T-3178,CU-262,3429.81,USD,ES,web,D-262,2025-12-24T14:35:00,M-001,BBVA
T-1620,CU-586,784.88,USD,MX,web,D-586,2025-12-24T14:39:00,M-024,BBVA
T-7923,CU-464,291.16,USD,ES,mobile,D-464,2025-12-24T14:40:00,M-040,CABK
T-5284,CU-922,3685.08,USD,MX,mobile,D-922,2025-12-24T14:46:00,M-021,BBVA
T-5875,CU-432,285.75,USD,US,web,D-432,2025-12-24T14:47:00,M-018,BAC
T-5835,CU-457,1798.63,USD,CO,mobile,D-457,2025-12-24T14:48:00,M-016,DAV
T-6552,CU-843,3137.26,USD,ES,web,D-843,2025-12-24T14:51:00,M-019,CABK
T-7681,CU-191,448.87,USD,CL,web,D-191,2025-12-24T14:52:00,M-048,SAN
T-6853,CU-210,3250.97,USD,ES,web,D-210,2025-12-24T14:53:00,M-048,SAN
T-7632,CU-307,3509.77,PEN,PE,mobile,D-307,2025-12-24T14:54:00,M-049,BCP
T-7261,CU-666,1696.38,USD,MX,mobile,D-666,2025-12-24T14:57:00,M-014,BBVA
T-2904,CU-076,3305.38,USD,ES,web,D-076,2025-12-24T15:06:00,M-008,CABK
T-7302,CU-309,1996.35,USD,CO,mobile,D-309,2025-12-24T15:09:00,M-014,DAV
T-2803,CU-800,1838.97,USD,ES,web,D-800,2025-12-24T15:12:00,M-021,SAN
T-3821,CU-685,138.38,USD,CL,web,D-685,2025-12-24T15:15:00,M-012,BCI
T-1085,CU-925,1539.16,USD,MX,web,D-925,2025-12-24T15:16:00,M-021,SAN
T-7115,CU-190,3078.67,USD,AR,mobile,D-190,2025-12-24T15:19:00,M-021,BNA
T-4993,CU-525,4468.06,USD,RU,web,D-999847,2025-12-24T15:19:00,M-017,SAN
T-7070,CU-631,1215.32,USD,US,web,D-631,2025-12-24T15:27:00,M-011,JPM
T-1718,CU-865,208.55,PEN,PE,mobile,D-865,2025-12-24T15:28:00,M-040,BCP
T-1012,CU-825,4026.84,USD,US,mobile,D-825,2025-12-24T15:30:00,M-012,BAC
T-6362,CU-293,3230.31,USD,CL,web,D-293,2025-12-24T15:37:00,M-046,BCH
T-4949,CU-763,3408.44,USD,ES,web,D-763,2025-12-24T15:38:00,M-016,CABK
T-3318,CU-289,2216.99,USD,CL,mobile,D-289,2025-12-24T15:51:00,M-030,BCI
T-6303,CU-087,87.76,USD,CL,mobile,D-087,2025-12-24T15:52:00,M-037,SAN
T-1248,CU-444,3181.50,USD,MX,web,D-444,2025-12-24T15:59:00,M-018,BBVA
T-5078,CU-460,800.96,USD,US,mobile,D-460,2025-12-24T16:10:00,M-042,BAC
T-3031,CU-021,5205.12,USD,CO,web,D-021,2025-12-24T16:18:00,M-003,BOG
T-7615,CU-922,4187.85,USD,MX,mobile,D-922,2025-12-24T16:30:00,M-031,BBVA
T-2752,CU-323,6058.69,USD,RU,web,D-999374,2025-12-24T16:38:00,M-046,WFC
T-4277,CU-821,2199.16,PEN,PE,mobile,D-821,2025-12-24T16:38:00,M-032,BCP
T-7288,CU-425,2150.48,USD,CL,mobile,D-425,2025-12-24T16:39:00,M-024,BCH
T-5166,CU-711,3272.91,USD,MX,mobile,D-711,2025-12-24T16:41:00,M-016,BAN
T-3988,CU-198,3523.41,USD,RU,mobile,D-999228,2025-12-24T16:43:00,M-050,SAN
T-2046,CU-938,1546.70,USD,MX,mobile,D-938,2025-12-24T16:46:00,M-008,SAN
T-2414,CU-987,2474.29,USD,ES,web,D-987,2025-12-24T16:48:00,M-017,CABK
T-4462,CU-780,518.04,USD,MX,mobile,D-780,2025-12-24T16:50:00,M-033,SAN
T-1351,CU-214,515.17,USD,AR,mobile,D-214,2025-12-24T16:59:00,M-010,BNA
T-3651,CU-794,5758.42,USD,CL,web,D-794,2025-12-24T17:00:00,M-020,BCH
T-7995,CU-992,2807.31,USD,MX,mobile,D-992,2025-12-24T17:00:00,M-011,BAN
T-4474,CU-150,259.63,USD,CO,mobile,D-150,2025-12-24T17:03:00,M-002,BAN
T-1023,CU-532,1408.45,USD,US,web,D-532,2025-12-24T17:04:00,M-037,WFC
T-6833,CU-208,1688.56,USD,CL,web,D-208,2025-12-24T17:14:00,M-050,BCI
T-4001,CU-292,2974.03,PEN,PE,mobile,D-292,2025-12-24T17:16:00,M-020,BCP
T-4613,CU-302,1040.02,USD,US,web,D-302,2025-12-24T17:18:00,M-009,WFC
T-7000,CU-630,5767.36,USD,MX,web,D-630,2025-12-24T17:19:00,M-023,SAN
T-2528,CU-647,2619.68,USD,ES,mobile,D-647,2025-12-24T17:23:00,M-040,CABK
T-5869,CU-099,1822.57,USD,AR,web,D-099,2025-12-24T17:24:00,M-040,SAN
T-6064,CU-420,131.79,USD,MX,web,D-420,2025-12-24T17:27:00,M-015,BBVA
T-4278,CU-154,1268.46,PEN,PE,web,D-154,2025-12-24T17:30:00,M-002,BBVA
T-1828,CU-258,3300.50,PEN,PE,mobile,D-258,2025-12-24T17:31:00,M-010,BCP
T-4882,CU-518,1798.67,USD,CL,web,D-518,2025-12-24T17:32:00,M-013,BCI
T-4247,CU-364,691.00,USD,ES,web,D-364,2025-12-24T17:34:00,M-010,CABK
T-5573,CU-047,2596.30,USD,AR,mobile,D-047,2025-12-24T17:38:00,M-008,BNA
T-1951,CU-063,6365.97,USD,MX,web,D-063,2025-12-24T17:39:00,M-029,BBVA
T-2323,CU-812,3399.06,USD,US,mobile,D-812,2025-12-24T17:41:00,M-026,BAC
T-4856,CU-446,683.71,USD,MX,web,D-446,2025-12-24T17:43:00,M-050,SAN
T-7186,CU-560,2567.96,USD,US,web,D-560,2025-12-24T17:44:00,M-033,BAC
T-5233,CU-409,2593.69,PEN,PE,web,D-409,2025-12-24T17:45:00,M-050,IBK
T-4021,CU-982,5619.15,PEN,PE,web,D-982,2025-12-24T17:49:00,M-031,IBK
T-1782,CU-977,3761.89,USD,AR,mobile,D-977,2025-12-24T17:57:00,M-046,BNA
T-7698,CU-584,3023.51,USD,AR,mobile,D-584,2025-12-24T18:00:00,M-048,SAN
T-2485,CU-508,502.45,USD,CL,mobile,D-508,2025-12-24T18:00:00,M-025,BCI
T-7375,CU-291,343.80,USD,ES,mobile,D-291,2025-12-24T18:05:00,M-046,SAN
T-3930,CU-947,6164.11,USD,ES,mobile,D-947,2025-12-24T18:13:00,M-018,SAN
T-3878,CU-950,1883.00,USD,AR,mobile,D-950,2025-12-24T18:15:00,M-031,BNA
T-5705,CU-050,1001.21,PEN,PE,mobile,D-050,2025-12-24T18:18:00,M-013,IBK
T-2930,CU-553,2580.16,PEN,PE,web,D-553,2025-12-24T18:19:00,M-048,IBK
T-7980,CU-269,2185.56,USD,ES,mobile,D-269,2025-12-24T18:20:00,M-033,BBVA
T-5100,CU-343,930.25,USD,US,web,D-343,2025-12-24T18:21:00,M-039,BAC
T-2556,CU-165,4316.57,USD,CO,web,D-165,2025-12-24T18:24:00,M-046,BAN
T-1671,CU-789,2803.79,USD,US,web,D-789,2025-12-24T18:27:00,M-046,WFC
T-6017,CU-730,968.59,USD,CO,mobile,D-730,2025-12-24T18:28:00,M-009,BAN
T-6067,CU-211,2245.67,USD,CL,mobile,D-211,2025-12-24T18:38:00,M-038,BCH
T-7409,CU-328,3669.60,PEN,PE,mobile,D-328,2025-12-24T18:42:00,M-008,BCP
T-7856,CU-084,2085.10,USD,ES,web,D-084,2025-12-24T18:46:00,M-022,SAN
T-6307,CU-606,2965.00,USD,ES,web,D-606,2025-12-24T18:51:00,M-031,BBVA
T-2733,CU-958,4524.33,USD,CO,mobile,D-958,2025-12-24T19:00:00,M-037,BAN
T-2158,CU-019,3131.13,USD,CO,web,D-019,2025-12-24T19:04:00,M-023,BAN
T-6542,CU-863,2457.40,USD,AR,web,D-863,2025-12-24T19:05:00,M-050,BNA
T-3532,CU-147,914.47,PEN,PE,mobile,D-147,2025-12-24T19:09:00,M-002,BCP
T-4046,CU-010,5247.02,USD,CO,web,D-010,2025-12-24T19:10:00,M-040,BOG
T-4908,CU-524,3513.55,USD,AR,web,D-524,2025-12-24T19:10:00,M-002,SAN
T-5450,CU-420,68.30,USD,MX,web,D-420,2025-12-24T19:28:00,M-050,BBVA
T-1191,CU-801,5372.62,USD,MX,web,D-801,2025-12-24T19:37:00,M-006,BAN
T-2670,CU-427,3765.16,USD,US,web,D-427,2025-12-24T19:40:00,M-031,BAC
T-4583,CU-626,345.15,USD,CO,mobile,D-626,2025-12-24T19:43:00,M-020,BOG
T-3429,CU-251,3199.54,USD,US,mobile,D-251,2025-12-24T19:51:00,M-046,JPM
T-1935,CU-378,1195.08,USD,MX,mobile,D-378,2025-12-24T19:55:00,M-015,BBVA
T-1640,CU-562,5183.80,USD,CL,web,D-562,2025-12-24T19:56:00,M-019,BCH
T-5563,CU-155,2254.39,USD,ES,mobile,D-155,2025-12-24T20:02:00,M-013,BBVA
T-2594,CU-787,164.43,USD,CO,mobile,D-787,2025-12-24T20:09:00,M-040,BAN
T-2270,CU-572,1979.99,USD,US,mobile,D-572,2025-12-24T20:20:00,M-035,WFC
T-5750,CU-461,6065.43,USD,CO,mobile,D-461,2025-12-24T20:41:00,M-028,BOG
T-6048,CU-491,1171.44,USD,MX,mobile,D-491,2025-12-24T20:50:00,M-039,BAN
T-2859,CU-164,1218.18,USD,MX,mobile,D-164,2025-12-24T20:55:00,M-026,BAN
T-6479,CU-517,130.71,PEN,PE,web,D-517,2025-12-24T21:00:00,M-029,BCP
T-2823,CU-406,550.80,USD,CO,mobile,D-406,2025-12-24T21:01:00,M-039,BOG
T-7861,CU-798,4496.83,USD,CO,web,D-798,2025-12-24T21:01:00,M-015,BAN
T-1592,CU-406,327.96,USD,CO,mobile,D-406,2025-12-24T21:02:00,M-030,BOG
T-4149,CU-171,1457.14,USD,US,web,D-171,2025-12-24T21:05:00,M-010,WFC
T-5614,CU-364,519.96,USD,ES,web,D-364,2025-12-24T21:10:00,M-044,CABK
T-5521,CU-086,2024.57,USD,CL,mobile,D-086,2025-12-24T21:15:00,M-024,BCH
T-3879,CU-689,5346.39,USD,AR,web,D-689,2025-12-24T21:40:00,M-014,SAN
T-7087,CU-393,4923.89,PEN,PE,mobile,D-393,2025-12-24T21:45:00,M-001,BBVA
T-7803,CU-240,281.68,USD,ES,mobile,D-240,2025-12-24T21:47:00,M-041,CABK
T-2896,CU-078,1052.86,USD,US,web,D-078,2025-12-24T21:55:00,M-015,BAC
T-5068,CU-653,2657.67,USD,AR,web,D-653,2025-12-24T21:55:00,M-001,GAL
T-7510,CU-476,4755.45,USD,ES,web,D-476,2025-12-24T21:59:00,M-033,SAN
T-1716,CU-857,14212.54,USD,CL,mobile,D-857,2025-12-24T22:00:00,M-011,BCI
T-5162,CU-559,5641.18,USD,AR,mobile,D-559,2025-12-24T22:19:00,M-010,SAN
T-4783,CU-772,3724.32,PEN,PE,web,D-772,2025-12-24T22:40:00,M-038,BCP
T-6835,CU-487,2760.94,USD,CO,web,D-487,2025-12-24T22:45:00,M-031,BAN
T-6878,CU-589,2121.98,USD,US,mobile,D-589,2025-12-24T22:47:00,M-019,WFC
T-5682,CU-089,7944.33,USD,AR,web,D-089,2025-12-25T00:10:00,M-039,BNA
T-4887,CU-284,4798.97,USD,CL,web,D-284,2025-12-25T06:17:00,M-024,BCH
T-1228,CU-161,3533.27,USD,CL,web,D-161,2025-12-25T06:18:00,M-033,SAN
T-6199,CU-087,97.31,USD,CL,mobile,D-087,2025-12-25T06:20:00,M-006,SAN
T-4315,CU-452,1502.52,USD,CO,mobile,D-452,2025-12-25T06:25:00,M-011,BOG
T-2505,CU-720,1026.78,PEN,PE,web,D-720,2025-12-25T06:29:00,M-043,BBVA
T-5241,CU-324,15882.75,PEN,PE,mobile,D-324,2025-12-25T06:39:00,M-012,IBK
T-2171,CU-218,2461.56,USD,MX,web,D-218,2025-12-25T07:09:00,M-012,BBVA
T-3006,CU-652,6964.30,USD,CO,web,D-652,2025-12-25T07:16:00,M-033,DAV
T-4846,CU-140,2289.72,USD,ES,mobile,D-140,2025-12-25T07:28:00,M-028,CABK
T-5130,CU-225,2650.71,USD,MX,mobile,D-225,2025-12-25T07:32:00,M-009,BAN
T-2083,CU-484,7077.31,USD,CO,web,D-484,2025-12-25T08:09:00,M-047,DAV
T-2829,CU-606,3485.67,USD,ES,web,D-606,2025-12-25T08:19:00,M-049,BBVA
T-6025,CU-820,1991.91,PEN,PE,web,D-820,2025-12-25T08:21:00,M-016,BCP
T-2956,CU-499,2573.27,PEN,PE,mobile,D-499,2025-12-25T08:37:00,M-031,BCP
T-2836,CU-373,3026.79,USD,US,web,D-373,2025-12-25T08:38:00,M-007,BAC
T-4083,CU-363,6067.88,USD,AR,web,D-363,2025-12-25T08:41:00,M-016,SAN
T-1342,CU-427,12795.21,USD,US,web,D-427,2025-12-25T09:00:00,M-011,BAC
T-3413,CU-446,2428.84,USD,MX,web,D-446,2025-12-25T09:00:00,M-034,SAN
T-4224,CU-046,11392.47,USD,MX,mobile,D-046,2025-12-25T09:00:00,M-008,BBVA
T-7732,CU-218,2088.58,USD,MX,web,D-218,2025-12-25T09:15:00,M-013,BBVA
T-1575,CU-765,3021.40,USD,CO,web,D-765,2025-12-25T09:26:00,M-007,BOG
T-6022,CU-461,2627.64,USD,CO,mobile,D-461,2025-12-25T09:47:00,M-040,BOG
T-1147,CU-204,4203.82,USD,MX,mobile,D-204,2025-12-25T09:48:00,M-024,BAN
T-1464,CU-873,3189.91,USD,ES,web,D-873,2025-12-25T09:49:00,M-028,CABK
T-5957,CU-107,5316.29,USD,MX,web,D-107,2025-12-25T09:50:00,M-038,BAN
T-7631,CU-602,2176.90,USD,US,mobile,D-602,2025-12-25T09:51:00,M-017,WFC
T-6519,CU-846,250.58,USD,US,mobile,D-846,2025-12-25T09:52:00,M-030,BAC
T-4464,CU-890,2095.14,USD,CO,web,D-890,2025-12-25T09:57:00,M-020,DAV
T-1491,CU-030,2562.92,PEN,PE,mobile,D-030,2025-12-25T10:00:00,M-045,BBVA
T-4050,CU-367,5613.54,PEN,PE,web,D-367,2025-12-25T10:00:00,M-032,BBVA
T-7134,CU-406,436.70,PEN,PE,mobile,D-406,2025-12-25T10:00:00,M-011,BOG
T-6335,CU-509,4380.73,PEN,PE,web,D-509,2025-12-25T10:00:00,M-018,BNA
T-3190,CU-924,2491.71,PEN,PE,mobile,D-924,2025-12-25T10:00:00,M-003,BCP
T-6509,CU-394,4433.45,PEN,PE,web,D-394,2025-12-25T10:00:00,M-012,SAN
T-3750,CU-182,2093.85,PEN,PE,web,D-182,2025-12-25T10:00:00,M-021,BAN
T-1973,CU-205,802.27,PEN,PE,web,D-205,2025-12-25T10:00:00,M-999,IBK
T-7439,CU-398,2750.43,PEN,PE,web,D-398,2025-12-25T10:00:00,M-031,BCP
T-6196,CU-016,5556.36,USD,AR,mobile,D-016,2025-12-25T10:06:00,M-047,SAN
T-4267,CU-856,2997.48,USD,MX,mobile,D-856,2025-12-25T10:08:00,M-022,BBVA
T-1448,CU-968,655.76,USD,MX,mobile,D-968,2025-12-25T10:08:00,M-020,BBVA
T-3769,CU-194,4912.09,USD,US,web,D-194,2025-12-25T10:08:00,M-049,JPM
T-5171,CU-876,3509.70,USD,CL,web,D-876,2025-12-25T10:11:00,M-049,SAN
T-2047,CU-311,3306.59,USD,CO,web,D-311,2025-12-25T10:16:00,M-032,BAN
T-1470,CU-107,3026.53,USD,MX,web,D-107,2025-12-25T10:18:00,M-038,BAN
T-6524,CU-894,732.70,USD,US,web,D-894,2025-12-25T10:19:00,M-007,WFC
T-6790,CU-822,5932.87,USD,CO,mobile,D-822,2025-12-25T10:42:00,M-021,BOG
T-3103,CU-790,367.51,USD,CO,mobile,D-790,2025-12-25T10:47:00,M-020,DAV
T-1985,CU-843,1510.27,USD,ES,web,D-843,2025-12-25T10:54:00,M-002,CABK
T-3119,CU-674,4229.89,USD,AR,mobile,D-674,2025-12-25T10:56:00,M-046,BNA
T-4200,CU-220,2244.79,USD,AR,mobile,D-220,2025-12-25T10:57:00,M-048,BNA
T-1343,CU-427,12795.21,USD,US,web,D-427,2025-12-25T11:00:00,M-011,BAC
T-3213,CU-058,542.24,USD,AR,mobile,D-058,2025-12-25T11:00:00,M-003,BNA
T-3414,CU-446,2428.84,USD,MX,web,D-446,2025-12-25T11:00:00,M-034,SAN
T-6444,CU-967,2903.63,USD,CL,web,D-967,2025-12-25T11:00:00,M-037,SAN
T-4225,CU-046,11392.47,USD,MX,mobile,D-046,2025-12-25T11:00:00,M-008,BBVA
T-1588,CU-980,1655.53,USD,CO,mobile,D-980,2025-12-25T11:07:00,M-005,BOG
T-6030,CU-259,1832.19,USD,US,mobile,D-259,2025-12-25T11:09:00,M-015,JPM
T-1247,CU-705,4488.08,PEN,PE,web,D-705,2025-12-25T11:12:00,M-005,BCP
T-1642,CU-787,200.49,USD,CO,mobile,D-787,2025-12-25T11:18:00,M-033,BAN
T-6347,CU-416,2377.47,USD,CL,web,D-416,2025-12-25T11:26:00,M-027,SAN
T-5525,CU-756,975.14,USD,CL,mobile,D-756,2025-12-25T11:27:00,M-022,SAN
T-3191,CU-924,2491.71,USD,ES,mobile,D-924,2025-12-25T11:30:00,M-018,BCP
T-6510,CU-394,4433.45,USD,ES,web,D-394,2025-12-25T11:30:00,M-003,SAN
T-6336,CU-509,4380.73,USD,ES,web,D-509,2025-12-25T11:30:00,M-026,BNA
T-7440,CU-398,2750.43,USD,ES,web,D-398,2025-12-25T11:30:00,M-021,BCP
T-1492,CU-030,2562.92,USD,ES,mobile,D-030,2025-12-25T11:30:00,M-016,BBVA
T-3751,CU-182,2093.85,USD,ES,web,D-182,2025-12-25T11:30:00,M-001,BAN
T-7135,CU-406,436.70,USD,ES,mobile,D-406,2025-12-25T11:30:00,M-008,BOG
T-4938,CU-717,240.72,USD,AR,web,D-717,2025-12-25T11:32:00,M-020,BNA
T-5055,CU-114,4996.28,USD,CO,web,D-114,2025-12-25T11:37:00,M-035,BAN
T-3645,CU-849,2894.98,USD,CL,mobile,D-849,2025-12-25T11:39:00,M-023,BCH
T-7159,CU-395,1152.84,USD,MX,mobile,D-395,2025-12-25T11:45:00,M-016,BAN
T-1267,CU-637,2736.12,USD,CO,web,D-637,2025-12-25T11:48:00,M-037,BAN
T-4324,CU-432,483.84,USD,US,web,D-432,2025-12-25T11:51:00,M-045,BAC
T-2842,CU-377,3236.36,USD,AR,web,D-377,2025-12-25T11:53:00,M-027,GAL
T-7926,CU-761,161.77,PEN,PE,web,D-761,2025-12-25T12:01:00,M-007,BBVA
T-7927,CU-761,98.62,PEN,PE,web,D-761,2025-12-25T12:02:00,M-007,BBVA
T-7928,CU-761,301.75,PEN,PE,web,D-761,2025-12-25T12:03:00,M-007,BBVA
T-7929,CU-761,282.57,PEN,PE,web,D-761,2025-12-25T12:04:00,M-007,BBVA
T-4496,CU-500,3663.54,USD,US,web,D-500,2025-12-25T12:13:00,M-010,WFC
T-5610,CU-003,3296.44,USD,US,mobile,D-003,2025-12-25T12:15:00,M-021,WFC
T-1336,CU-230,2912.51,USD,ES,web,D-230,2025-12-25T12:19:00,M-049,BBVA
T-7920,CU-574,1730.37,PEN,PE,mobile,D-574,2025-12-25T12:19:00,M-043,IBK
T-7653,CU-113,2927.15,USD,US,mobile,D-113,2025-12-25T12:23:00,M-037,WFC
T-6086,CU-614,793.82,PEN,PE,mobile,D-614,2025-12-25T12:23:00,M-030,BCP
T-7037,CU-502,545.99,USD,US,mobile,D-502,2025-12-25T12:29:00,M-036,JPM
T-7105,CU-784,888.78,PEN,PE,web,D-784,2025-12-25T12:33:00,M-004,IBK
T-4273,CU-368,1208.77,USD,US,web,D-368,2025-12-25T12:45:00,M-017,BAC
T-6089,CU-947,2401.53,USD,RU,mobile,D-999271,2025-12-25T12:48:00,M-019,SAN
T-3415,CU-446,2428.84,USD,MX,web,D-446,2025-12-25T13:00:00,M-034,SAN
T-1344,CU-427,12795.21,USD,US,web,D-427,2025-12-25T13:00:00,M-011,BAC
T-4226,CU-046,11392.47,USD,MX,mobile,D-046,2025-12-25T13:00:00,M-008,BBVA
T-7702,CU-547,1357.12,USD,CL,web,D-547,2025-12-25T13:05:00,M-004,BCI
T-6925,CU-854,4242.29,PEN,PE,web,D-854,2025-12-25T13:08:00,M-028,BCP
T-7707,CU-707,2287.97,USD,AR,mobile,D-707,2025-12-25T13:39:00,M-014,GAL
T-7539,CU-852,948.89,USD,AR,mobile,D-852,2025-12-25T13:56:00,M-043,SAN
T-2204,CU-280,2791.30,USD,RU,web,D-999280,2025-12-25T13:58:00,M-039,BAN
T-3292,CU-435,0.50,USD,CL,web,D-999149,2025-12-25T14:00:00,M-036,SAN
T-2179,CU-517,0.50,PEN,PE,web,D-999123,2025-12-25T14:00:00,M-029,BCP
T-2324,CU-320,4723.96,USD,MX,web,D-320,2025-12-25T14:00:00,M-048,BAN
T-3293,CU-435,0.50,USD,CL,web,D-999149,2025-12-25T14:02:00,M-026,SAN
T-2180,CU-517,0.50,PEN,PE,web,D-999123,2025-12-25T14:02:00,M-038,BCP
T-3294,CU-435,18005.48,USD,CL,web,D-999149,2025-12-25T14:06:00,M-033,SAN
T-2181,CU-517,810.32,PEN,PE,web,D-999123,2025-12-25T14:06:00,M-033,BCP
T-1977,CU-793,261.22,PEN,PE,mobile,D-793,2025-12-25T14:08:00,M-039,BCP
T-2346,CU-407,6030.48,USD,ES,web,D-407,2025-12-25T14:14:00,M-044,SAN
T-2796,CU-872,3158.67,USD,CL,mobile,D-872,2025-12-25T14:15:00,M-009,BCH
T-7747,CU-209,2392.88,USD,US,web,D-209,2025-12-25T14:18:00,M-028,WFC
T-6771,CU-385,5391.03,USD,US,mobile,D-385,2025-12-25T14:19:00,M-045,WFC
T-2016,CU-695,1155.08,USD,ES,mobile,D-695,2025-12-25T14:20:00,M-031,CABK
T-5766,CU-770,4034.50,USD,US,web,D-770,2025-12-25T14:24:00,M-039,BAC
T-5997,CU-048,2747.22,USD,MX,web,D-048,2025-12-25T14:26:00,M-036,SAN
T-2397,CU-653,3276.47,USD,AR,web,D-653,2025-12-25T14:28:00,M-005,GAL
T-6810,CU-338,3013.98,PEN,PE,web,D-338,2025-12-25T14:29:00,M-025,BCP
T-2333,CU-185,2697.23,USD,CO,mobile,D-185,2025-12-25T14:37:00,M-044,DAV
T-3599,CU-375,1777.02,USD,AR,mobile,D-375,2025-12-25T14:41:00,M-002,BNA
T-4643,CU-359,2608.90,USD,MX,web,D-359,2025-12-25T14:41:00,M-011,SAN
T-6340,CU-902,2403.56,USD,CO,web,D-902,2025-12-25T14:52:00,M-046,DAV
T-7333,CU-250,5513.20,USD,ES,mobile,D-250,2025-12-25T14:59:00,M-011,BBVA
T-5024,CU-938,1957.05,USD,MX,mobile,D-938,2025-12-25T15:00:00,M-041,SAN
T-3605,CU-507,3409.74,USD,AR,web,D-507,2025-12-25T15:02:00,M-025,SAN
T-2962,CU-267,2666.52,USD,MX,web,D-267,2025-12-25T15:02:00,M-030,BAN
T-2504,CU-214,607.89,USD,AR,mobile,D-214,2025-12-25T15:05:00,M-050,BNA
T-7057,CU-443,3629.56,USD,ES,web,D-443,2025-12-25T15:08:00,M-027,CABK
T-5108,CU-887,1132.86,USD,MX,mobile,D-887,2025-12-25T15:08:00,M-028,BAN
T-7521,CU-181,2631.74,USD,US,mobile,D-181,2025-12-25T15:11:00,M-003,WFC
T-3565,CU-777,843.71,USD,AR,mobile,D-777,2025-12-25T15:11:00,M-030,BNA
T-5594,CU-205,1595.38,PEN,PE,web,D-205,2025-12-25T15:14:00,M-002,IBK
T-1760,CU-512,641.17,USD,AR,mobile,D-512,2025-12-25T15:18:00,M-024,SAN
T-6175,CU-610,3499.09,USD,ES,mobile,D-610,2025-12-25T15:20:00,M-005,CABK
T-1157,CU-579,2718.57,USD,US,web,D-579,2025-12-25T15:21:00,M-048,BAC
T-6093,CU-260,585.05,USD,CO,mobile,D-260,2025-12-25T15:26:00,M-047,BAN
T-6468,CU-713,1792.07,USD,US,web,D-713,2025-12-25T15:27:00,M-010,JPM
T-2792,CU-691,5156.51,USD,US,mobile,D-691,2025-12-25T15:28:00,M-006,WFC
T-5938,CU-957,893.81,USD,CL,web,D-957,2025-12-25T15:29:00,M-030,SAN
T-5191,CU-319,1833.12,USD,AR,mobile,D-319,2025-12-25T15:30:00,M-044,GAL
T-3713,CU-401,2950.62,USD,CO,mobile,D-401,2025-12-25T15:34:00,M-050,BAN
T-7063,CU-756,1645.57,USD,CL,mobile,D-756,2025-12-25T15:36:00,M-009,SAN
T-6420,CU-661,3613.47,USD,AR,web,D-661,2025-12-25T15:39:00,M-035,BNA
T-3032,CU-055,2682.02,USD,AR,mobile,D-055,2025-12-25T15:41:00,M-050,GAL
T-2638,CU-889,1550.48,PEN,PE,mobile,D-889,2025-12-25T15:47:00,M-001,BBVA
T-3277,CU-634,1760.75,USD,ES,mobile,D-634,2025-12-25T15:50:00,M-013,CABK
T-4806,CU-154,2036.84,PEN,PE,web,D-154,2025-12-25T15:51:00,M-045,BBVA
T-5330,CU-611,2176.11,USD,MX,web,D-611,2025-12-25T15:53:00,M-050,SAN
T-4902,CU-408,421.19,USD,US,mobile,D-408,2025-12-25T15:57:00,M-038,JPM
T-6555,CU-1000,4443.09,USD,CL,web,D-1000,2025-12-25T15:58:00,M-011,BCH
T-5783,CU-087,60.52,USD,CL,mobile,D-087,2025-12-25T16:04:00,M-019,SAN
T-6424,CU-186,3193.21,USD,US,mobile,D-186,2025-12-25T16:09:00,M-041,JPM
T-4119,CU-105,1793.08,USD,MX,mobile,D-105,2025-12-25T16:09:00,M-029,BBVA
T-2692,CU-055,5024.26,USD,AR,mobile,D-055,2025-12-25T16:18:00,M-003,GAL
T-3692,CU-927,627.77,USD,CL,web,D-927,2025-12-25T16:35:00,M-010,BCI
T-2575,CU-615,3505.79,USD,US,mobile,D-615,2025-12-25T16:36:00,M-027,JPM
T-5889,CU-650,2618.32,USD,ES,web,D-650,2025-12-25T16:46:00,M-022,CABK
T-4791,CU-972,1553.26,USD,US,web,D-972,2025-12-25T16:56:00,M-035,JPM
T-4451,CU-356,5273.39,USD,ES,web,D-356,2025-12-25T17:00:00,M-010,BBVA
T-4168,CU-304,4147.67,USD,MX,web,D-304,2025-12-25T17:00:00,M-007,BBVA
T-7557,CU-728,2463.96,USD,CL,mobile,D-728,2025-12-25T17:09:00,M-013,SAN
T-1111,CU-399,1570.08,USD,MX,mobile,D-399,2025-12-25T17:09:00,M-020,SAN
T-6158,CU-406,476.59,USD,CO,mobile,D-406,2025-12-25T17:15:00,M-022,BOG
T-5715,CU-930,1683.32,PEN,PE,mobile,D-930,2025-12-25T17:21:00,M-023,IBK
T-4363,CU-100,1615.51,USD,AR,web,D-100,2025-12-25T17:21:00,M-046,SAN
T-3604,CU-088,2650.32,USD,ES,web,D-088,2025-12-25T17:22:00,M-050,SAN
T-1819,CU-980,774.49,USD,CO,mobile,D-980,2025-12-25T17:30:00,M-006,BOG
T-3666,CU-570,592.95,USD,CL,mobile,D-570,2025-12-25T17:32:00,M-023,SAN
T-6791,CU-201,3955.92,USD,US,web,D-201,2025-12-25T17:35:00,M-034,JPM
T-3248,CU-973,143.03,USD,MX,web,D-973,2025-12-25T17:45:00,M-004,BAN
T-7395,CU-487,1934.06,USD,CO,web,D-487,2025-12-25T17:45:00,M-024,BAN
T-5722,CU-122,4467.76,USD,CL,web,D-122,2025-12-25T17:47:00,M-036,SAN
T-3238,CU-087,92.50,USD,CL,mobile,D-087,2025-12-25T17:48:00,M-031,SAN
T-6880,CU-229,2748.65,PEN,PE,mobile,D-229,2025-12-25T17:50:00,M-012,BBVA
T-2770,CU-799,970.41,PEN,PE,web,D-799,2025-12-25T17:52:00,M-008,IBK
T-3052,CU-825,4317.72,USD,US,mobile,D-825,2025-12-25T17:53:00,M-002,BAC
T-4380,CU-394,4379.47,USD,AR,web,D-394,2025-12-25T17:53:00,M-004,SAN
T-3473,CU-098,1961.23,USD,ES,mobile,D-098,2025-12-25T18:00:00,M-048,CABK
T-3490,CU-169,1488.63,USD,US,mobile,D-169,2025-12-25T18:13:00,M-003,BAC
T-5590,CU-263,6373.01,USD,AR,web,D-263,2025-12-25T18:14:00,M-006,GAL
T-6099,CU-962,1374.32,PEN,PE,web,D-962,2025-12-25T18:30:00,M-041,IBK
T-1480,CU-307,3620.86,PEN,PE,mobile,D-307,2025-12-25T18:31:00,M-038,BCP
T-4143,CU-951,3738.71,USD,CO,mobile,D-951,2025-12-25T18:32:00,M-014,BOG
T-5747,CU-508,642.98,USD,CL,mobile,D-508,2025-12-25T18:34:00,M-009,BCI
T-4327,CU-731,5203.28,USD,CO,mobile,D-731,2025-12-25T18:44:00,M-011,BOG
T-3061,CU-166,1128.30,USD,AR,web,D-166,2025-12-25T18:46:00,M-036,BNA
T-5685,CU-464,229.63,USD,ES,mobile,D-464,2025-12-25T18:48:00,M-045,CABK
T-6941,CU-768,6586.21,PEN,PE,web,D-768,2025-12-25T18:49:00,M-001,BCP
T-5900,CU-214,1125.07,USD,AR,mobile,D-214,2025-12-25T18:50:00,M-024,BNA
T-3330,CU-596,1076.69,PEN,PE,web,D-596,2025-12-25T18:52:00,M-028,BCP
T-2432,CU-042,2904.70,USD,US,mobile,D-042,2025-12-25T18:55:00,M-038,JPM
T-6071,CU-909,1763.01,USD,MX,web,D-909,2025-12-25T18:57:00,M-041,SAN
T-6321,CU-678,1220.77,USD,CO,mobile,D-678,2025-12-25T19:00:00,M-999,DAV
T-7405,CU-554,1245.11,USD,US,mobile,D-554,2025-12-25T19:03:00,M-006,BAC
T-4639,CU-317,2617.92,USD,CL,web,D-317,2025-12-25T19:04:00,M-021,BCH
T-6020,CU-736,743.38,USD,ES,mobile,D-736,2025-12-25T19:30:00,M-042,CABK
T-7833,CU-212,3597.08,USD,CL,mobile,D-212,2025-12-25T19:41:00,M-047,BCI
T-1750,CU-674,3425.85,USD,AR,mobile,D-674,2025-12-25T19:55:00,M-017,BNA
T-3992,CU-529,532.54,USD,US,mobile,D-529,2025-12-25T20:05:00,M-017,BAC
T-1676,CU-179,3713.89,USD,CL,mobile,D-179,2025-12-25T20:08:00,M-006,SAN
T-2998,CU-325,4044.96,PEN,PE,mobile,D-325,2025-12-25T20:15:00,M-016,BCP
T-5400,CU-943,2933.57,USD,ES,mobile,D-943,2025-12-25T20:16:00,M-013,BBVA
T-2760,CU-875,307.73,USD,ES,mobile,D-875,2025-12-25T20:18:00,M-035,SAN
T-4900,CU-549,689.97,USD,MX,mobile,D-549,2025-12-25T20:20:00,M-050,BBVA
T-5959,CU-985,2366.69,PEN,PE,web,D-985,2025-12-25T20:32:00,M-039,IBK
T-4953,CU-721,2837.71,USD,US,web,D-721,2025-12-25T20:34:00,M-037,JPM
T-2612,CU-866,1105.19,USD,US,web,D-866,2025-12-25T20:35:00,M-016,BAC
T-5980,CU-929,15413.51,USD,MX,mobile,D-929,2025-12-25T20:40:00,M-010,BBVA
T-4722,CU-358,7294.11,USD,MX,mobile,D-358,2025-12-25T20:41:00,M-025,BAN
T-6058,CU-982,4635.01,PEN,PE,web,D-982,2025-12-25T20:45:00,M-035,IBK
T-5204,CU-381,311.03,USD,AR,mobile,D-381,2025-12-25T20:46:00,M-046,SAN
T-7683,CU-415,955.77,USD,CO,web,D-415,2025-12-25T20:55:00,M-046,DAV
T-7608,CU-604,1174.58,USD,AR,mobile,D-604,2025-12-25T20:57:00,M-050,GAL
T-2704,CU-589,4562.75,USD,US,mobile,D-589,2025-12-25T20:59:00,M-022,WFC
T-3297,CU-406,228.35,USD,CO,mobile,D-406,2025-12-25T21:25:00,M-001,BOG
T-7545,CU-827,3585.82,USD,ES,web,D-827,2025-12-25T21:45:00,M-028,CABK
T-3777,CU-152,972.13,USD,MX,web,D-152,2025-12-25T21:51:00,M-031,BBVA
T-1633,CU-862,4156.32,USD,CL,web,D-862,2025-12-25T21:55:00,M-046,SAN
T-2345,CU-310,2878.57,USD,CO,mobile,D-310,2025-12-25T22:14:00,M-038,BAN
T-1774,CU-331,3565.07,USD,MX,mobile,D-331,2025-12-25T22:19:00,M-028,BAN
T-3583,CU-307,2780.89,PEN,PE,mobile,D-307,2025-12-25T22:20:00,M-035,BCP
T-4786,CU-540,2049.08,USD,MX,web,D-540,2025-12-25T22:22:00,M-023,BAN
T-4282,CU-780,242.39,USD,MX,mobile,D-780,2025-12-25T22:37:00,M-048,SAN
T-3798,CU-965,1997.58,USD,MX,mobile,D-965,2025-12-26T06:34:00,M-050,SAN
T-3000,CU-965,1366.48,USD,MX,mobile,D-965,2025-12-26T07:00:00,M-999,SAN
T-6263,CU-741,1487.63,PEN,PE,web,D-741,2025-12-26T07:22:00,M-032,BCP
T-3449,CU-337,3383.21,USD,US,mobile,D-337,2025-12-26T07:23:00,M-048,BAC
T-5069,CU-618,2730.78,USD,US,mobile,D-618,2025-12-26T07:25:00,M-029,BAC
T-7648,CU-345,683.67,USD,AR,mobile,D-345,2025-12-26T07:27:00,M-037,SAN
T-2951,CU-965,1836.04,USD,MX,mobile,D-965,2025-12-26T07:30:00,M-037,SAN
T-6320,CU-702,2702.53,USD,US,mobile,D-702,2025-12-26T07:53:00,M-010,BAC
T-6495,CU-513,3377.45,USD,US,web,D-513,2025-12-26T07:54:00,M-034,WFC
T-3265,CU-717,285.99,USD,AR,web,D-717,2025-12-26T08:18:00,M-026,BNA
T-1420,CU-276,1915.04,USD,CO,mobile,D-276,2025-12-26T08:25:00,M-018,BOG
T-5740,CU-485,1731.73,USD,ES,web,D-485,2025-12-26T08:41:00,M-013,SAN
T-2117,CU-059,4142.85,USD,CL,web,D-059,2025-12-26T08:54:00,M-001,BCI
T-3278,CU-319,2968.98,USD,AR,mobile,D-319,2025-12-26T08:55:00,M-005,GAL
T-4428,CU-831,390.02,USD,US,web,D-831,2025-12-26T09:00:00,M-028,JPM
T-5761,CU-748,3845.72,USD,MX,web,D-748,2025-12-26T09:00:00,M-028,BAN
T-6613,CU-456,7528.77,USD,CO,mobile,D-456,2025-12-26T09:00:00,M-034,DAV
T-6177,CU-959,3781.36,USD,ES,web,D-959,2025-12-26T09:00:00,M-010,CABK
T-1866,CU-154,6583.90,PEN,PE,web,D-154,2025-12-26T09:00:00,M-039,BBVA
T-1136,CU-156,726.92,USD,ES,web,D-156,2025-12-26T09:02:00,M-007,CABK
T-1773,CU-011,258.32,USD,ES,web,D-011,2025-12-26T09:14:00,M-043,CABK
T-2227,CU-509,2583.35,USD,AR,web,D-509,2025-12-26T09:17:00,M-007,BNA
T-4671,CU-382,2678.65,USD,US,web,D-382,2025-12-26T09:26:00,M-034,BAC
T-4978,CU-419,2736.36,USD,CO,mobile,D-419,2025-12-26T09:53:00,M-035,BOG
T-5431,CU-188,4129.73,PEN,PE,web,D-188,2025-12-26T10:00:00,M-032,SAN
T-1615,CU-099,1983.51,USD,AR,web,D-099,2025-12-26T10:00:00,M-012,SAN
T-4706,CU-445,1400.31,PEN,PE,mobile,D-445,2025-12-26T10:00:00,M-046,IBK
T-7604,CU-190,6792.68,USD,AR,web,D-190,2025-12-26T10:00:00,M-008,BNA
T-4658,CU-646,1025.09,PEN,PE,web,D-646,2025-12-26T10:00:00,M-018,GAL
T-7284,CU-943,2180.41,PEN,PE,mobile,D-943,2025-12-26T10:00:00,M-006,BBVA
T-7215,CU-498,1501.68,USD,AR,mobile,D-498,2025-12-26T10:02:00,M-043,GAL
T-6375,CU-055,3875.72,USD,AR,mobile,D-055,2025-12-26T10:15:00,M-009,GAL
T-6731,CU-240,331.91,USD,ES,mobile,D-240,2025-12-26T10:19:00,M-008,CABK
T-2681,CU-608,1705.81,USD,AR,mobile,D-608,2025-12-26T10:25:00,M-036,GAL
T-1849,CU-259,1009.05,USD,US,mobile,D-259,2025-12-26T10:25:00,M-023,JPM
T-6697,CU-487,2283.19,USD,CO,web,D-487,2025-12-26T10:40:00,M-004,BAN
T-1122,CU-149,2190.17,USD,US,mobile,D-149,2025-12-26T10:43:00,M-044,JPM
T-2126,CU-010,3662.11,USD,RU,web,D-999612,2025-12-26T10:46:00,M-030,BOG
T-4034,CU-750,141.84,USD,CL,mobile,D-750,2025-12-26T10:50:00,M-027,BCH
T-7191,CU-858,1871.95,USD,MX,mobile,D-858,2025-12-26T10:56:00,M-032,BBVA
T-2390,CU-079,4638.55,USD,ES,mobile,D-079,2025-12-26T10:56:00,M-023,CABK
T-5646,CU-266,4583.16,USD,ES,web,D-266,2025-12-26T11:00:00,M-014,BBVA
T-5762,CU-748,3845.72,USD,MX,web,D-748,2025-12-26T11:00:00,M-028,BAN
T-6178,CU-959,3781.36,USD,ES,web,D-959,2025-12-26T11:00:00,M-010,CABK
T-1001,CU-012,1489.28,USD,AR,web,D-012,2025-12-26T11:00:00,M-048,SAN
T-6614,CU-456,7528.77,USD,CO,mobile,D-456,2025-12-26T11:00:00,M-034,DAV
T-1867,CU-154,6583.90,PEN,PE,web,D-154,2025-12-26T11:00:00,M-039,BBVA
T-4429,CU-831,390.02,USD,US,web,D-831,2025-12-26T11:00:00,M-028,JPM
T-5458,CU-793,392.20,PEN,PE,mobile,D-793,2025-12-26T11:06:00,M-018,BCP
T-4884,CU-449,5004.21,USD,CO,web,D-449,2025-12-26T11:13:00,M-037,BAN
T-7309,CU-187,2542.01,USD,ES,web,D-187,2025-12-26T11:16:00,M-024,CABK
T-1296,CU-479,6867.38,USD,US,web,D-479,2025-12-26T11:19:00,M-038,WFC
T-1384,CU-209,1350.99,USD,US,web,D-209,2025-12-26T11:20:00,M-016,WFC
T-2108,CU-874,2024.51,USD,CO,mobile,D-874,2025-12-26T11:20:00,M-021,BAN
T-6865,CU-438,4123.68,PEN,PE,mobile,D-438,2025-12-26T11:21:00,M-029,BCP
T-2699,CU-281,4494.51,USD,US,web,D-281,2025-12-26T11:24:00,M-029,BAC
T-4117,CU-1000,4431.67,USD,CL,web,D-1000,2025-12-26T11:26:00,M-035,BCH
T-4707,CU-445,1400.31,USD,ES,mobile,D-445,2025-12-26T11:30:00,M-005,IBK
T-4659,CU-646,1025.09,USD,ES,web,D-646,2025-12-26T11:30:00,M-015,GAL
T-7285,CU-943,2180.41,USD,ES,mobile,D-943,2025-12-26T11:30:00,M-039,BBVA
T-5432,CU-188,4129.73,USD,ES,web,D-188,2025-12-26T11:30:00,M-029,SAN
T-6707,CU-327,1480.34,USD,CL,mobile,D-327,2025-12-26T11:30:00,M-038,BCH
T-6152,CU-524,2342.74,USD,AR,web,D-524,2025-12-26T11:40:00,M-002,SAN
T-4128,CU-828,3896.28,USD,CL,web,D-828,2025-12-26T11:46:00,M-015,BCH
T-6763,CU-624,1702.97,PEN,PE,mobile,D-624,2025-12-26T11:46:00,M-005,BBVA
T-4954,CU-956,2841.06,USD,AR,web,D-956,2025-12-26T11:57:00,M-009,SAN
T-4122,CU-799,2193.03,PEN,PE,web,D-799,2025-12-26T11:59:00,M-002,IBK
T-6630,CU-513,938.14,USD,US,web,D-513,2025-12-26T12:01:00,M-003,WFC
T-7580,CU-763,1385.56,USD,ES,web,D-763,2025-12-26T12:01:00,M-019,CABK
T-3340,CU-390,1924.97,USD,MX,web,D-390,2025-12-26T12:01:00,M-044,BBVA
T-3341,CU-390,535.56,USD,MX,web,D-390,2025-12-26T12:02:00,M-044,BBVA
T-7581,CU-763,410.42,USD,ES,web,D-763,2025-12-26T12:02:00,M-019,CABK
T-6631,CU-513,310.95,USD,US,web,D-513,2025-12-26T12:02:00,M-003,WFC
T-6632,CU-513,1358.60,USD,US,web,D-513,2025-12-26T12:03:00,M-003,WFC
T-7582,CU-763,441.54,USD,ES,web,D-763,2025-12-26T12:03:00,M-019,CABK
T-3342,CU-390,1262.01,USD,MX,web,D-390,2025-12-26T12:03:00,M-044,BBVA
T-7583,CU-763,826.68,USD,ES,web,D-763,2025-12-26T12:04:00,M-019,CABK
T-6633,CU-513,624.93,USD,US,web,D-513,2025-12-26T12:04:00,M-003,WFC
T-3343,CU-390,1170.36,USD,MX,web,D-390,2025-12-26T12:04:00,M-044,BBVA
T-7561,CU-557,5349.99,USD,CO,mobile,D-557,2025-12-26T12:08:00,M-030,BAN
T-2039,CU-452,2499.61,USD,CO,mobile,D-452,2025-12-26T12:10:00,M-024,BOG
T-3824,CU-896,1378.22,USD,AR,web,D-896,2025-12-26T12:12:00,M-044,SAN
T-3314,CU-066,1901.02,USD,AR,web,D-066,2025-12-26T12:24:00,M-044,SAN
T-4524,CU-662,5335.56,USD,US,mobile,D-662,2025-12-26T12:27:00,M-048,BAC
T-6374,CU-247,234.23,PEN,PE,mobile,D-247,2025-12-26T12:38:00,M-009,BBVA
T-5642,CU-670,2683.86,USD,ES,mobile,D-670,2025-12-26T12:54:00,M-014,SAN
T-7974,CU-486,781.00,USD,CL,mobile,D-486,2025-12-26T12:55:00,M-021,BCI
T-6615,CU-456,7528.77,USD,CO,mobile,D-456,2025-12-26T13:00:00,M-034,DAV
T-4430,CU-831,390.02,USD,US,web,D-831,2025-12-26T13:00:00,M-028,JPM
T-1868,CU-154,6583.90,PEN,PE,web,D-154,2025-12-26T13:00:00,M-039,BBVA
T-6179,CU-959,3781.36,USD,ES,web,D-959,2025-12-26T13:00:00,M-010,CABK
T-5763,CU-748,3845.72,USD,MX,web,D-748,2025-12-26T13:00:00,M-028,BAN
T-4246,CU-738,3113.97,PEN,PE,mobile,D-738,2025-12-26T13:06:00,M-029,BBVA
T-1683,CU-345,1145.61,USD,AR,mobile,D-345,2025-12-26T13:07:00,M-024,SAN
T-5413,CU-467,521.49,USD,AR,web,D-467,2025-12-26T13:10:00,M-036,BNA
T-4731,CU-233,2512.25,USD,MX,web,D-233,2025-12-26T13:12:00,M-041,SAN
T-5784,CU-027,6954.14,USD,US,mobile,D-027,2025-12-26T13:13:00,M-027,JPM
T-1272,CU-229,2441.91,PEN,PE,mobile,D-229,2025-12-26T13:14:00,M-048,BBVA
T-7429,CU-392,2866.66,PEN,PE,web,D-392,2025-12-26T13:14:00,M-001,BBVA
T-3394,CU-227,1651.17,PEN,PE,web,D-227,2025-12-26T13:17:00,M-046,IBK
T-7864,CU-616,4432.96,USD,US,mobile,D-616,2025-12-26T13:27:00,M-015,JPM
T-4328,CU-909,962.41,USD,MX,web,D-909,2025-12-26T13:30:00,M-022,SAN
T-2282,CU-663,2289.26,USD,CL,mobile,D-663,2025-12-26T13:53:00,M-047,SAN
T-6508,CU-777,1151.13,USD,AR,mobile,D-777,2025-12-26T13:56:00,M-034,BNA
T-4320,CU-502,0.50,USD,US,mobile,D-999436,2025-12-26T14:00:00,M-046,JPM
T-3172,CU-874,0.50,USD,CO,mobile,D-999629,2025-12-26T14:00:00,M-036,BAN
T-4192,CU-755,0.50,PEN,PE,web,D-999784,2025-12-26T14:00:00,M-009,BCP
T-7034,CU-026,1342.78,USD,CO,web,D-026,2025-12-26T14:02:00,M-030,DAV
T-5639,CU-011,690.77,USD,ES,web,D-011,2025-12-26T14:02:00,M-025,CABK
T-4321,CU-502,0.50,USD,US,mobile,D-999436,2025-12-26T14:02:00,M-038,JPM
T-4193,CU-755,0.50,PEN,PE,web,D-999784,2025-12-26T14:02:00,M-037,BCP
T-3173,CU-874,0.50,USD,CO,mobile,D-999629,2025-12-26T14:02:00,M-008,BAN
T-4322,CU-502,2161.60,USD,US,mobile,D-999436,2025-12-26T14:06:00,M-042,JPM
T-3174,CU-874,5543.36,USD,CO,mobile,D-999629,2025-12-26T14:06:00,M-018,BAN
T-4194,CU-755,17819.44,PEN,PE,web,D-999784,2025-12-26T14:06:00,M-023,BCP
T-7340,CU-490,1454.64,USD,CO,mobile,D-490,2025-12-26T14:09:00,M-002,DAV
T-3383,CU-080,1931.90,USD,CO,mobile,D-080,2025-12-26T14:10:00,M-025,DAV
T-4551,CU-666,1417.56,USD,MX,mobile,D-666,2025-12-26T14:15:00,M-008,BBVA
T-5596,CU-381,836.44,USD,AR,mobile,D-381,2025-12-26T14:21:00,M-009,SAN
T-3275,CU-244,4882.80,USD,US,mobile,D-244,2025-12-26T14:21:00,M-035,BAC
T-6881,CU-264,4604.96,USD,MX,web,D-264,2025-12-26T14:23:00,M-023,BAN
T-1238,CU-469,5002.55,USD,AR,mobile,D-469,2025-12-26T14:33:00,M-008,SAN
T-6392,CU-614,582.35,PEN,PE,mobile,D-614,2025-12-26T14:34:00,M-004,BCP
T-7921,CU-199,1546.20,USD,CL,mobile,D-199,2025-12-26T14:40:00,M-003,BCI
T-6750,CU-053,3078.10,USD,CL,web,D-053,2025-12-26T14:47:00,M-027,SAN
T-2109,CU-449,4014.68,USD,CO,web,D-449,2025-12-26T14:48:00,M-008,BAN
T-7822,CU-566,2505.76,USD,CO,mobile,D-566,2025-12-26T14:48:00,M-036,BOG
T-3889,CU-182,2426.90,USD,MX,web,D-182,2025-12-26T14:53:00,M-030,BAN
T-4288,CU-221,5677.41,USD,US,mobile,D-221,2025-12-26T14:55:00,M-019,WFC
T-6875,CU-462,4893.08,USD,US,web,D-462,2025-12-26T14:55:00,M-043,JPM
T-1396,CU-930,4472.45,PEN,PE,mobile,D-930,2025-12-26T14:56:00,M-024,IBK
T-6698,CU-899,868.59,USD,CO,mobile,D-899,2025-12-26T15:00:00,M-999,BAN
T-5745,CU-318,1206.06,USD,CO,web,D-318,2025-12-26T15:00:00,M-039,BOG
T-2140,CU-456,5181.77,USD,CO,mobile,D-456,2025-12-26T15:08:00,M-021,DAV
T-6913,CU-012,1687.75,USD,AR,web,D-012,2025-12-26T15:13:00,M-025,SAN
T-5553,CU-098,680.28,USD,ES,mobile,D-098,2025-12-26T15:17:00,M-016,CABK
T-5500,CU-959,3150.69,USD,ES,web,D-959,2025-12-26T15:18:00,M-032,CABK
T-5585,CU-948,3770.47,PEN,PE,web,D-948,2025-12-26T15:20:00,M-034,BCP
T-6264,CU-653,4016.05,USD,AR,web,D-653,2025-12-26T15:21:00,M-027,GAL
T-2086,CU-794,1380.82,USD,CL,mobile,D-794,2025-12-26T15:21:00,M-005,BCH
T-3319,CU-661,4887.92,USD,AR,web,D-661,2025-12-26T15:21:00,M-046,BNA
T-3250,CU-779,4479.03,USD,CL,mobile,D-779,2025-12-26T15:25:00,M-008,BCI
T-4683,CU-206,896.71,USD,US,web,D-206,2025-12-26T15:25:00,M-048,JPM
T-3271,CU-273,315.45,USD,CO,mobile,D-273,2025-12-26T15:27:00,M-022,BAN
T-1960,CU-703,2287.50,USD,CO,web,D-703,2025-12-26T15:38:00,M-046,BAN
T-6659,CU-516,526.60,PEN,PE,mobile,D-516,2025-12-26T15:45:00,M-050,IBK
T-4421,CU-719,2078.42,USD,ES,web,D-719,2025-12-26T15:48:00,M-018,SAN
T-6586,CU-599,618.79,USD,US,mobile,D-599,2025-12-26T15:49:00,M-026,BAC
T-5480,CU-997,552.30,USD,CO,web,D-997,2025-12-26T15:51:00,M-037,BOG
T-2167,CU-341,809.44,USD,US,web,D-341,2025-12-26T15:51:00,M-035,BAC
T-7165,CU-032,1545.01,USD,ES,web,D-032,2025-12-26T15:51:00,M-023,BBVA
T-7264,CU-422,2107.76,USD,MX,web,D-422,2025-12-26T15:52:00,M-001,BAN
T-2619,CU-459,3960.08,USD,MX,web,D-459,2025-12-26T16:00:00,M-040,BAN
T-5652,CU-901,3733.74,USD,CO,web,D-901,2025-12-26T16:00:00,M-038,DAV
T-1071,CU-457,2176.98,USD,CO,mobile,D-457,2025-12-26T16:00:00,M-035,DAV
T-3697,CU-281,6705.52,USD,US,web,D-281,2025-12-26T16:01:00,M-028,BAC
T-1410,CU-746,5013.36,USD,ES,mobile,D-746,2025-12-26T16:02:00,M-002,BBVA
T-3498,CU-459,5074.26,USD,MX,web,D-459,2025-12-26T16:04:00,M-007,BAN
T-2671,CU-211,3354.41,USD,CL,mobile,D-211,2025-12-26T16:08:00,M-023,BCH
T-2826,CU-263,3112.83,USD,AR,web,D-263,2025-12-26T16:11:00,M-010,GAL
T-5568,CU-630,6419.52,USD,MX,web,D-630,2025-12-26T16:14:00,M-030,SAN
T-5630,CU-946,644.05,PEN,PE,web,D-946,2025-12-26T16:26:00,M-027,BBVA
T-2260,CU-958,847.91,USD,CO,web,D-958,2025-12-26T16:27:00,M-019,BAN
T-2634,CU-523,1828.56,USD,CL,mobile,D-523,2025-12-26T16:29:00,M-034,BCI
T-3793,CU-570,558.56,USD,CL,mobile,D-570,2025-12-26T16:29:00,M-012,SAN
T-2630,CU-987,2312.48,USD,ES,web,D-987,2025-12-26T16:32:00,M-014,CABK
T-3657,CU-152,1234.17,USD,MX,web,D-152,2025-12-26T16:34:00,M-018,BBVA
T-2454,CU-024,3076.21,USD,CO,web,D-024,2025-12-26T16:39:00,M-048,DAV
T-1197,CU-648,1904.37,USD,ES,mobile,D-648,2025-12-26T16:49:00,M-002,CABK
T-5117,CU-037,2161.15,USD,ES,web,D-037,2025-12-26T16:53:00,M-015,SAN
T-1888,CU-103,5720.84,USD,CL,mobile,D-103,2025-12-26T16:54:00,M-042,BCI
T-7709,CU-801,3239.73,USD,MX,web,D-801,2025-12-26T16:56:00,M-008,BAN
T-2713,CU-950,1107.85,USD,AR,mobile,D-950,2025-12-26T17:00:00,M-014,BNA
T-5772,CU-227,4309.68,PEN,PE,web,D-227,2025-12-26T17:00:00,M-044,IBK
T-5579,CU-968,977.86,USD,MX,mobile,D-968,2025-12-26T17:01:00,M-023,BBVA
T-7769,CU-988,3597.24,USD,US,mobile,D-988,2025-12-26T17:05:00,M-017,BAC
T-1394,CU-563,2412.80,PEN,PE,web,D-563,2025-12-26T17:07:00,M-049,IBK
T-4409,CU-703,3499.38,USD,CO,web,D-703,2025-12-26T17:10:00,M-020,BAN
T-7571,CU-699,306.75,USD,US,web,D-699,2025-12-26T17:11:00,M-044,WFC
T-3885,CU-677,6577.39,USD,CL,web,D-677,2025-12-26T17:13:00,M-007,BCH
T-2146,CU-746,2538.02,USD,ES,mobile,D-746,2025-12-26T17:14:00,M-017,BBVA
T-5096,CU-037,5764.18,USD,ES,web,D-037,2025-12-26T17:15:00,M-027,SAN
T-1684,CU-208,596.43,USD,CL,web,D-208,2025-12-26T17:16:00,M-022,BCI
T-1446,CU-209,2525.00,USD,US,web,D-209,2025-12-26T17:19:00,M-045,WFC
T-7275,CU-667,5935.83,USD,CO,mobile,D-667,2025-12-26T17:36:00,M-040,BOG
T-2706,CU-251,2893.59,USD,US,mobile,D-251,2025-12-26T17:40:00,M-017,JPM
T-4483,CU-272,570.58,USD,MX,mobile,D-272,2025-12-26T17:44:00,M-044,BBVA
T-3094,CU-112,1438.38,USD,CL,web,D-112,2025-12-26T17:44:00,M-019,SAN
T-4218,CU-527,2422.70,USD,AR,web,D-527,2025-12-26T17:47:00,M-005,GAL
T-1371,CU-825,7050.24,USD,US,mobile,D-825,2025-12-26T17:51:00,M-045,BAC
T-1841,CU-570,623.40,USD,CL,mobile,D-570,2025-12-26T17:57:00,M-044,SAN
T-2595,CU-909,1413.18,USD,MX,web,D-909,2025-12-26T17:58:00,M-012,SAN
T-6127,CU-493,3512.95,USD,US,mobile,D-493,2025-12-26T17:58:00,M-048,BAC
T-4822,CU-742,3106.26,USD,CL,mobile,D-742,2025-12-26T18:00:00,M-008,BCH
T-5982,CU-309,2793.53,USD,CO,mobile,D-309,2025-12-26T18:02:00,M-026,DAV
T-6990,CU-814,2404.04,USD,US,web,D-814,2025-12-26T18:07:00,M-016,WFC
T-4440,CU-137,2762.55,USD,MX,mobile,D-137,2025-12-26T18:19:00,M-038,BBVA
T-6745,CU-421,3220.67,USD,US,mobile,D-421,2025-12-26T18:19:00,M-023,WFC
T-1625,CU-036,2044.83,PEN,PE,mobile,D-036,2025-12-26T18:22:00,M-015,BCP
T-6378,CU-791,4732.68,USD,ES,web,D-791,2025-12-26T18:26:00,M-002,SAN
T-6200,CU-596,1572.71,PEN,PE,web,D-596,2025-12-26T18:31:00,M-008,BCP
T-4787,CU-973,260.33,USD,MX,web,D-973,2025-12-26T18:36:00,M-049,BAN
T-7942,CU-186,1655.00,USD,US,mobile,D-186,2025-12-26T18:39:00,M-001,JPM
T-1029,CU-899,5867.80,USD,CO,mobile,D-899,2025-12-26T18:43:00,M-027,BAN
T-4975,CU-605,2482.08,USD,CL,web,D-605,2025-12-26T18:44:00,M-044,BCH
T-4332,CU-305,2151.95,USD,US,web,D-305,2025-12-26T18:44:00,M-044,JPM
T-1939,CU-281,3018.52,USD,RU,web,D-999111,2025-12-26T18:46:00,M-001,BAC
T-6928,CU-650,2394.81,USD,ES,web,D-650,2025-12-26T18:48:00,M-024,CABK
T-7177,CU-300,2977.79,USD,US,mobile,D-300,2025-12-26T18:52:00,M-027,JPM
T-4800,CU-384,1419.92,PEN,PE,web,D-384,2025-12-26T18:55:00,M-025,IBK
T-6879,CU-794,3299.24,USD,CL,mobile,D-794,2025-12-26T18:55:00,M-010,BCH
T-5546,CU-320,996.68,USD,MX,web,D-320,2025-12-26T19:00:00,M-999,BAN
T-5072,CU-077,5957.20,USD,CL,mobile,D-077,2025-12-26T19:01:00,M-024,BCI
T-5765,CU-263,6261.85,USD,AR,web,D-263,2025-12-26T19:04:00,M-026,GAL
T-4596,CU-272,510.68,USD,MX,mobile,D-272,2025-12-26T19:13:00,M-025,BBVA
T-6964,CU-504,5031.40,USD,ES,web,D-504,2025-12-26T19:20:00,M-036,SAN
T-2049,CU-365,1656.64,USD,RU,web,D-999943,2025-12-26T19:21:00,M-032,WFC
T-2353,CU-202,2415.57,USD,AR,mobile,D-202,2025-12-26T19:21:00,M-048,SAN
T-2702,CU-488,5080.56,USD,ES,web,D-488,2025-12-26T19:35:00,M-049,BBVA
T-7486,CU-169,2280.49,USD,US,mobile,D-169,2025-12-26T19:41:00,M-010,BAC
T-2122,CU-927,942.89,USD,CL,web,D-927,2025-12-26T19:42:00,M-008,BCI
T-1261,CU-174,2008.27,PEN,PE,web,D-174,2025-12-26T19:54:00,M-050,IBK
T-1785,CU-296,3666.03,USD,CL,mobile,D-296,2025-12-26T19:56:00,M-025,BCI
T-1949,CU-931,183.09,USD,MX,mobile,D-931,2025-12-26T20:06:00,M-039,BBVA
T-7036,CU-341,1024.27,USD,US,web,D-341,2025-12-26T20:07:00,M-002,BAC
T-3158,CU-650,2025.58,USD,ES,web,D-650,2025-12-26T20:12:00,M-014,CABK
T-4742,CU-004,635.24,USD,CL,mobile,D-004,2025-12-26T20:15:00,M-039,BCI
T-1641,CU-510,2516.75,USD,AR,mobile,D-510,2025-12-26T20:16:00,M-028,SAN
T-7315,CU-100,1145.68,USD,AR,web,D-100,2025-12-26T20:16:00,M-009,SAN
T-2971,CU-031,1663.83,USD,AR,web,D-031,2025-12-26T20:19:00,M-044,BNA
T-5160,CU-701,1220.80,USD,CL,web,D-701,2025-12-26T20:21:00,M-040,BCI
T-2874,CU-143,3988.44,USD,ES,web,D-143,2025-12-26T20:27:00,M-007,CABK
T-5105,CU-343,454.48,USD,US,web,D-343,2025-12-26T20:28:00,M-040,BAC
T-1784,CU-789,5010.19,USD,US,web,D-789,2025-12-26T20:29:00,M-031,WFC
T-2395,CU-245,4605.72,USD,AR,web,D-245,2025-12-26T20:30:00,M-002,SAN
T-3355,CU-902,4099.87,USD,CO,web,D-902,2025-12-26T20:30:00,M-036,DAV
T-4609,CU-650,3871.41,USD,ES,web,D-650,2025-12-26T20:32:00,M-027,CABK
T-4550,CU-353,1544.88,USD,MX,mobile,D-353,2025-12-26T21:02:00,M-048,BAN
T-7461,CU-031,1525.85,USD,AR,web,D-031,2025-12-26T21:11:00,M-040,BNA
T-5541,CU-928,908.45,USD,CL,mobile,D-928,2025-12-26T21:17:00,M-014,BCH
T-7718,CU-558,895.80,USD,MX,mobile,D-558,2025-12-26T21:31:00,M-024,BAN
T-1594,CU-307,2923.25,PEN,PE,mobile,D-307,2025-12-26T21:43:00,M-012,BCP
T-2817,CU-239,2103.48,PEN,PE,web,D-239,2025-12-26T21:46:00,M-002,BCP
T-6684,CU-296,1891.29,USD,CL,mobile,D-296,2025-12-26T21:46:00,M-042,BCI
T-6723,CU-892,4647.04,USD,AR,mobile,D-892,2025-12-26T22:50:00,M-029,BNA
T-6627,CU-517,282.75,PEN,PE,web,D-517,2025-12-26T22:51:00,M-044,BCP
T-3497,CU-561,9014.29,USD,CO,mobile,D-561,2025-12-27T01:07:00,M-006,BOG
T-7776,CU-790,1835.70,USD,CO,mobile,D-790,2025-12-27T01:15:00,M-005,DAV
T-5560,CU-971,14245.10,USD,AR,mobile,D-971,2025-12-27T02:39:00,M-042,SAN
T-4873,CU-791,5783.04,USD,ES,web,D-791,2025-12-27T06:18:00,M-042,SAN
T-4404,CU-362,14475.29,USD,CO,web,D-362,2025-12-27T06:49:00,M-023,BOG
T-3395,CU-568,388.01,USD,CO,mobile,D-568,2025-12-27T07:01:00,M-002,BAN
T-7680,CU-883,4077.27,USD,CL,mobile,D-883,2025-12-27T07:08:00,M-048,BCI
T-2452,CU-568,580.55,USD,CO,mobile,D-568,2025-12-27T07:25:00,M-037,BAN
T-6795,CU-785,4014.33,USD,US,mobile,D-785,2025-12-27T07:31:00,M-047,BAC
T-3195,CU-215,3811.27,USD,CL,mobile,D-215,2025-12-27T07:47:00,M-022,SAN
T-4243,CU-122,2248.17,USD,CL,web,D-122,2025-12-27T07:55:00,M-002,SAN
T-5143,CU-088,3169.84,USD,ES,web,D-088,2025-12-27T08:20:00,M-049,SAN
T-7910,CU-027,2824.52,USD,US,mobile,D-027,2025-12-27T08:30:00,M-005,JPM
T-3041,CU-067,3180.90,USD,CO,mobile,D-067,2025-12-27T08:31:00,M-010,BAN
T-4893,CU-743,3901.86,USD,AR,web,D-743,2025-12-27T08:36:00,M-043,GAL
T-3738,CU-791,2667.42,USD,ES,web,D-791,2025-12-27T08:44:00,M-012,SAN
T-2616,CU-080,4242.88,USD,CO,mobile,D-080,2025-12-27T08:59:00,M-033,DAV
T-2307,CU-627,6406.94,USD,US,web,D-627,2025-12-27T09:00:00,M-040,WFC
T-7674,CU-865,165.05,PEN,PE,mobile,D-865,2025-12-27T09:04:00,M-010,BCP
T-7614,CU-382,2309.24,USD,US,web,D-382,2025-12-27T09:15:00,M-005,BAC
T-4652,CU-757,2048.63,USD,AR,mobile,D-757,2025-12-27T09:20:00,M-022,SAN
T-4735,CU-877,553.80,USD,MX,mobile,D-877,2025-12-27T09:23:00,M-049,SAN
T-4995,CU-718,2834.48,USD,CO,web,D-718,2025-12-27T09:27:00,M-022,BAN
T-7263,CU-787,148.01,USD,CO,mobile,D-787,2025-12-27T09:32:00,M-044,BAN
T-5039,CU-658,326.94,USD,CO,web,D-658,2025-12-27T09:44:00,M-016,BOG
T-5035,CU-728,1901.36,USD,CL,mobile,D-728,2025-12-27T09:56:00,M-026,SAN
T-7710,CU-753,1476.68,USD,CO,web,D-753,2025-12-27T09:58:00,M-019,DAV
T-4141,CU-967,565.27,PEN,PE,web,D-967,2025-12-27T10:00:00,M-021,SAN
T-3950,CU-228,3049.22,PEN,PE,web,D-228,2025-12-27T10:00:00,M-042,JPM
T-2758,CU-098,686.16,USD,ES,mobile,D-098,2025-12-27T10:00:00,M-999,CABK
T-6999,CU-756,1936.77,USD,CL,mobile,D-756,2025-12-27T10:01:00,M-047,SAN
T-2336,CU-533,2732.79,USD,CL,web,D-533,2025-12-27T10:06:00,M-026,BCI
T-4213,CU-072,772.18,USD,ES,mobile,D-072,2025-12-27T10:10:00,M-008,BBVA
T-4386,CU-252,1026.57,USD,CO,web,D-252,2025-12-27T10:17:00,M-042,BAN
T-1564,CU-756,1788.12,USD,CL,mobile,D-756,2025-12-27T10:18:00,M-023,SAN
T-3506,CU-310,4118.36,USD,CO,mobile,D-310,2025-12-27T10:19:00,M-007,BAN
T-5269,CU-660,490.15,USD,US,web,D-660,2025-12-27T10:27:00,M-007,BAC
T-5621,CU-021,4351.26,USD,CO,web,D-021,2025-12-27T10:28:00,M-015,BOG
T-6920,CU-327,1706.91,USD,CL,mobile,D-327,2025-12-27T10:34:00,M-027,BCH
T-6612,CU-920,6902.03,USD,AR,web,D-920,2025-12-27T10:37:00,M-039,SAN
T-5581,CU-123,362.91,USD,CO,web,D-123,2025-12-27T10:43:00,M-036,BAN
T-6638,CU-174,1606.92,PEN,PE,web,D-174,2025-12-27T10:46:00,M-010,IBK
T-4065,CU-029,2652.49,USD,CO,mobile,D-029,2025-12-27T10:47:00,M-004,BOG
T-6736,CU-963,1401.85,USD,CO,mobile,D-963,2025-12-27T10:52:00,M-022,BAN
T-7595,CU-902,2267.60,USD,CO,web,D-902,2025-12-27T10:55:00,M-014,DAV
T-2308,CU-627,6406.94,USD,US,web,D-627,2025-12-27T11:00:00,M-040,WFC
T-3592,CU-222,1629.86,USD,CL,web,D-222,2025-12-27T11:02:00,M-029,BCH
T-5785,CU-378,2127.83,USD,MX,mobile,D-378,2025-12-27T11:03:00,M-042,BBVA
T-3105,CU-571,6211.05,PEN,PE,mobile,D-571,2025-12-27T11:08:00,M-017,BBVA
T-1955,CU-713,3944.63,USD,US,web,D-713,2025-12-27T11:12:00,M-036,JPM
T-5987,CU-302,1282.87,USD,US,web,D-302,2025-12-27T11:14:00,M-046,WFC
T-3708,CU-735,4280.36,PEN,PE,web,D-735,2025-12-27T11:15:00,M-036,IBK
T-7704,CU-113,4084.21,USD,US,mobile,D-113,2025-12-27T11:18:00,M-026,WFC
T-1066,CU-718,2503.43,USD,CO,web,D-718,2025-12-27T11:19:00,M-047,BAN
T-3643,CU-463,575.35,USD,MX,mobile,D-463,2025-12-27T11:20:00,M-031,BAN
T-3667,CU-831,150.08,USD,US,web,D-831,2025-12-27T11:24:00,M-040,JPM
T-4142,CU-967,565.27,USD,ES,web,D-967,2025-12-27T11:30:00,M-013,SAN
T-6857,CU-243,5596.19,PEN,PE,mobile,D-243,2025-12-27T11:30:00,M-004,IBK
T-3951,CU-228,3049.22,USD,ES,web,D-228,2025-12-27T11:30:00,M-022,JPM
T-5293,CU-526,2260.62,USD,CL,mobile,D-526,2025-12-27T11:34:00,M-003,SAN
T-7508,CU-815,641.14,USD,AR,mobile,D-815,2025-12-27T11:45:00,M-042,SAN
T-4855,CU-512,1416.38,USD,AR,mobile,D-512,2025-12-27T11:51:00,M-034,SAN
T-3027,CU-143,3402.28,USD,ES,web,D-143,2025-12-27T11:53:00,M-039,CABK
T-5084,CU-318,1709.32,USD,CO,web,D-318,2025-12-27T11:53:00,M-008,BOG
T-1277,CU-284,4154.68,USD,CL,web,D-284,2025-12-27T11:55:00,M-012,BCH
T-4570,CU-918,1078.24,PEN,PE,web,D-918,2025-12-27T12:01:00,M-029,BCP
T-4571,CU-918,685.71,PEN,PE,web,D-918,2025-12-27T12:02:00,M-029,BCP
T-4572,CU-918,1509.75,PEN,PE,web,D-918,2025-12-27T12:03:00,M-029,BCP
T-4573,CU-918,659.95,PEN,PE,web,D-918,2025-12-27T12:04:00,M-029,BCP
T-6028,CU-208,724.55,USD,CL,web,D-208,2025-12-27T12:06:00,M-036,BCI
T-1924,CU-132,495.90,PEN,PE,mobile,D-132,2025-12-27T12:09:00,M-030,BCP
T-6966,CU-651,1577.61,PEN,PE,web,D-651,2025-12-27T12:11:00,M-045,IBK
T-3344,CU-048,5804.60,USD,MX,web,D-048,2025-12-27T12:11:00,M-023,SAN
T-1515,CU-444,2227.52,USD,MX,web,D-444,2025-12-27T12:15:00,M-041,BBVA
T-6683,CU-222,2381.69,USD,CL,web,D-222,2025-12-27T12:15:00,M-045,BCH
T-4298,CU-250,3365.42,USD,ES,mobile,D-250,2025-12-27T12:18:00,M-017,BBVA
T-5840,CU-766,2503.70,USD,US,web,D-766,2025-12-27T12:21:00,M-028,BAC
T-4934,CU-515,948.89,USD,US,mobile,D-515,2025-12-27T12:22:00,M-042,BAC
T-7936,CU-892,2515.13,USD,AR,mobile,D-892,2025-12-27T12:24:00,M-042,BNA
T-1725,CU-377,4698.32,USD,AR,web,D-377,2025-12-27T12:31:00,M-048,GAL
T-3422,CU-742,3184.99,USD,CL,mobile,D-742,2025-12-27T12:42:00,M-010,BCH
T-4636,CU-812,4052.19,USD,US,mobile,D-812,2025-12-27T12:44:00,M-023,BAC
T-5983,CU-551,565.52,USD,CO,web,D-551,2025-12-27T12:45:00,M-004,BOG
T-7244,CU-866,1550.77,USD,US,web,D-866,2025-12-27T12:48:00,M-021,BAC
T-4905,CU-356,2569.85,USD,ES,mobile,D-356,2025-12-27T12:48:00,M-030,BBVA
T-5796,CU-714,1725.62,USD,CL,mobile,D-714,2025-12-27T12:54:00,M-041,SAN
T-6822,CU-756,1145.51,USD,CL,mobile,D-756,2025-12-27T12:55:00,M-007,SAN
T-1062,CU-764,841.65,USD,CO,mobile,D-764,2025-12-27T12:57:00,M-036,BAN
T-7694,CU-308,2456.90,USD,ES,mobile,D-308,2025-12-27T12:58:00,M-023,BBVA
T-2309,CU-627,6406.94,USD,US,web,D-627,2025-12-27T13:00:00,M-040,WFC
T-2028,CU-161,5790.87,USD,CL,web,D-161,2025-12-27T13:03:00,M-024,SAN
T-2289,CU-886,1794.84,USD,AR,mobile,D-886,2025-12-27T13:06:00,M-003,BNA
T-1786,CU-069,222.89,USD,US,mobile,D-069,2025-12-27T13:07:00,M-009,BAC
T-2767,CU-870,3283.70,USD,CO,web,D-870,2025-12-27T13:08:00,M-005,DAV
T-7004,CU-943,1715.60,USD,ES,mobile,D-943,2025-12-27T13:09:00,M-039,BBVA
T-1877,CU-308,2495.52,USD,ES,mobile,D-308,2025-12-27T13:16:00,M-040,BBVA
T-4229,CU-275,288.85,PEN,PE,mobile,D-275,2025-12-27T13:40:00,M-013,IBK
T-4642,CU-681,1930.25,USD,CL,web,D-681,2025-12-27T13:41:00,M-037,BCI
T-5588,CU-289,1772.55,USD,CL,mobile,D-289,2025-12-27T13:47:00,M-016,BCI
T-6647,CU-294,1385.22,USD,CL,web,D-294,2025-12-27T13:51:00,M-033,SAN
T-5767,CU-286,375.48,PEN,PE,mobile,D-286,2025-12-27T13:51:00,M-047,BCP
T-3137,CU-352,560.81,USD,CO,web,D-352,2025-12-27T13:55:00,M-016,DAV
T-3227,CU-048,6450.78,USD,MX,web,D-048,2025-12-27T13:58:00,M-038,SAN
T-4888,CU-097,0.50,USD,AR,mobile,D-999218,2025-12-27T14:00:00,M-045,GAL
T-5901,CU-403,0.50,USD,CO,web,D-999930,2025-12-27T14:00:00,M-023,DAV
T-2010,CU-356,3512.18,USD,ES,mobile,D-356,2025-12-27T14:02:00,M-033,BBVA
T-5902,CU-403,0.50,USD,CO,web,D-999930,2025-12-27T14:02:00,M-045,DAV
T-4889,CU-097,0.50,USD,AR,mobile,D-999218,2025-12-27T14:02:00,M-026,GAL
T-5903,CU-403,17157.48,USD,CO,web,D-999930,2025-12-27T14:06:00,M-021,DAV
T-4890,CU-097,16605.24,USD,AR,mobile,D-999218,2025-12-27T14:06:00,M-019,GAL
T-3122,CU-418,2924.52,USD,CO,web,D-418,2025-12-27T14:09:00,M-050,BAN
T-5808,CU-871,809.60,PEN,PE,web,D-871,2025-12-27T14:16:00,M-033,IBK
T-7312,CU-118,2600.71,USD,AR,mobile,D-118,2025-12-27T14:18:00,M-038,BNA
T-1098,CU-464,146.86,USD,ES,mobile,D-464,2025-12-27T14:22:00,M-029,CABK
T-5367,CU-683,1472.77,PEN,PE,web,D-683,2025-12-27T14:25:00,M-011,BBVA
T-2469,CU-837,604.49,USD,CO,web,D-837,2025-12-27T14:26:00,M-050,BOG
T-4139,CU-244,5507.13,USD,US,mobile,D-244,2025-12-27T14:29:00,M-022,BAC
T-1988,CU-181,1848.25,USD,US,mobile,D-181,2025-12-27T14:30:00,M-027,WFC
T-7644,CU-247,487.89,PEN,PE,mobile,D-247,2025-12-27T14:32:00,M-025,BBVA
T-4560,CU-739,1600.81,PEN,PE,web,D-739,2025-12-27T14:36:00,M-034,BBVA
T-2292,CU-029,2376.03,USD,CO,mobile,D-029,2025-12-27T14:37:00,M-040,BOG
T-6807,CU-648,3857.30,USD,ES,mobile,D-648,2025-12-27T14:39:00,M-045,CABK
T-6981,CU-336,1636.67,USD,ES,mobile,D-336,2025-12-27T14:43:00,M-006,SAN
T-2257,CU-790,423.09,USD,CO,mobile,D-790,2025-12-27T14:45:00,M-015,DAV
T-3830,CU-737,4337.06,USD,AR,web,D-737,2025-12-27T14:46:00,M-001,BNA
T-2912,CU-740,2312.81,USD,ES,web,D-740,2025-12-27T14:48:00,M-011,SAN
T-3983,CU-505,3809.78,PEN,PE,web,D-505,2025-12-27T14:49:00,M-018,BBVA
T-2715,CU-433,594.48,USD,CO,web,D-433,2025-12-27T14:50:00,M-022,BOG
T-3421,CU-490,995.17,USD,CO,mobile,D-490,2025-12-27T14:52:00,M-045,DAV
T-6053,CU-400,5406.02,PEN,PE,web,D-400,2025-12-27T14:53:00,M-045,IBK
T-1845,CU-850,3373.78,USD,AR,mobile,D-850,2025-12-27T14:55:00,M-025,SAN
T-4157,CU-002,2551.45,USD,US,mobile,D-002,2025-12-27T15:03:00,M-047,BAC
T-1227,CU-497,2756.95,USD,AR,mobile,D-497,2025-12-27T15:04:00,M-023,GAL
T-1006,CU-256,1655.02,USD,CO,mobile,D-256,2025-12-27T15:04:00,M-004,BAN
T-4698,CU-101,518.04,USD,ES,web,D-101,2025-12-27T15:10:00,M-011,SAN
T-7113,CU-369,4740.49,USD,US,mobile,D-369,2025-12-27T15:13:00,M-026,WFC
T-6110,CU-216,4233.32,USD,CO,web,D-216,2025-12-27T15:20:00,M-036,BAN
T-1250,CU-985,2578.49,PEN,PE,web,D-985,2025-12-27T15:22:00,M-022,IBK
T-4162,CU-505,3642.73,PEN,PE,web,D-505,2025-12-27T15:27:00,M-003,BBVA
T-2613,CU-082,5468.58,USD,CL,web,D-082,2025-12-27T15:33:00,M-011,BCI
T-6501,CU-910,1216.35,USD,AR,mobile,D-910,2025-12-27T15:37:00,M-015,BNA
T-2592,CU-330,4067.25,USD,CO,web,D-330,2025-12-27T15:40:00,M-033,BAN
T-6163,CU-772,3121.18,PEN,PE,web,D-772,2025-12-27T15:41:00,M-002,BCP
T-2639,CU-358,5325.37,USD,MX,mobile,D-358,2025-12-27T15:45:00,M-042,BAN
T-2723,CU-694,5219.43,USD,AR,web,D-694,2025-12-27T15:49:00,M-021,BNA
T-7963,CU-794,3688.64,USD,CL,mobile,D-794,2025-12-27T15:52:00,M-012,BCH
T-2467,CU-293,4374.71,USD,CL,web,D-293,2025-12-27T15:58:00,M-005,BCH
T-5874,CU-297,1836.81,USD,CO,web,D-297,2025-12-27T16:03:00,M-041,DAV
T-7897,CU-432,692.71,USD,US,web,D-432,2025-12-27T16:05:00,M-023,BAC
T-5567,CU-845,4661.65,USD,AR,mobile,D-845,2025-12-27T16:17:00,M-018,SAN
T-4425,CU-887,2326.63,USD,MX,mobile,D-887,2025-12-27T16:23:00,M-015,BAN
T-6844,CU-760,2832.01,USD,AR,mobile,D-760,2025-12-27T16:26:00,M-012,SAN
T-7463,CU-427,3747.70,USD,US,web,D-427,2025-12-27T16:38:00,M-009,BAC
T-6637,CU-168,4477.23,USD,CL,mobile,D-168,2025-12-27T16:39:00,M-001,BCI
T-1380,CU-268,3402.59,USD,MX,mobile,D-268,2025-12-27T16:43:00,M-026,BBVA
T-1386,CU-826,3398.18,USD,CO,mobile,D-826,2025-12-27T16:53:00,M-004,BOG
T-1555,CU-466,3401.23,USD,CL,web,D-466,2025-12-27T16:55:00,M-049,BCH
T-6371,CU-887,2201.54,USD,MX,mobile,D-887,2025-12-27T16:56:00,M-033,BAN
T-5486,CU-927,915.93,USD,CL,web,D-927,2025-12-27T17:00:00,M-025,BCI
T-7473,CU-324,3254.35,PEN,PE,mobile,D-324,2025-12-27T17:02:00,M-032,IBK
T-5199,CU-646,922.36,USD,AR,web,D-646,2025-12-27T17:06:00,M-006,GAL
T-4503,CU-630,4500.56,USD,MX,web,D-630,2025-12-27T17:09:00,M-025,SAN
T-6597,CU-585,622.77,USD,ES,mobile,D-585,2025-12-27T17:09:00,M-025,SAN
T-2708,CU-600,4236.64,USD,US,web,D-600,2025-12-27T17:14:00,M-017,JPM
T-3402,CU-796,2143.36,USD,MX,mobile,D-796,2025-12-27T17:21:00,M-024,SAN
T-6814,CU-493,4019.03,USD,US,mobile,D-493,2025-12-27T17:21:00,M-017,BAC
T-4762,CU-821,2408.59,PEN,PE,mobile,D-821,2025-12-27T17:22:00,M-012,BCP
T-3377,CU-707,3016.15,USD,AR,mobile,D-707,2025-12-27T17:24:00,M-017,GAL
T-5698,CU-750,65.75,USD,CL,mobile,D-750,2025-12-27T17:25:00,M-022,BCH
T-7740,CU-706,3482.00,USD,MX,web,D-706,2025-12-27T17:27:00,M-016,SAN
T-7252,CU-677,3097.67,USD,CL,web,D-677,2025-12-27T17:41:00,M-012,BCH
T-1312,CU-952,6342.76,USD,MX,web,D-952,2025-12-27T17:44:00,M-027,SAN
T-4147,CU-661,4264.31,USD,AR,web,D-661,2025-12-27T17:45:00,M-026,BNA
T-7058,CU-920,3084.26,USD,AR,web,D-920,2025-12-27T17:53:00,M-038,SAN
T-1369,CU-781,2876.96,USD,CL,web,D-781,2025-12-27T17:53:00,M-026,BCI
T-2508,CU-737,2256.28,USD,AR,web,D-737,2025-12-27T17:54:00,M-037,BNA
T-5529,CU-179,2585.64,USD,CL,mobile,D-179,2025-12-27T17:55:00,M-022,SAN
T-4294,CU-147,342.52,PEN,PE,mobile,D-147,2025-12-27T17:58:00,M-007,BCP
T-3222,CU-001,2441.92,USD,MX,web,D-001,2025-12-27T18:09:00,M-050,BBVA
T-4654,CU-638,5328.29,USD,CO,web,D-638,2025-12-27T18:12:00,M-002,BOG
T-3366,CU-867,4249.01,PEN,PE,mobile,D-867,2025-12-27T18:14:00,M-038,IBK
T-1035,CU-619,105.39,USD,US,mobile,D-619,2025-12-27T18:15:00,M-026,BAC
T-1316,CU-303,1735.06,PEN,PE,web,D-303,2025-12-27T18:28:00,M-037,IBK
T-6422,CU-420,74.54,USD,MX,web,D-420,2025-12-27T18:33:00,M-018,BBVA
T-5569,CU-073,631.47,USD,US,mobile,D-073,2025-12-27T18:35:00,M-018,JPM
T-4281,CU-081,2916.53,PEN,PE,web,D-081,2025-12-27T18:38:00,M-031,IBK
T-2802,CU-968,544.94,USD,MX,mobile,D-968,2025-12-27T18:39:00,M-049,BBVA
T-4860,CU-716,623.11,USD,MX,web,D-716,2025-12-27T18:45:00,M-036,SAN
T-5310,CU-206,1401.78,USD,US,web,D-206,2025-12-27T18:45:00,M-020,JPM
T-7518,CU-266,4390.27,USD,ES,web,D-266,2025-12-27T18:49:00,M-006,BBVA
T-5118,CU-541,2632.44,USD,CL,web,D-541,2025-12-27T18:50:00,M-009,BCI
T-3417,CU-285,2093.04,USD,CO,web,D-285,2025-12-27T18:53:00,M-017,DAV
T-3644,CU-434,2190.19,USD,US,web,D-434,2025-12-27T18:59:00,M-049,JPM
T-7814,CU-614,1900.54,PEN,PE,mobile,D-614,2025-12-27T19:00:00,M-999,BCP
T-3109,CU-672,919.24,USD,ES,mobile,D-672,2025-12-27T19:02:00,M-041,BBVA
T-4197,CU-487,3681.31,USD,CO,web,D-487,2025-12-27T19:10:00,M-047,BAN
T-5049,CU-382,2809.50,USD,US,web,D-382,2025-12-27T19:25:00,M-032,BAC
T-5123,CU-561,2127.41,USD,CO,mobile,D-561,2025-12-27T19:29:00,M-032,BOG
T-3615,CU-810,2517.98,PEN,PE,mobile,D-810,2025-12-27T19:42:00,M-028,IBK
T-5268,CU-615,5062.16,USD,US,mobile,D-615,2025-12-27T19:43:00,M-021,JPM
T-3711,CU-926,2946.41,PEN,PE,web,D-926,2025-12-27T19:44:00,M-021,BCP
T-5430,CU-706,5410.46,USD,MX,web,D-706,2025-12-27T19:48:00,M-004,SAN
T-2221,CU-369,4330.08,USD,US,mobile,D-369,2025-12-27T19:48:00,M-008,WFC
T-1585,CU-442,689.69,USD,AR,mobile,D-442,2025-12-27T19:51:00,M-049,GAL
T-3363,CU-862,2254.99,USD,CL,web,D-862,2025-12-27T19:56:00,M-042,SAN
T-7496,CU-489,204.57,USD,CL,mobile,D-489,2025-12-27T19:56:00,M-048,SAN
T-6505,CU-719,1667.16,USD,ES,web,D-719,2025-12-27T20:02:00,M-003,SAN
T-6459,CU-371,1869.40,USD,AR,mobile,D-371,2025-12-27T20:05:00,M-038,BNA
T-4078,CU-080,2679.46,USD,CO,mobile,D-080,2025-12-27T20:15:00,M-001,DAV
T-4296,CU-485,1968.80,USD,ES,web,D-485,2025-12-27T20:17:00,M-049,SAN
T-2043,CU-062,5783.68,USD,MX,mobile,D-062,2025-12-27T20:26:00,M-037,BBVA
T-4161,CU-132,461.26,PEN,PE,mobile,D-132,2025-12-27T20:32:00,M-032,BCP
T-1509,CU-548,1250.11,USD,CO,mobile,D-548,2025-12-27T20:58:00,M-019,DAV
T-7797,CU-974,3241.47,USD,CL,web,D-974,2025-12-27T21:00:00,M-010,BCH
T-1195,CU-953,1404.80,USD,US,web,D-953,2025-12-27T21:03:00,M-020,BAC
T-5274,CU-092,2536.03,USD,CO,web,D-092,2025-12-27T21:22:00,M-033,BOG
T-7163,CU-888,1983.63,PEN,PE,web,D-888,2025-12-27T21:55:00,M-001,IBK
T-1855,CU-540,1387.55,USD,MX,web,D-540,2025-12-27T22:12:00,M-038,BAN
T-1289,CU-780,370.68,USD,MX,mobile,D-780,2025-12-27T22:40:00,M-025,SAN
T-6648,CU-661,4764.08,USD,AR,web,D-661,2025-12-27T22:55:00,M-002,BNA
T-7394,CU-242,4007.06,USD,US,web,D-242,2025-12-27T23:54:00,M-001,WFC
T-2871,CU-721,12416.49,USD,US,web,D-721,2025-12-28T00:58:00,M-039,JPM
T-7687,CU-229,9348.73,PEN,PE,mobile,D-229,2025-12-28T00:59:00,M-002,BBVA
T-7218,CU-565,6677.71,USD,US,web,D-565,2025-12-28T01:38:00,M-050,JPM
T-2318,CU-624,2508.51,PEN,PE,mobile,D-624,2025-12-28T06:02:00,M-015,BBVA
T-7532,CU-756,1815.88,USD,CL,mobile,D-756,2025-12-28T06:31:00,M-029,SAN
T-6447,CU-240,229.26,USD,ES,mobile,D-240,2025-12-28T07:00:00,M-048,CABK
T-7979,CU-354,1065.87,USD,MX,mobile,D-354,2025-12-28T07:16:00,M-006,BAN
T-2588,CU-810,7312.45,PEN,PE,web,D-810,2025-12-28T08:00:00,M-012,IBK
T-3064,CU-114,4862.65,USD,CO,web,D-114,2025-12-28T08:21:00,M-006,BAN
T-7703,CU-817,693.70,USD,US,web,D-817,2025-12-28T08:21:00,M-010,BAC
T-1129,CU-535,2613.41,USD,AR,web,D-535,2025-12-28T08:25:00,M-010,GAL
T-7827,CU-509,2526.23,USD,AR,web,D-509,2025-12-28T08:31:00,M-034,BNA
T-3726,CU-928,599.45,USD,CL,mobile,D-928,2025-12-28T08:45:00,M-004,BCH
T-1104,CU-620,1063.56,USD,US,mobile,D-620,2025-12-28T09:00:00,M-026,BAC
T-4511,CU-819,3135.50,USD,MX,mobile,D-819,2025-12-28T09:00:00,M-009,BAN
T-6671,CU-279,11548.32,USD,AR,mobile,D-279,2025-12-28T09:00:00,M-034,GAL
T-4470,CU-906,2072.34,PEN,PE,web,D-906,2025-12-28T09:04:00,M-014,IBK
T-7767,CU-567,3711.10,USD,CO,mobile,D-567,2025-12-28T09:09:00,M-004,BOG
T-5534,CU-748,2458.63,USD,MX,web,D-748,2025-12-28T09:12:00,M-045,BAN
T-1334,CU-426,270.07,USD,CL,web,D-426,2025-12-28T09:16:00,M-031,BCI
T-4780,CU-300,1909.34,USD,US,mobile,D-300,2025-12-28T09:17:00,M-005,JPM
T-2465,CU-038,2891.07,USD,CL,mobile,D-038,2025-12-28T09:20:00,M-026,BCH
T-5142,CU-396,309.79,USD,US,web,D-396,2025-12-28T09:22:00,M-027,JPM
T-7017,CU-121,3882.52,PEN,PE,mobile,D-121,2025-12-28T09:29:00,M-019,BCP
T-6041,CU-858,1313.20,USD,MX,mobile,D-858,2025-12-28T09:30:00,M-019,BBVA
T-6832,CU-645,202.57,PEN,PE,web,D-645,2025-12-28T09:44:00,M-008,BCP
T-4691,CU-329,279.17,USD,US,web,D-329,2025-12-28T09:45:00,M-028,BAC
T-4239,CU-312,3460.62,USD,AR,web,D-312,2025-12-28T09:46:00,M-043,GAL
T-5742,CU-667,6274.13,USD,CO,mobile,D-667,2025-12-28T09:50:00,M-031,BOG
T-7514,CU-478,1794.45,PEN,PE,web,D-478,2025-12-28T10:00:00,M-026,SAN
T-6007,CU-345,1148.39,PEN,PE,mobile,D-345,2025-12-28T10:00:00,M-048,SAN
T-5467,CU-949,696.31,USD,CL,web,D-949,2025-12-28T10:00:00,M-032,BCH
T-7329,CU-072,842.83,USD,ES,mobile,D-072,2025-12-28T10:01:00,M-038,BBVA
T-4395,CU-892,3632.25,USD,AR,mobile,D-892,2025-12-28T10:12:00,M-002,BNA
T-2038,CU-823,3158.71,USD,MX,web,D-823,2025-12-28T10:12:00,M-003,BAN
T-4688,CU-971,2197.06,USD,AR,mobile,D-971,2025-12-28T10:15:00,M-042,SAN
T-1171,CU-133,1540.54,USD,AR,web,D-133,2025-12-28T10:15:00,M-045,SAN
T-4402,CU-665,6121.50,USD,ES,web,D-665,2025-12-28T10:18:00,M-023,BBVA
T-6033,CU-817,1033.99,USD,US,web,D-817,2025-12-28T10:27:00,M-038,BAC
T-5459,CU-898,5070.08,USD,ES,mobile,D-898,2025-12-28T10:44:00,M-008,BBVA
T-4263,CU-100,632.22,USD,AR,web,D-100,2025-12-28T10:44:00,M-036,SAN
T-3703,CU-896,2820.79,USD,AR,web,D-896,2025-12-28T10:49:00,M-038,SAN
T-6012,CU-404,6292.76,USD,ES,web,D-404,2025-12-28T10:51:00,M-037,BBVA
T-7773,CU-964,194.64,USD,CL,web,D-964,2025-12-28T10:55:00,M-024,BCI
T-6162,CU-404,5284.09,USD,ES,web,D-404,2025-12-28T10:58:00,M-045,BBVA
T-1970,CU-828,5494.50,USD,CL,web,D-828,2025-12-28T10:58:00,M-041,BCH
T-5892,CU-868,1960.80,USD,CL,web,D-868,2025-12-28T10:58:00,M-039,BCH
T-6672,CU-279,11548.32,USD,AR,mobile,D-279,2025-12-28T11:00:00,M-034,GAL
T-5074,CU-222,997.57,USD,CL,web,D-222,2025-12-28T11:02:00,M-049,BCH
T-7552,CU-082,6128.97,USD,CL,web,D-082,2025-12-28T11:08:00,M-044,BCI
T-6174,CU-619,88.95,USD,US,mobile,D-619,2025-12-28T11:15:00,M-011,BAC
T-7331,CU-291,988.14,USD,ES,mobile,D-291,2025-12-28T11:22:00,M-001,SAN
T-6740,CU-060,255.41,USD,AR,mobile,D-060,2025-12-28T11:23:00,M-050,GAL
T-5220,CU-384,1933.94,PEN,PE,web,D-384,2025-12-28T11:26:00,M-044,IBK
T-6008,CU-345,1148.39,USD,ES,mobile,D-345,2025-12-28T11:30:00,M-020,SAN
T-1251,CU-452,2277.27,USD,CO,mobile,D-452,2025-12-28T11:30:00,M-035,BOG
T-7515,CU-478,1794.45,USD,ES,web,D-478,2025-12-28T11:30:00,M-023,SAN
T-5242,CU-332,5365.42,USD,ES,mobile,D-332,2025-12-28T11:36:00,M-028,BBVA
T-2856,CU-395,2207.82,USD,MX,mobile,D-395,2025-12-28T11:39:00,M-013,BAN
T-2258,CU-380,5702.55,USD,CO,web,D-380,2025-12-28T11:41:00,M-038,DAV
T-5693,CU-805,1368.64,USD,AR,web,D-805,2025-12-28T11:47:00,M-016,BNA
T-2459,CU-017,1159.10,USD,ES,web,D-017,2025-12-28T11:47:00,M-042,CABK
T-4626,CU-064,5447.37,USD,CO,web,D-064,2025-12-28T11:47:00,M-038,BAN
T-3984,CU-052,2096.57,USD,ES,web,D-052,2025-12-28T11:58:00,M-016,BBVA
T-5009,CU-146,777.28,PEN,PE,web,D-146,2025-12-28T12:00:00,M-049,BCP
T-1340,CU-981,4747.11,USD,ES,web,D-981,2025-12-28T12:00:00,M-048,SAN
T-3661,CU-388,1149.34,USD,US,web,D-388,2025-12-28T12:01:00,M-026,BAC
T-4970,CU-239,436.62,PEN,PE,web,D-239,2025-12-28T12:01:00,M-006,BCP
T-4674,CU-041,3571.82,USD,AR,web,D-041,2025-12-28T12:02:00,M-007,BNA
T-3662,CU-388,1998.29,USD,US,web,D-388,2025-12-28T12:02:00,M-026,BAC
T-4971,CU-239,988.63,PEN,PE,web,D-239,2025-12-28T12:02:00,M-006,BCP
T-3663,CU-388,1995.03,USD,US,web,D-388,2025-12-28T12:03:00,M-026,BAC
T-4972,CU-239,1338.58,PEN,PE,web,D-239,2025-12-28T12:03:00,M-006,BCP
T-3664,CU-388,2060.16,USD,US,web,D-388,2025-12-28T12:04:00,M-026,BAC
T-4973,CU-239,611.79,PEN,PE,web,D-239,2025-12-28T12:04:00,M-006,BCP
T-7836,CU-255,1870.47,USD,RU,mobile,D-999262,2025-12-28T12:05:00,M-006,SAN
T-7280,CU-289,4879.70,USD,CL,mobile,D-289,2025-12-28T12:13:00,M-015,BCI
T-7183,CU-075,528.17,USD,CL,mobile,D-075,2025-12-28T12:16:00,M-011,BCH
T-6487,CU-003,6961.29,USD,US,mobile,D-003,2025-12-28T12:16:00,M-025,WFC
T-6294,CU-292,2965.17,PEN,PE,mobile,D-292,2025-12-28T12:17:00,M-021,BCP
T-1661,CU-180,1040.15,USD,ES,web,D-180,2025-12-28T12:20:00,M-017,CABK
T-3842,CU-633,1055.93,USD,MX,mobile,D-633,2025-12-28T12:20:00,M-038,SAN
T-1290,CU-362,1824.11,USD,CO,web,D-362,2025-12-28T12:22:00,M-048,BOG
T-6250,CU-595,4990.60,USD,AR,web,D-595,2025-12-28T12:29:00,M-042,SAN
T-7271,CU-177,2512.69,USD,CL,web,D-177,2025-12-28T12:31:00,M-042,SAN
T-7684,CU-560,1556.95,USD,RU,web,D-999329,2025-12-28T12:34:00,M-020,BAC
T-3537,CU-788,2022.42,USD,CL,mobile,D-788,2025-12-28T12:34:00,M-011,BCI
T-5850,CU-160,3046.19,USD,AR,mobile,D-160,2025-12-28T12:37:00,M-006,SAN
T-5746,CU-854,2524.13,PEN,PE,web,D-854,2025-12-28T12:39:00,M-008,BCP
T-5384,CU-665,4075.42,USD,ES,web,D-665,2025-12-28T12:40:00,M-004,BBVA
T-7050,CU-655,3528.16,USD,CO,web,D-655,2025-12-28T12:45:00,M-030,BAN
T-7221,CU-795,1865.84,USD,ES,mobile,D-795,2025-12-28T12:46:00,M-009,CABK
T-3216,CU-295,2141.35,USD,CL,web,D-295,2025-12-28T12:47:00,M-049,BCH
T-1829,CU-087,143.53,USD,CL,mobile,D-087,2025-12-28T12:48:00,M-030,SAN
T-7338,CU-253,1892.29,USD,CL,mobile,D-253,2025-12-28T12:49:00,M-006,BCH
T-2123,CU-680,4541.57,USD,MX,web,D-680,2025-12-28T12:52:00,M-040,BAN
T-3678,CU-642,2202.39,USD,US,web,D-642,2025-12-28T12:59:00,M-027,BAC
T-6673,CU-279,11548.32,USD,AR,mobile,D-279,2025-12-28T13:00:00,M-034,GAL
T-7536,CU-816,2364.53,USD,US,mobile,D-816,2025-12-28T13:05:00,M-026,BAC
T-1060,CU-547,1232.72,USD,CL,web,D-547,2025-12-28T13:07:00,M-043,BCI
T-4681,CU-407,4467.50,USD,ES,web,D-407,2025-12-28T13:09:00,M-012,SAN
T-5120,CU-730,576.49,USD,CO,mobile,D-730,2025-12-28T13:15:00,M-038,BAN
T-7416,CU-340,1883.18,USD,CL,web,D-340,2025-12-28T13:23:00,M-038,BCH
T-7885,CU-955,1720.86,USD,ES,mobile,D-955,2025-12-28T13:24:00,M-020,SAN
T-7428,CU-921,3410.18,USD,CL,web,D-921,2025-12-28T13:25:00,M-047,SAN
T-1187,CU-597,454.27,PEN,PE,mobile,D-597,2025-12-28T13:28:00,M-023,BBVA
T-1957,CU-798,3855.56,USD,CO,web,D-798,2025-12-28T13:31:00,M-042,BAN
T-6747,CU-856,2203.11,USD,MX,mobile,D-856,2025-12-28T13:36:00,M-046,BBVA
T-3699,CU-831,136.82,USD,US,web,D-831,2025-12-28T13:37:00,M-033,JPM
T-6668,CU-372,1088.97,USD,MX,mobile,D-372,2025-12-28T13:41:00,M-027,BAN
T-3602,CU-974,2268.28,USD,CL,web,D-974,2025-12-28T13:50:00,M-021,BCH
T-1521,CU-200,1239.74,USD,AR,mobile,D-200,2025-12-28T13:50:00,M-004,GAL
T-5773,CU-181,1590.35,USD,US,mobile,D-181,2025-12-28T13:51:00,M-031,WFC
T-3975,CU-186,3193.90,USD,US,mobile,D-186,2025-12-28T13:52:00,M-033,JPM
T-7916,CU-779,0.50,USD,CL,mobile,D-999167,2025-12-28T14:00:00,M-033,BCI
T-3594,CU-193,0.50,USD,MX,mobile,D-999573,2025-12-28T14:00:00,M-001,BAN
T-3595,CU-193,0.50,USD,MX,mobile,D-999573,2025-12-28T14:02:00,M-004,BAN
T-7917,CU-779,0.50,USD,CL,mobile,D-999167,2025-12-28T14:02:00,M-018,BCI
T-2068,CU-771,2657.91,PEN,PE,mobile,D-771,2025-12-28T14:03:00,M-039,IBK
T-3072,CU-797,2643.16,PEN,PE,mobile,D-797,2025-12-28T14:05:00,M-034,IBK
T-3596,CU-193,13073.48,USD,MX,mobile,D-999573,2025-12-28T14:06:00,M-039,BAN
T-7918,CU-779,18352.32,USD,CL,mobile,D-999167,2025-12-28T14:06:00,M-031,BCI
T-6962,CU-090,1762.19,PEN,PE,web,D-090,2025-12-28T14:07:00,M-005,BBVA
T-6381,CU-490,2418.82,USD,CO,mobile,D-490,2025-12-28T14:11:00,M-001,DAV
T-2870,CU-583,1246.73,USD,AR,web,D-583,2025-12-28T14:22:00,M-008,BNA
T-2655,CU-401,1643.85,USD,CO,mobile,D-401,2025-12-28T14:23:00,M-017,BAN
T-1499,CU-842,3606.45,USD,CO,mobile,D-842,2025-12-28T14:27:00,M-045,BAN
T-4477,CU-032,2560.14,USD,ES,web,D-032,2025-12-28T14:27:00,M-048,BBVA
T-4697,CU-243,5094.81,PEN,PE,mobile,D-243,2025-12-28T14:32:00,M-029,IBK
T-3320,CU-980,723.20,USD,CO,mobile,D-980,2025-12-28T14:39:00,M-011,BOG
T-5580,CU-808,1903.60,USD,AR,mobile,D-808,2025-12-28T14:40:00,M-050,GAL
T-3073,CU-263,3157.35,USD,AR,web,D-263,2025-12-28T14:45:00,M-010,GAL
T-7598,CU-549,546.49,USD,MX,mobile,D-549,2025-12-28T14:54:00,M-046,BBVA
T-1586,CU-746,1445.22,USD,ES,mobile,D-746,2025-12-28T15:00:00,M-999,BBVA
T-1065,CU-409,1807.41,PEN,PE,web,D-409,2025-12-28T15:00:00,M-999,IBK
T-3882,CU-794,1503.07,USD,CL,mobile,D-794,2025-12-28T15:02:00,M-013,BCH
T-3005,CU-723,3385.55,USD,US,web,D-723,2025-12-28T15:06:00,M-038,JPM
T-7794,CU-620,1082.48,USD,US,mobile,D-620,2025-12-28T15:07:00,M-015,BAC
T-4405,CU-870,5867.74,USD,CO,web,D-870,2025-12-28T15:07:00,M-037,DAV
T-6785,CU-068,2407.10,USD,AR,mobile,D-068,2025-12-28T15:11:00,M-047,SAN
T-2373,CU-716,720.66,USD,MX,web,D-716,2025-12-28T15:14:00,M-014,SAN
T-5409,CU-654,276.26,PEN,PE,mobile,D-654,2025-12-28T15:30:00,M-042,BBVA
T-3026,CU-174,1285.79,PEN,PE,web,D-174,2025-12-28T15:32:00,M-007,IBK
T-7642,CU-146,994.80,PEN,PE,web,D-146,2025-12-28T15:33:00,M-031,BCP
T-3428,CU-619,182.43,USD,US,mobile,D-619,2025-12-28T15:33:00,M-039,BAC
T-7715,CU-619,83.46,USD,US,mobile,D-619,2025-12-28T15:35:00,M-010,BAC
T-3815,CU-786,3883.96,USD,ES,web,D-786,2025-12-28T15:35:00,M-025,BBVA
T-6314,CU-165,2950.29,USD,CO,web,D-165,2025-12-28T15:35:00,M-033,BAN
T-4349,CU-415,1436.55,USD,CO,web,D-415,2025-12-28T15:40:00,M-008,DAV
T-1271,CU-647,2707.70,USD,ES,mobile,D-647,2025-12-28T15:42:00,M-017,CABK
T-2761,CU-472,2455.17,PEN,PE,web,D-472,2025-12-28T15:57:00,M-003,BCP
T-6914,CU-538,4579.17,USD,CO,mobile,D-538,2025-12-28T15:59:00,M-027,BOG
T-3705,CU-046,11200.73,USD,MX,web,D-046,2025-12-28T16:00:00,M-048,BBVA
T-6184,CU-122,3517.30,USD,CL,web,D-122,2025-12-28T16:02:00,M-013,SAN
T-6765,CU-269,900.36,USD,ES,mobile,D-269,2025-12-28T16:05:00,M-046,BBVA
T-5884,CU-363,3063.64,USD,AR,web,D-363,2025-12-28T16:08:00,M-045,SAN
T-7866,CU-505,3979.08,PEN,PE,web,D-505,2025-12-28T16:10:00,M-036,BBVA
T-1892,CU-906,2099.48,PEN,PE,web,D-906,2025-12-28T16:11:00,M-020,IBK
T-7342,CU-509,2921.02,USD,AR,web,D-509,2025-12-28T16:12:00,M-030,BNA
T-5603,CU-060,275.77,USD,AR,mobile,D-060,2025-12-28T16:12:00,M-033,GAL
T-7069,CU-449,5505.41,USD,CO,web,D-449,2025-12-28T16:19:00,M-034,BAN
T-7919,CU-876,3904.39,USD,CL,web,D-876,2025-12-28T16:21:00,M-040,SAN
T-7537,CU-070,3481.23,USD,CO,web,D-070,2025-12-28T16:25:00,M-017,DAV
T-4422,CU-691,4387.85,USD,US,mobile,D-691,2025-12-28T16:26:00,M-025,WFC
T-4413,CU-917,3508.98,USD,CO,mobile,D-917,2025-12-28T16:27:00,M-031,DAV
T-2376,CU-334,2913.82,USD,MX,mobile,D-334,2025-12-28T16:34:00,M-045,SAN
T-4593,CU-268,1694.60,USD,MX,mobile,D-268,2025-12-28T16:35:00,M-007,BBVA
T-5703,CU-586,788.63,USD,MX,web,D-586,2025-12-28T16:38:00,M-017,BBVA
T-4773,CU-997,309.32,USD,CO,web,D-997,2025-12-28T16:46:00,M-049,BOG
T-6394,CU-941,299.61,USD,AR,mobile,D-941,2025-12-28T16:47:00,M-030,GAL
T-7503,CU-618,2397.95,USD,US,mobile,D-618,2025-12-28T16:47:00,M-004,BAC
T-1765,CU-236,1116.59,USD,ES,mobile,D-236,2025-12-28T16:49:00,M-044,SAN
T-3939,CU-605,2675.63,USD,CL,web,D-605,2025-12-28T16:52:00,M-025,BCH
T-5946,CU-067,3788.18,USD,CO,mobile,D-067,2025-12-28T16:52:00,M-024,BAN
T-6937,CU-450,3439.31,PEN,PE,web,D-450,2025-12-28T16:56:00,M-046,BCP
T-1918,CU-704,2530.48,PEN,PE,mobile,D-704,2025-12-28T16:57:00,M-031,BBVA
T-7305,CU-293,5933.41,USD,CL,web,D-293,2025-12-28T17:01:00,M-013,BCH
T-1370,CU-860,3349.05,PEN,PE,web,D-860,2025-12-28T17:01:00,M-037,IBK
T-5099,CU-862,3518.69,USD,CL,web,D-862,2025-12-28T17:03:00,M-016,SAN
T-4061,CU-561,2578.86,USD,CO,mobile,D-561,2025-12-28T17:07:00,M-032,BOG
T-1092,CU-293,4748.14,USD,CL,web,D-293,2025-12-28T17:13:00,M-004,BCH
T-5601,CU-395,3211.66,USD,MX,mobile,D-395,2025-12-28T17:17:00,M-013,BAN
T-6005,CU-199,2801.79,USD,CL,mobile,D-199,2025-12-28T17:18:00,M-016,BCI
T-7493,CU-411,942.95,USD,MX,web,D-411,2025-12-28T17:22:00,M-034,SAN
T-3976,CU-922,3448.75,USD,MX,mobile,D-922,2025-12-28T17:24:00,M-041,BBVA
T-7730,CU-107,3551.59,USD,MX,web,D-107,2025-12-28T17:29:00,M-014,BAN
T-6841,CU-903,924.56,USD,CO,mobile,D-903,2025-12-28T17:36:00,M-007,BOG
T-2042,CU-204,4280.76,USD,MX,mobile,D-204,2025-12-28T17:36:00,M-048,BAN
T-7970,CU-369,2855.07,USD,US,mobile,D-369,2025-12-28T17:38:00,M-045,WFC
T-5822,CU-451,3275.29,USD,AR,web,D-451,2025-12-28T17:40:00,M-006,BNA
T-2312,CU-953,1859.56,USD,US,web,D-953,2025-12-28T17:43:00,M-043,BAC
T-6355,CU-610,2638.04,USD,ES,mobile,D-610,2025-12-28T17:43:00,M-035,CABK
T-1966,CU-871,769.40,PEN,PE,web,D-871,2025-12-28T17:49:00,M-010,IBK
T-3053,CU-776,5323.74,USD,CO,mobile,D-776,2025-12-28T17:55:00,M-050,BAN
T-6078,CU-170,979.68,USD,CL,web,D-170,2025-12-28T17:57:00,M-022,BCH
T-5247,CU-654,376.97,PEN,PE,mobile,D-654,2025-12-28T18:00:00,M-042,BBVA
T-2846,CU-796,4239.64,USD,MX,mobile,D-796,2025-12-28T18:01:00,M-017,SAN
T-2816,CU-322,3558.99,USD,AR,web,D-322,2025-12-28T18:03:00,M-001,SAN
T-3526,CU-614,1012.79,PEN,PE,mobile,D-614,2025-12-28T18:05:00,M-032,BCP
T-4179,CU-703,3788.46,USD,CO,web,D-703,2025-12-28T18:09:00,M-007,BAN
T-6669,CU-1000,3778.80,USD,CL,web,D-1000,2025-12-28T18:14:00,M-033,BCH
T-4359,CU-947,2542.30,USD,ES,mobile,D-947,2025-12-28T18:17:00,M-014,SAN
T-7335,CU-861,1724.25,PEN,PE,mobile,D-861,2025-12-28T18:19:00,M-047,IBK
T-3745,CU-395,2824.32,USD,MX,mobile,D-395,2025-12-28T18:23:00,M-028,BAN
T-6973,CU-719,2488.77,USD,ES,web,D-719,2025-12-28T18:24:00,M-037,SAN
T-4548,CU-441,1986.47,USD,ES,web,D-441,2025-12-28T18:25:00,M-010,SAN
T-2562,CU-692,951.47,USD,CO,mobile,D-692,2025-12-28T18:31:00,M-043,DAV
T-3128,CU-617,1350.69,USD,ES,web,D-617,2025-12-28T18:35:00,M-011,BBVA
T-1682,CU-092,2003.45,USD,CO,web,D-092,2025-12-28T18:35:00,M-018,BOG
T-6806,CU-131,217.49,USD,MX,mobile,D-131,2025-12-28T18:48:00,M-047,SAN
T-2850,CU-889,2565.53,PEN,PE,mobile,D-889,2025-12-28T18:51:00,M-023,BBVA
T-6967,CU-369,3803.76,USD,US,mobile,D-369,2025-12-28T18:58:00,M-016,WFC
T-3095,CU-348,325.15,USD,US,web,D-348,2025-12-28T19:03:00,M-037,JPM
T-3337,CU-851,2412.42,USD,US,mobile,D-851,2025-12-28T19:06:00,M-040,JPM
T-4702,CU-369,2664.77,USD,US,mobile,D-369,2025-12-28T19:12:00,M-016,WFC
T-4175,CU-149,3712.43,USD,US,mobile,D-149,2025-12-28T19:17:00,M-003,JPM
T-3791,CU-297,2964.60,USD,CO,web,D-297,2025-12-28T19:19:00,M-022,DAV
T-4044,CU-200,983.19,USD,AR,mobile,D-200,2025-12-28T19:21:00,M-034,GAL
T-7127,CU-727,4484.00,USD,CO,mobile,D-727,2025-12-28T19:29:00,M-005,DAV
T-5598,CU-216,3027.90,USD,CO,web,D-216,2025-12-28T19:31:00,M-022,BAN
T-4195,CU-641,3233.70,USD,ES,web,D-641,2025-12-28T19:35:00,M-031,CABK
T-1598,CU-336,807.01,USD,ES,mobile,D-336,2025-12-28T19:38:00,M-026,SAN
T-5124,CU-715,1862.38,USD,CO,web,D-715,2025-12-28T19:44:00,M-009,BAN
T-7550,CU-397,1541.74,USD,AR,web,D-397,2025-12-28T19:47:00,M-049,BNA
T-5448,CU-089,4594.75,USD,AR,web,D-089,2025-12-28T19:57:00,M-037,BNA
T-7633,CU-291,913.82,USD,ES,mobile,D-291,2025-12-28T19:58:00,M-013,SAN
T-1992,CU-952,7050.09,USD,MX,web,D-952,2025-12-28T20:18:00,M-049,SAN
T-4478,CU-492,3219.92,USD,US,mobile,D-492,2025-12-28T20:20:00,M-048,WFC
T-3365,CU-696,3110.62,USD,ES,web,D-696,2025-12-28T20:21:00,M-034,BBVA
T-7875,CU-774,2328.38,USD,US,web,D-774,2025-12-28T20:25:00,M-004,WFC
T-7175,CU-997,555.85,USD,CO,web,D-997,2025-12-28T20:35:00,M-028,BOG
T-5101,CU-632,2652.94,USD,CO,web,D-632,2025-12-28T20:35:00,M-017,BOG
T-6182,CU-875,430.47,USD,ES,mobile,D-875,2025-12-28T20:38:00,M-020,SAN
T-3748,CU-330,4854.65,USD,CO,web,D-330,2025-12-28T20:44:00,M-030,BAN
T-7592,CU-430,1539.80,USD,CO,mobile,D-430,2025-12-28T20:44:00,M-037,BOG
T-7024,CU-381,706.25,USD,AR,mobile,D-381,2025-12-28T20:47:00,M-033,SAN
T-6439,CU-104,1326.96,PEN,PE,web,D-104,2025-12-28T20:53:00,M-005,BBVA
T-6710,CU-572,928.64,USD,US,mobile,D-572,2025-12-28T21:07:00,M-024,WFC
T-3435,CU-849,2370.43,USD,CL,mobile,D-849,2025-12-28T21:08:00,M-045,BCH
T-2067,CU-776,3649.55,USD,CO,mobile,D-776,2025-12-28T21:22:00,M-006,BAN
T-7835,CU-186,3126.96,USD,US,mobile,D-186,2025-12-28T21:26:00,M-007,JPM
T-5836,CU-216,5488.41,USD,CO,web,D-216,2025-12-28T21:27:00,M-002,BAN
T-2085,CU-814,1743.85,USD,US,web,D-814,2025-12-28T21:32:00,M-036,WFC
T-4841,CU-219,2058.89,USD,CL,web,D-219,2025-12-28T21:33:00,M-001,SAN
T-7026,CU-727,4304.65,USD,CO,mobile,D-727,2025-12-28T21:44:00,M-003,DAV
T-3389,CU-603,17151.04,USD,CO,web,D-603,2025-12-28T21:52:00,M-022,BAN
T-3346,CU-025,2884.10,USD,CO,web,D-025,2025-12-28T22:02:00,M-021,BOG
T-7723,CU-325,2722.59,PEN,PE,mobile,D-325,2025-12-28T22:22:00,M-030,BCP
T-1204,CU-646,1381.21,USD,RU,web,D-999240,2025-12-28T22:42:00,M-036,GAL
T-3959,CU-868,12826.57,USD,CL,web,D-868,2025-12-29T01:39:00,M-003,BCH
T-7712,CU-998,7770.31,USD,CL,mobile,D-998,2025-12-29T01:47:00,M-003,BCH
T-2190,CU-062,16911.64,USD,MX,mobile,D-062,2025-12-29T02:46:00,M-027,BBVA
T-2310,CU-344,15028.03,USD,US,mobile,D-344,2025-12-29T04:42:00,M-021,WFC
T-2795,CU-882,1758.83,USD,CL,mobile,D-882,2025-12-29T06:23:00,M-030,BCH
T-3665,CU-931,348.22,USD,MX,mobile,D-931,2025-12-29T07:17:00,M-050,BBVA
T-2119,CU-049,2807.38,USD,CL,mobile,D-049,2025-12-29T07:22:00,M-033,BCH
T-5743,CU-619,167.87,USD,US,mobile,D-619,2025-12-29T07:30:00,M-014,BAC
T-3502,CU-302,901.81,USD,US,web,D-302,2025-12-29T07:32:00,M-013,WFC
T-1223,CU-373,4984.01,USD,US,web,D-373,2025-12-29T07:50:00,M-004,BAC
T-5182,CU-204,4501.80,USD,MX,mobile,D-204,2025-12-29T08:12:00,M-035,BAN
T-6128,CU-005,4243.32,USD,ES,web,D-005,2025-12-29T08:15:00,M-019,SAN
T-3732,CU-912,5206.20,USD,CL,web,D-912,2025-12-29T08:17:00,M-046,BCH
T-2217,CU-956,2879.59,USD,AR,web,D-956,2025-12-29T08:19:00,M-015,SAN
T-2991,CU-522,2126.06,USD,ES,web,D-522,2025-12-29T08:42:00,M-043,SAN
T-3375,CU-184,87.22,USD,US,web,D-184,2025-12-29T08:56:00,M-021,WFC
T-4091,CU-128,1750.47,USD,ES,web,D-128,2025-12-29T09:00:00,M-017,BBVA
T-7136,CU-347,10792.83,PEN,PE,web,D-347,2025-12-29T09:00:00,M-029,BBVA
T-1893,CU-049,1465.66,USD,CL,mobile,D-049,2025-12-29T09:11:00,M-018,BCH
T-7585,CU-176,1181.44,USD,AR,mobile,D-176,2025-12-29T09:16:00,M-019,SAN
T-3739,CU-339,3503.21,USD,MX,mobile,D-339,2025-12-29T09:20:00,M-035,SAN
T-7573,CU-341,704.96,USD,US,web,D-341,2025-12-29T09:21:00,M-020,BAC
T-6934,CU-661,4210.33,USD,AR,web,D-661,2025-12-29T09:27:00,M-014,BNA
T-7540,CU-300,2653.24,USD,US,mobile,D-300,2025-12-29T09:29:00,M-011,JPM
T-3971,CU-302,524.44,USD,US,web,D-302,2025-12-29T09:38:00,M-001,WFC
T-4615,CU-126,3008.71,USD,AR,mobile,D-126,2025-12-29T09:41:00,M-005,GAL
T-2379,CU-596,754.69,PEN,PE,web,D-596,2025-12-29T09:41:00,M-001,BCP
T-4875,CU-049,2940.65,USD,CL,mobile,D-049,2025-12-29T09:42:00,M-015,BCH
T-6367,CU-654,573.37,PEN,PE,mobile,D-654,2025-12-29T09:43:00,M-033,BBVA
T-7991,CU-355,2507.56,USD,CL,mobile,D-355,2025-12-29T09:48:00,M-046,BCI
T-2997,CU-575,2240.19,USD,MX,mobile,D-575,2025-12-29T09:51:00,M-046,BAN
T-3234,CU-424,4956.96,USD,CL,web,D-424,2025-12-29T09:52:00,M-030,SAN
T-1908,CU-571,4456.40,PEN,PE,mobile,D-571,2025-12-29T09:54:00,M-040,BBVA
T-4635,CU-551,592.35,USD,CO,web,D-551,2025-12-29T09:59:00,M-008,BOG
T-4820,CU-196,2778.82,PEN,PE,web,D-196,2025-12-29T10:00:00,M-039,SAN
T-2059,CU-308,2613.22,PEN,PE,mobile,D-308,2025-12-29T10:00:00,M-032,BBVA
T-2248,CU-966,974.41,PEN,PE,mobile,D-966,2025-12-29T10:00:00,M-043,IBK
T-5821,CU-428,3284.27,USD,MX,mobile,D-428,2025-12-29T10:00:00,M-005,BBVA
T-2646,CU-060,322.69,PEN,PE,mobile,D-060,2025-12-29T10:00:00,M-019,GAL
T-6884,CU-590,1045.66,USD,US,web,D-590,2025-12-29T10:01:00,M-011,JPM
T-3230,CU-191,940.92,USD,CL,web,D-191,2025-12-29T10:05:00,M-018,SAN
T-5917,CU-417,3813.24,USD,AR,mobile,D-417,2025-12-29T10:07:00,M-040,SAN
T-4334,CU-863,1502.57,USD,AR,web,D-863,2025-12-29T10:08:00,M-014,BNA
T-6859,CU-096,1342.05,USD,CO,web,D-096,2025-12-29T10:11:00,M-019,BOG
T-1972,CU-052,2482.07,USD,ES,web,D-052,2025-12-29T10:13:00,M-049,BBVA
T-3716,CU-815,502.24,USD,AR,mobile,D-815,2025-12-29T10:15:00,M-014,SAN
T-6341,CU-846,268.73,USD,US,mobile,D-846,2025-12-29T10:16:00,M-042,BAC
T-2635,CU-430,1616.70,USD,CO,mobile,D-430,2025-12-29T10:18:00,M-038,BOG
T-4495,CU-786,3814.32,USD,ES,web,D-786,2025-12-29T10:20:00,M-007,BBVA
T-7106,CU-709,479.59,USD,US,mobile,D-709,2025-12-29T10:21:00,M-046,WFC
T-1713,CU-010,4636.56,USD,CO,web,D-010,2025-12-29T10:27:00,M-027,BOG
T-3224,CU-234,819.78,USD,MX,web,D-234,2025-12-29T10:40:00,M-002,BBVA
T-5276,CU-682,4401.16,USD,US,web,D-682,2025-12-29T10:56:00,M-003,JPM
T-3811,CU-769,1024.96,USD,AR,mobile,D-769,2025-12-29T10:58:00,M-034,SAN
T-7137,CU-347,10792.83,PEN,PE,web,D-347,2025-12-29T11:00:00,M-029,BBVA
T-7877,CU-326,15804.18,USD,ES,mobile,D-326,2025-12-29T11:00:00,M-005,SAN
T-1114,CU-027,4926.87,USD,US,mobile,D-027,2025-12-29T11:00:00,M-043,JPM
T-2801,CU-060,380.55,USD,AR,mobile,D-060,2025-12-29T11:01:00,M-033,GAL
T-5420,CU-874,948.57,USD,CO,mobile,D-874,2025-12-29T11:14:00,M-023,BAN
T-5764,CU-844,662.29,USD,CO,web,D-844,2025-12-29T11:14:00,M-018,BAN
T-3899,CU-152,627.74,USD,MX,web,D-152,2025-12-29T11:20:00,M-026,BBVA
T-2249,CU-966,974.41,USD,ES,mobile,D-966,2025-12-29T11:30:00,M-049,IBK
T-4821,CU-196,2778.82,USD,ES,web,D-196,2025-12-29T11:30:00,M-044,SAN
T-2647,CU-060,322.69,USD,ES,mobile,D-060,2025-12-29T11:30:00,M-007,GAL
T-2060,CU-308,2613.22,USD,ES,mobile,D-308,2025-12-29T11:30:00,M-031,BBVA
T-3437,CU-882,4120.86,USD,CL,mobile,D-882,2025-12-29T11:36:00,M-012,BCH
T-3169,CU-482,3539.52,USD,CL,web,D-482,2025-12-29T11:36:00,M-039,SAN
T-3360,CU-847,433.71,USD,AR,mobile,D-847,2025-12-29T11:38:00,M-042,BNA
T-7103,CU-743,2151.58,USD,AR,web,D-743,2025-12-29T11:39:00,M-007,GAL
T-6674,CU-517,120.42,PEN,PE,web,D-517,2025-12-29T11:41:00,M-047,BCP
T-2434,CU-964,331.92,USD,CL,web,D-964,2025-12-29T11:42:00,M-036,BCI
T-4851,CU-873,2655.10,USD,ES,web,D-873,2025-12-29T11:43:00,M-038,CABK
T-5456,CU-352,484.49,USD,CO,web,D-352,2025-12-29T11:54:00,M-044,DAV
T-6951,CU-306,3747.30,USD,MX,mobile,D-306,2025-12-29T11:56:00,M-011,BAN
T-4539,CU-406,546.84,USD,CO,mobile,D-406,2025-12-29T12:00:00,M-043,BOG
T-3733,CU-386,7671.80,PEN,PE,mobile,D-386,2025-12-29T12:00:00,M-008,BCP
T-4877,CU-984,183.43,PEN,PE,mobile,D-984,2025-12-29T12:01:00,M-005,BBVA
T-6815,CU-955,603.00,USD,ES,mobile,D-955,2025-12-29T12:01:00,M-003,SAN
T-7780,CU-734,433.86,USD,MX,web,D-734,2025-12-29T12:01:00,M-039,BBVA
T-6748,CU-681,3466.50,USD,CL,web,D-681,2025-12-29T12:02:00,M-042,BCI
T-7781,CU-734,1005.98,USD,MX,web,D-734,2025-12-29T12:02:00,M-039,BBVA
T-6816,CU-955,737.29,USD,ES,mobile,D-955,2025-12-29T12:02:00,M-003,SAN
T-4878,CU-984,546.16,PEN,PE,mobile,D-984,2025-12-29T12:02:00,M-005,BBVA
T-7782,CU-734,539.35,USD,MX,web,D-734,2025-12-29T12:03:00,M-039,BBVA
T-4879,CU-984,523.17,PEN,PE,mobile,D-984,2025-12-29T12:03:00,M-005,BBVA
T-6817,CU-955,1096.69,USD,ES,mobile,D-955,2025-12-29T12:03:00,M-003,SAN
T-6818,CU-955,295.66,USD,ES,mobile,D-955,2025-12-29T12:04:00,M-003,SAN
T-7783,CU-734,1439.19,USD,MX,web,D-734,2025-12-29T12:04:00,M-039,BBVA
T-4880,CU-984,305.69,PEN,PE,mobile,D-984,2025-12-29T12:04:00,M-005,BBVA
T-4863,CU-201,4012.56,USD,US,web,D-201,2025-12-29T12:20:00,M-035,JPM
T-5004,CU-587,1522.30,USD,CO,web,D-587,2025-12-29T12:21:00,M-033,DAV
T-6845,CU-663,1725.94,USD,CL,mobile,D-663,2025-12-29T12:23:00,M-007,SAN
T-6088,CU-431,6734.06,USD,ES,web,D-431,2025-12-29T12:24:00,M-015,BBVA
T-7860,CU-017,805.54,USD,ES,web,D-017,2025-12-29T12:26:00,M-001,CABK
T-6823,CU-130,3055.54,USD,US,mobile,D-130,2025-12-29T12:31:00,M-045,WFC
T-4942,CU-467,345.23,USD,AR,web,D-467,2025-12-29T12:31:00,M-015,BNA
T-4150,CU-494,1974.93,USD,CL,web,D-494,2025-12-29T12:33:00,M-007,SAN
T-3788,CU-962,1234.58,PEN,PE,web,D-962,2025-12-29T12:36:00,M-011,IBK
T-6063,CU-633,2022.13,USD,MX,mobile,D-633,2025-12-29T12:38:00,M-040,SAN
T-5827,CU-063,2619.42,USD,MX,web,D-063,2025-12-29T12:39:00,M-019,BBVA
T-4461,CU-245,3294.97,USD,AR,web,D-245,2025-12-29T12:43:00,M-042,SAN
T-5979,CU-525,4444.74,USD,CL,web,D-525,2025-12-29T12:43:00,M-046,SAN
T-3845,CU-569,3932.56,USD,CO,mobile,D-569,2025-12-29T12:47:00,M-022,BAN
T-6705,CU-792,4598.45,USD,CO,web,D-792,2025-12-29T12:51:00,M-045,BAN
T-7138,CU-347,10792.83,PEN,PE,web,D-347,2025-12-29T13:00:00,M-029,BBVA
T-2776,CU-181,1881.33,USD,US,mobile,D-181,2025-12-29T13:02:00,M-013,WFC
T-7750,CU-903,524.99,USD,CO,mobile,D-903,2025-12-29T13:10:00,M-040,BOG
T-4758,CU-633,1178.59,USD,MX,mobile,D-633,2025-12-29T13:16:00,M-017,SAN
T-5056,CU-858,2049.74,USD,MX,mobile,D-858,2025-12-29T13:19:00,M-012,BBVA
T-7109,CU-676,4681.72,USD,AR,mobile,D-676,2025-12-29T13:26:00,M-005,BNA
T-2604,CU-699,567.45,USD,US,web,D-699,2025-12-29T13:28:00,M-026,WFC
T-3507,CU-481,4606.80,PEN,PE,mobile,D-481,2025-12-29T13:28:00,M-012,IBK
T-5336,CU-919,1556.30,USD,US,web,D-919,2025-12-29T13:30:00,M-043,WFC
T-4852,CU-493,4049.41,USD,US,mobile,D-493,2025-12-29T13:30:00,M-045,BAC
T-4283,CU-466,3863.89,USD,CL,web,D-466,2025-12-29T13:34:00,M-005,BCH
T-2759,CU-784,904.22,PEN,PE,web,D-784,2025-12-29T13:46:00,M-037,IBK
T-3952,CU-896,2014.15,USD,AR,web,D-896,2025-12-29T13:47:00,M-030,SAN
T-2400,CU-154,3457.21,PEN,PE,web,D-154,2025-12-29T13:53:00,M-022,BBVA
T-2306,CU-849,1477.03,USD,CL,mobile,D-849,2025-12-29T13:55:00,M-026,BCH
T-2133,CU-336,2178.88,USD,ES,mobile,D-336,2025-12-29T13:55:00,M-006,SAN
T-4498,CU-915,3064.85,PEN,PE,web,D-915,2025-12-29T13:58:00,M-044,IBK
T-7477,CU-144,3159.06,USD,AR,mobile,D-144,2025-12-29T14:00:00,M-031,BNA
T-2888,CU-508,1529.66,USD,CL,web,D-508,2025-12-29T14:00:00,M-025,BCI
T-7400,CU-803,4457.47,USD,ES,mobile,D-803,2025-12-29T14:01:00,M-007,CABK
T-7669,CU-725,1126.09,USD,ES,web,D-725,2025-12-29T14:07:00,M-025,SAN
T-3431,CU-154,2414.96,PEN,PE,web,D-154,2025-12-29T14:08:00,M-035,BBVA
T-4941,CU-508,348.68,USD,CL,mobile,D-508,2025-12-29T14:09:00,M-027,BCI
T-5226,CU-885,1734.53,USD,US,web,D-885,2025-12-29T14:10:00,M-006,JPM
T-6802,CU-093,582.33,USD,ES,mobile,D-093,2025-12-29T14:15:00,M-030,SAN
T-5005,CU-617,790.61,USD,ES,web,D-617,2025-12-29T14:17:00,M-014,BBVA
T-2960,CU-977,3778.49,USD,AR,mobile,D-977,2025-12-29T14:17:00,M-039,BNA
T-5493,CU-851,2421.25,USD,US,mobile,D-851,2025-12-29T14:18:00,M-006,JPM
T-3474,CU-207,3678.68,USD,AR,mobile,D-207,2025-12-29T14:20:00,M-047,GAL
T-3674,CU-016,5032.57,USD,AR,mobile,D-016,2025-12-29T14:31:00,M-009,SAN
T-1569,CU-062,5248.73,USD,MX,mobile,D-062,2025-12-29T14:36:00,M-020,BBVA
T-6695,CU-880,2364.92,PEN,PE,web,D-880,2025-12-29T14:36:00,M-045,IBK
T-2332,CU-438,2207.46,PEN,PE,mobile,D-438,2025-12-29T14:37:00,M-028,BCP
T-1636,CU-994,3074.86,USD,US,mobile,D-994,2025-12-29T14:37:00,M-041,JPM
T-5053,CU-287,4075.98,USD,US,web,D-287,2025-12-29T14:40:00,M-029,WFC
T-4130,CU-329,249.34,USD,US,web,D-329,2025-12-29T14:46:00,M-024,BAC
T-2404,CU-707,2260.86,USD,AR,mobile,D-707,2025-12-29T14:48:00,M-038,GAL
T-1948,CU-926,2779.57,PEN,PE,web,D-926,2025-12-29T14:49:00,M-014,BCP
T-7143,CU-773,4171.23,USD,MX,web,D-773,2025-12-29T14:56:00,M-047,BAN
T-6960,CU-227,2675.13,PEN,PE,web,D-227,2025-12-29T14:59:00,M-031,IBK
T-3627,CU-742,3514.13,USD,CL,mobile,D-742,2025-12-29T15:00:00,M-010,BCH
T-7445,CU-147,486.40,PEN,PE,mobile,D-147,2025-12-29T15:03:00,M-022,BCP
T-6395,CU-285,1094.03,USD,CO,web,D-285,2025-12-29T15:06:00,M-032,DAV
T-7369,CU-228,4097.66,USD,US,web,D-228,2025-12-29T15:08:00,M-027,JPM
T-6098,CU-329,321.76,USD,US,web,D-329,2025-12-29T15:10:00,M-028,BAC
T-1128,CU-974,4458.74,USD,CL,web,D-974,2025-12-29T15:14:00,M-023,BCH
T-2131,CU-139,1761.98,PEN,PE,mobile,D-139,2025-12-29T15:16:00,M-002,IBK
T-5918,CU-700,3971.10,USD,ES,mobile,D-700,2025-12-29T15:18:00,M-031,SAN
T-2155,CU-640,2729.55,USD,AR,mobile,D-640,2025-12-29T15:22:00,M-033,BNA
T-5711,CU-087,112.61,USD,CL,mobile,D-087,2025-12-29T15:23:00,M-006,SAN
T-7291,CU-084,2733.52,USD,ES,web,D-084,2025-12-29T15:27:00,M-013,SAN
T-1117,CU-246,5138.83,USD,ES,web,D-246,2025-12-29T15:32:00,M-038,BBVA
T-5841,CU-237,4005.45,USD,ES,web,D-237,2025-12-29T15:36:00,M-035,SAN
T-3980,CU-590,847.86,USD,US,web,D-590,2025-12-29T15:39:00,M-008,JPM
T-6112,CU-959,2187.18,USD,ES,web,D-959,2025-12-29T15:40:00,M-045,CABK
T-5342,CU-626,587.19,USD,CO,mobile,D-626,2025-12-29T15:51:00,M-032,BOG
T-4180,CU-161,2367.73,USD,CL,web,D-161,2025-12-29T15:54:00,M-016,SAN
T-5933,CU-058,442.17,USD,AR,mobile,D-058,2025-12-29T15:56:00,M-035,BNA
T-6037,CU-007,715.28,USD,CL,mobile,D-007,2025-12-29T15:57:00,M-024,SAN
T-3509,CU-912,2423.72,USD,CL,web,D-912,2025-12-29T16:09:00,M-013,BCH
T-5666,CU-940,4635.40,USD,CL,mobile,D-940,2025-12-29T16:09:00,M-016,BCI
T-5641,CU-602,2187.18,USD,US,mobile,D-602,2025-12-29T16:10:00,M-007,WFC
T-4637,CU-240,391.92,USD,ES,mobile,D-240,2025-12-29T16:12:00,M-004,CABK
T-7139,CU-119,731.61,USD,CO,mobile,D-119,2025-12-29T16:15:00,M-035,BOG
T-3071,CU-065,5526.20,USD,CL,web,D-065,2025-12-29T16:16:00,M-004,SAN
T-4935,CU-480,2636.06,USD,ES,mobile,D-480,2025-12-29T16:17:00,M-027,BBVA
T-2013,CU-216,6203.68,USD,CO,web,D-216,2025-12-29T16:18:00,M-027,BAN
T-5522,CU-739,2068.19,PEN,PE,web,D-739,2025-12-29T16:20:00,M-048,BBVA
T-1791,CU-153,964.27,USD,AR,web,D-153,2025-12-29T16:21:00,M-050,GAL
T-1199,CU-766,4517.62,USD,US,web,D-766,2025-12-29T16:31:00,M-012,BAC
T-6783,CU-759,1286.90,USD,CL,web,D-759,2025-12-29T16:40:00,M-040,BCI
T-4385,CU-725,3250.40,USD,ES,web,D-725,2025-12-29T16:43:00,M-011,SAN
T-5824,CU-303,859.38,PEN,PE,web,D-303,2025-12-29T16:53:00,M-042,IBK
T-5844,CU-891,3678.48,USD,MX,web,D-891,2025-12-29T16:59:00,M-046,SAN
T-7851,CU-443,1280.01,USD,ES,web,D-443,2025-12-29T17:00:00,M-999,CABK
T-3185,CU-858,784.65,USD,MX,mobile,D-858,2025-12-29T17:00:00,M-018,BBVA
T-7068,CU-012,1065.76,USD,AR,web,D-012,2025-12-29T17:00:00,M-046,SAN
T-2178,CU-658,1280.69,USD,CO,mobile,D-658,2025-12-29T17:00:00,M-045,BOG
T-1975,CU-259,1844.79,USD,US,mobile,D-259,2025-12-29T17:01:00,M-034,JPM
T-4744,CU-270,1167.17,PEN,PE,web,D-270,2025-12-29T17:17:00,M-015,BBVA
T-5167,CU-038,2469.89,USD,CL,mobile,D-038,2025-12-29T17:18:00,M-018,BCH
T-6465,CU-859,1264.82,USD,CO,mobile,D-859,2025-12-29T17:20:00,M-022,DAV
T-6221,CU-682,4112.52,USD,US,web,D-682,2025-12-29T17:21:00,M-019,JPM
T-4595,CU-091,3124.24,USD,MX,mobile,D-091,2025-12-29T17:24:00,M-031,BBVA
T-7566,CU-868,2301.93,USD,CL,web,D-868,2025-12-29T17:24:00,M-029,BCH
T-7321,CU-769,855.18,USD,AR,mobile,D-769,2025-12-29T17:33:00,M-036,SAN
T-4844,CU-660,618.41,USD,US,web,D-660,2025-12-29T17:36:00,M-020,BAC
T-6255,CU-426,504.19,USD,CL,web,D-426,2025-12-29T17:37:00,M-003,BCI
T-5196,CU-443,3620.06,USD,ES,web,D-443,2025-12-29T17:44:00,M-018,CABK
T-4977,CU-708,4778.68,USD,CL,mobile,D-708,2025-12-29T17:45:00,M-009,SAN
T-7695,CU-262,3395.18,USD,ES,web,D-262,2025-12-29T17:58:00,M-014,BBVA
T-3902,CU-615,4188.99,USD,US,mobile,D-615,2025-12-29T18:00:00,M-018,JPM
T-1123,CU-078,868.75,USD,US,web,D-078,2025-12-29T18:03:00,M-026,BAC
T-3412,CU-063,5261.14,USD,MX,web,D-063,2025-12-29T18:04:00,M-038,BBVA
T-5209,CU-151,3681.77,USD,CO,mobile,D-151,2025-12-29T18:05:00,M-023,BOG
T-3462,CU-565,2327.28,USD,US,web,D-565,2025-12-29T18:07:00,M-011,JPM
T-2969,CU-195,3882.94,USD,CL,web,D-195,2025-12-29T18:10:00,M-011,BCI
T-1963,CU-710,1128.85,USD,US,mobile,D-710,2025-12-29T18:11:00,M-038,WFC
T-1712,CU-846,283.39,USD,US,mobile,D-846,2025-12-29T18:19:00,M-010,BAC
T-4638,CU-852,812.04,USD,AR,mobile,D-852,2025-12-29T18:21:00,M-048,SAN
T-5275,CU-976,4446.30,USD,ES,web,D-976,2025-12-29T18:37:00,M-006,BBVA
T-5802,CU-590,1661.14,USD,US,web,D-590,2025-12-29T18:37:00,M-013,JPM
T-3067,CU-632,5015.51,USD,CO,web,D-632,2025-12-29T18:45:00,M-046,BOG
T-7509,CU-133,920.57,USD,AR,web,D-133,2025-12-29T18:49:00,M-038,SAN
T-7551,CU-026,2865.00,USD,CO,web,D-026,2025-12-29T18:57:00,M-033,DAV
T-5290,CU-142,4898.90,USD,AR,web,D-142,2025-12-29T19:00:00,M-046,GAL
T-3233,CU-899,5806.83,USD,CO,mobile,D-899,2025-12-29T19:14:00,M-030,BAN
T-6201,CU-621,3411.60,USD,US,mobile,D-621,2025-12-29T19:16:00,M-018,BAC
T-6680,CU-861,1268.40,PEN,PE,mobile,D-861,2025-12-29T19:17:00,M-009,IBK
T-5398,CU-315,516.69,USD,CO,mobile,D-315,2025-12-29T19:18:00,M-043,BAN
T-2247,CU-167,3718.21,USD,AR,mobile,D-167,2025-12-29T19:21:00,M-020,BNA
T-7931,CU-578,2381.26,USD,CL,mobile,D-578,2025-12-29T19:32:00,M-010,SAN
T-7174,CU-537,1216.05,USD,US,mobile,D-537,2025-12-29T19:33:00,M-016,BAC
T-7753,CU-364,471.24,USD,ES,web,D-364,2025-12-29T19:33:00,M-012,CABK
T-6713,CU-304,2826.64,USD,MX,web,D-304,2025-12-29T19:40:00,M-027,BBVA
T-4866,CU-444,2637.51,USD,MX,web,D-444,2025-12-29T19:40:00,M-036,BBVA
T-7380,CU-497,2419.50,USD,AR,mobile,D-497,2025-12-29T19:41:00,M-046,GAL
T-5985,CU-331,6196.11,USD,MX,mobile,D-331,2025-12-29T19:42:00,M-010,BAN
T-2601,CU-212,5196.11,USD,CL,mobile,D-212,2025-12-29T19:48:00,M-027,BCI
T-2747,CU-343,979.07,USD,US,web,D-343,2025-12-29T19:50:00,M-038,BAC
T-5636,CU-625,1014.98,USD,US,web,D-625,2025-12-29T19:57:00,M-048,JPM
T-5315,CU-337,2764.95,USD,US,mobile,D-337,2025-12-29T20:03:00,M-032,BAC
T-1478,CU-466,4292.38,USD,CL,web,D-466,2025-12-29T20:08:00,M-026,BCH
T-3021,CU-902,3286.37,USD,CO,web,D-902,2025-12-29T20:11:00,M-022,DAV
T-6266,CU-997,301.82,USD,CO,web,D-997,2025-12-29T20:24:00,M-045,BOG
T-4248,CU-829,1197.46,USD,CO,web,D-829,2025-12-29T20:28:00,M-023,DAV
T-3288,CU-167,2670.98,USD,AR,mobile,D-167,2025-12-29T20:34:00,M-023,BNA
T-2662,CU-045,621.32,USD,CO,web,D-045,2025-12-29T20:37:00,M-002,BAN
T-1294,CU-405,2976.44,USD,CO,mobile,D-405,2025-12-29T20:45:00,M-037,DAV
T-2340,CU-606,1394.87,USD,ES,web,D-606,2025-12-29T21:00:00,M-999,BBVA
T-7869,CU-967,342.35,USD,CL,web,D-967,2025-12-29T21:05:00,M-036,SAN
T-6625,CU-560,1027.58,USD,US,web,D-560,2025-12-29T21:10:00,M-047,BAC
T-5208,CU-431,6445.56,USD,ES,web,D-431,2025-12-29T21:12:00,M-048,BBVA
T-4279,CU-002,3175.22,USD,US,mobile,D-002,2025-12-29T21:41:00,M-035,BAC
T-7636,CU-967,839.90,USD,CL,web,D-967,2025-12-29T21:44:00,M-030,SAN
T-5779,CU-971,4392.51,USD,AR,mobile,D-971,2025-12-29T21:56:00,M-015,SAN
T-3464,CU-857,3287.56,USD,CL,web,D-857,2025-12-29T22:34:00,M-029,BCI
T-1878,CU-834,843.37,USD,CO,mobile,D-834,2025-12-29T22:36:00,M-041,DAV
T-5128,CU-488,3714.13,USD,ES,web,D-488,2025-12-29T22:48:00,M-011,BBVA
T-2878,CU-358,19919.25,USD,MX,mobile,D-358,2025-12-29T23:21:00,M-036,BAN
T-5319,CU-372,5217.01,USD,MX,mobile,D-372,2025-12-30T00:37:00,M-016,BAN
T-2029,CU-279,21956.00,USD,AR,mobile,D-279,2025-12-30T04:25:00,M-020,GAL
T-7062,CU-139,5099.63,PEN,PE,mobile,D-139,2025-12-30T05:01:00,M-001,IBK
T-7122,CU-284,2666.54,USD,CL,web,D-284,2025-12-30T06:15:00,M-023,BCH
T-3970,CU-813,4552.01,PEN,PE,web,D-813,2025-12-30T06:18:00,M-047,BCP
T-6497,CU-014,679.51,USD,MX,mobile,D-014,2025-12-30T06:31:00,M-041,BBVA
T-7784,CU-365,2018.27,USD,US,web,D-365,2025-12-30T06:50:00,M-047,WFC
T-3488,CU-562,5035.53,USD,CL,web,D-562,2025-12-30T06:54:00,M-039,BCH
T-5878,CU-213,938.33,PEN,PE,mobile,D-213,2025-12-30T07:00:00,M-999,IBK
T-7543,CU-242,657.76,USD,US,web,D-242,2025-12-30T07:24:00,M-004,WFC
T-2372,CU-034,2873.48,USD,CO,mobile,D-034,2025-12-30T08:07:00,M-007,DAV
T-4701,CU-432,307.76,USD,US,web,D-432,2025-12-30T08:14:00,M-003,BAC
T-5354,CU-129,291.88,USD,MX,mobile,D-129,2025-12-30T08:16:00,M-039,BAN
T-1766,CU-142,4785.30,USD,AR,web,D-142,2025-12-30T08:29:00,M-018,GAL
T-6157,CU-750,160.36,USD,CL,mobile,D-750,2025-12-30T08:33:00,M-046,BCH
T-2768,CU-261,3778.05,USD,US,mobile,D-261,2025-12-30T08:35:00,M-048,WFC
T-7807,CU-207,2117.53,USD,AR,mobile,D-207,2025-12-30T08:37:00,M-047,GAL
T-2582,CU-688,905.30,USD,US,web,D-688,2025-12-30T08:40:00,M-016,WFC
T-4399,CU-920,4518.61,USD,AR,web,D-920,2025-12-30T08:55:00,M-050,SAN
T-2564,CU-043,2274.93,USD,AR,web,D-043,2025-12-30T08:59:00,M-001,GAL
T-5677,CU-105,6739.79,USD,MX,web,D-105,2025-12-30T09:00:00,M-001,BBVA
T-6538,CU-751,10920.72,USD,ES,mobile,D-751,2025-12-30T09:00:00,M-047,BBVA
T-3965,CU-593,7572.73,USD,CL,web,D-593,2025-12-30T09:00:00,M-035,SAN
T-4836,CU-351,15069.95,USD,MX,web,D-351,2025-12-30T09:00:00,M-001,BAN
T-5547,CU-475,1997.66,USD,MX,web,D-475,2025-12-30T09:00:00,M-026,BBVA
T-2698,CU-196,1501.24,USD,AR,web,D-196,2025-12-30T09:06:00,M-010,SAN
T-6400,CU-521,356.64,USD,RU,mobile,D-999219,2025-12-30T09:15:00,M-048,SAN
T-7845,CU-522,1398.56,USD,ES,web,D-522,2025-12-30T09:24:00,M-011,SAN
T-1646,CU-724,3939.68,USD,AR,web,D-724,2025-12-30T09:26:00,M-015,BNA
T-2652,CU-916,2538.05,USD,MX,web,D-916,2025-12-30T09:39:00,M-001,BAN
T-3144,CU-262,4278.76,USD,ES,web,D-262,2025-12-30T09:54:00,M-012,BBVA
T-4211,CU-530,463.21,USD,ES,web,D-530,2025-12-30T09:58:00,M-009,BBVA
T-7419,CU-329,264.28,USD,US,web,D-329,2025-12-30T10:00:00,M-003,BAC
T-4980,CU-589,3263.12,PEN,PE,mobile,D-589,2025-12-30T10:00:00,M-032,WFC
T-7131,CU-147,624.21,PEN,PE,mobile,D-147,2025-12-30T10:00:00,M-011,BCP
T-4829,CU-263,4441.81,USD,AR,web,D-263,2025-12-30T10:00:00,M-020,GAL
T-5998,CU-052,1657.61,USD,ES,web,D-052,2025-12-30T10:00:00,M-003,BBVA
T-4680,CU-923,869.99,USD,ES,web,D-923,2025-12-30T10:00:00,M-036,CABK
T-7623,CU-500,4775.94,USD,US,web,D-500,2025-12-30T10:03:00,M-025,WFC
T-7460,CU-990,6008.61,USD,CL,web,D-990,2025-12-30T10:15:00,M-042,BCH
T-6226,CU-660,1011.31,USD,US,web,D-660,2025-12-30T10:17:00,M-006,BAC
T-2386,CU-791,5703.25,USD,ES,web,D-791,2025-12-30T10:25:00,M-008,SAN
T-7802,CU-407,3366.43,USD,ES,web,D-407,2025-12-30T10:26:00,M-002,SAN
T-1158,CU-935,1325.92,USD,CO,mobile,D-935,2025-12-30T10:27:00,M-031,BOG
T-2027,CU-701,1625.43,USD,CL,web,D-701,2025-12-30T10:31:00,M-013,BCI
T-3934,CU-643,4874.71,USD,ES,web,D-643,2025-12-30T10:45:00,M-022,BBVA
T-3287,CU-265,2262.83,USD,ES,web,D-265,2025-12-30T10:49:00,M-020,CABK
T-1859,CU-507,4008.94,USD,AR,web,D-507,2025-12-30T10:50:00,M-008,SAN
T-2050,CU-603,2836.15,USD,CO,web,D-603,2025-12-30T10:51:00,M-020,BAN
T-5164,CU-802,3870.86,USD,US,web,D-802,2025-12-30T10:52:00,M-043,JPM
T-2396,CU-604,1917.80,USD,AR,mobile,D-604,2025-12-30T10:54:00,M-011,GAL
T-6504,CU-654,347.45,PEN,PE,mobile,D-654,2025-12-30T10:57:00,M-049,BBVA
T-3966,CU-593,7572.73,USD,CL,web,D-593,2025-12-30T11:00:00,M-035,SAN
T-5548,CU-475,1997.66,USD,MX,web,D-475,2025-12-30T11:00:00,M-026,BBVA
T-4743,CU-345,1236.11,USD,AR,mobile,D-345,2025-12-30T11:00:00,M-005,SAN
T-4837,CU-351,15069.95,USD,MX,web,D-351,2025-12-30T11:00:00,M-001,BAN
T-6539,CU-751,10920.72,USD,ES,mobile,D-751,2025-12-30T11:00:00,M-047,BBVA
T-1377,CU-963,2097.57,USD,CO,mobile,D-963,2025-12-30T11:01:00,M-005,BAN
T-4969,CU-573,362.37,USD,AR,web,D-573,2025-12-30T11:04:00,M-044,BNA
T-3528,CU-725,1922.22,USD,ES,web,D-725,2025-12-30T11:21:00,M-019,SAN
T-6906,CU-794,2850.16,USD,CL,mobile,D-794,2025-12-30T11:22:00,M-041,BCH
T-7209,CU-491,467.07,USD,MX,mobile,D-491,2025-12-30T11:24:00,M-028,BAN
T-3312,CU-840,108.87,USD,MX,web,D-840,2025-12-30T11:25:00,M-037,BBVA
T-6191,CU-524,2151.06,USD,AR,web,D-524,2025-12-30T11:30:00,M-022,SAN
T-4981,CU-589,3263.12,USD,ES,mobile,D-589,2025-12-30T11:30:00,M-036,WFC
T-7132,CU-147,624.21,USD,ES,mobile,D-147,2025-12-30T11:30:00,M-003,BCP
T-4116,CU-871,787.74,PEN,PE,web,D-871,2025-12-30T11:37:00,M-032,IBK
T-5307,CU-754,2557.98,USD,US,web,D-754,2025-12-30T11:41:00,M-015,BAC
T-1142,CU-603,5228.74,USD,CO,web,D-603,2025-12-30T11:42:00,M-040,BAN
T-4076,CU-072,399.01,USD,ES,mobile,D-072,2025-12-30T11:42:00,M-017,BBVA
T-1726,CU-374,1309.69,PEN,PE,web,D-374,2025-12-30T11:47:00,M-006,BBVA
T-7142,CU-014,1006.13,USD,MX,mobile,D-014,2025-12-30T11:53:00,M-033,BBVA
T-2193,CU-332,4098.14,USD,ES,mobile,D-332,2025-12-30T11:58:00,M-029,BBVA
T-5582,CU-433,307.34,USD,CO,web,D-433,2025-12-30T12:00:00,M-034,BOG
T-6654,CU-737,1596.35,USD,AR,web,D-737,2025-12-30T12:00:00,M-999,BNA
T-4732,CU-926,3975.03,PEN,PE,web,D-926,2025-12-30T12:00:00,M-029,BCP
T-5345,CU-250,572.01,USD,ES,mobile,D-250,2025-12-30T12:01:00,M-003,BBVA
T-7943,CU-389,47.27,USD,ES,web,D-389,2025-12-30T12:01:00,M-018,BBVA
T-5346,CU-250,1372.35,USD,ES,mobile,D-250,2025-12-30T12:02:00,M-003,BBVA
T-7944,CU-389,121.15,USD,ES,web,D-389,2025-12-30T12:02:00,M-018,BBVA
T-7945,CU-389,129.28,USD,ES,web,D-389,2025-12-30T12:03:00,M-018,BBVA
T-5347,CU-250,1547.10,USD,ES,mobile,D-250,2025-12-30T12:03:00,M-003,BBVA
T-3477,CU-718,2095.95,USD,CO,web,D-718,2025-12-30T12:03:00,M-015,BAN
T-5348,CU-250,464.77,USD,ES,mobile,D-250,2025-12-30T12:04:00,M-003,BBVA
T-7946,CU-389,167.44,USD,ES,web,D-389,2025-12-30T12:04:00,M-018,BBVA
T-5524,CU-726,134.36,USD,ES,web,D-726,2025-12-30T12:14:00,M-027,CABK
T-6016,CU-919,1390.65,USD,US,web,D-919,2025-12-30T12:15:00,M-018,WFC
T-7795,CU-698,1296.96,USD,US,web,D-698,2025-12-30T12:16:00,M-036,WFC
T-4660,CU-835,2816.94,USD,CL,mobile,D-835,2025-12-30T12:18:00,M-009,BCI
T-6463,CU-327,2326.92,USD,CL,mobile,D-327,2025-12-30T12:19:00,M-047,BCH
T-1539,CU-801,3656.66,USD,MX,web,D-801,2025-12-30T12:22:00,M-015,BAN
T-4159,CU-462,4713.79,USD,US,web,D-462,2025-12-30T12:28:00,M-023,JPM
T-7446,CU-714,1151.85,USD,CL,mobile,D-714,2025-12-30T12:28:00,M-011,SAN
T-4491,CU-719,1780.66,USD,ES,web,D-719,2025-12-30T12:36:00,M-011,SAN
T-3444,CU-858,1629.48,USD,MX,mobile,D-858,2025-12-30T12:42:00,M-038,BBVA
T-6472,CU-463,270.17,USD,MX,mobile,D-463,2025-12-30T12:43:00,M-043,BAN
T-7717,CU-511,965.71,USD,RU,web,D-999433,2025-12-30T12:48:00,M-011,CABK
T-1864,CU-207,1902.97,USD,AR,mobile,D-207,2025-12-30T12:49:00,M-046,GAL
T-6904,CU-335,2327.18,USD,ES,web,D-335,2025-12-30T12:55:00,M-024,SAN
T-4838,CU-351,15069.95,USD,MX,web,D-351,2025-12-30T13:00:00,M-001,BAN
T-3967,CU-593,7572.73,USD,CL,web,D-593,2025-12-30T13:00:00,M-035,SAN
T-6540,CU-751,10920.72,USD,ES,mobile,D-751,2025-12-30T13:00:00,M-047,BBVA
T-5549,CU-475,1997.66,USD,MX,web,D-475,2025-12-30T13:00:00,M-026,BBVA
T-3334,CU-628,4832.17,USD,MX,web,D-628,2025-12-30T13:02:00,M-037,BAN
T-3987,CU-505,3957.69,PEN,PE,web,D-505,2025-12-30T13:04:00,M-042,BBVA
T-1854,CU-640,1772.03,USD,AR,mobile,D-640,2025-12-30T13:04:00,M-009,BNA
T-7790,CU-674,3988.74,USD,AR,mobile,D-674,2025-12-30T13:06:00,M-018,BNA
T-4215,CU-666,1542.70,USD,MX,mobile,D-666,2025-12-30T13:06:00,M-004,BBVA
T-2316,CU-521,325.22,USD,CL,mobile,D-521,2025-12-30T13:18:00,M-017,SAN
T-2118,CU-904,567.55,USD,ES,web,D-904,2025-12-30T13:21:00,M-037,CABK
T-2653,CU-024,2995.24,USD,CO,web,D-024,2025-12-30T13:25:00,M-042,DAV
T-2045,CU-181,1214.79,USD,US,mobile,D-181,2025-12-30T13:29:00,M-013,WFC
T-2189,CU-608,1964.80,USD,AR,mobile,D-608,2025-12-30T13:32:00,M-015,GAL
T-4883,CU-995,2783.02,PEN,PE,web,D-995,2025-12-30T13:37:00,M-016,BBVA
T-2751,CU-708,3328.84,USD,CL,mobile,D-708,2025-12-30T13:41:00,M-037,SAN
T-1378,CU-093,893.95,USD,ES,mobile,D-093,2025-12-30T13:41:00,M-005,SAN
T-5690,CU-710,1630.47,USD,US,mobile,D-710,2025-12-30T13:48:00,M-040,WFC
T-3786,CU-093,974.71,USD,ES,mobile,D-093,2025-12-30T13:48:00,M-037,SAN
T-6318,CU-441,1425.21,USD,ES,web,D-441,2025-12-30T13:49:00,M-028,SAN
T-2197,CU-276,4556.67,USD,CO,mobile,D-276,2025-12-30T13:54:00,M-002,BOG
T-1045,CU-726,69.72,USD,ES,web,D-726,2025-12-30T13:56:00,M-015,CABK
T-6573,CU-841,638.91,USD,AR,web,D-841,2025-12-30T14:00:00,M-999,GAL
T-1844,CU-687,1056.19,USD,AR,web,D-687,2025-12-30T14:00:00,M-022,GAL
T-5389,CU-005,0.50,USD,ES,web,D-999889,2025-12-30T14:00:00,M-017,SAN
T-7292,CU-925,0.50,USD,MX,web,D-999272,2025-12-30T14:00:00,M-020,SAN
T-3510,CU-304,0.50,USD,MX,web,D-999439,2025-12-30T14:00:00,M-029,BBVA
T-6317,CU-557,4803.76,USD,CO,mobile,D-557,2025-12-30T14:00:00,M-032,BAN
T-7293,CU-925,0.50,USD,MX,web,D-999272,2025-12-30T14:02:00,M-017,SAN
T-5390,CU-005,0.50,USD,ES,web,D-999889,2025-12-30T14:02:00,M-010,SAN
T-3511,CU-304,0.50,USD,MX,web,D-999439,2025-12-30T14:02:00,M-004,BBVA
T-6455,CU-775,296.89,USD,MX,mobile,D-775,2025-12-30T14:04:00,M-001,SAN
T-5679,CU-597,650.97,PEN,PE,mobile,D-597,2025-12-30T14:04:00,M-010,BBVA
T-5391,CU-005,13734.04,USD,ES,web,D-999889,2025-12-30T14:06:00,M-007,SAN
T-7294,CU-925,9988.92,USD,MX,web,D-999272,2025-12-30T14:06:00,M-035,SAN
T-3512,CU-304,11826.48,USD,MX,web,D-999439,2025-12-30T14:06:00,M-046,BBVA
T-2121,CU-689,2333.79,USD,AR,web,D-689,2025-12-30T14:07:00,M-037,SAN
T-7250,CU-321,4072.09,USD,ES,web,D-321,2025-12-30T14:09:00,M-010,BBVA
T-2084,CU-808,2122.94,USD,AR,mobile,D-808,2025-12-30T14:09:00,M-009,GAL
T-6323,CU-891,2404.43,USD,MX,web,D-891,2025-12-30T14:12:00,M-024,SAN
T-2669,CU-987,2126.73,USD,ES,web,D-987,2025-12-30T14:15:00,M-019,CABK
T-3302,CU-719,2674.39,USD,ES,web,D-719,2025-12-30T14:17:00,M-017,SAN
T-3545,CU-178,1712.81,USD,ES,mobile,D-178,2025-12-30T14:25:00,M-003,SAN
T-6327,CU-113,3365.43,USD,US,mobile,D-113,2025-12-30T14:42:00,M-045,WFC
T-1802,CU-333,4942.49,USD,CL,web,D-333,2025-12-30T14:43:00,M-020,BCH
T-5753,CU-045,987.35,USD,CO,web,D-045,2025-12-30T14:44:00,M-032,BAN
T-7398,CU-264,4586.07,USD,MX,web,D-264,2025-12-30T14:50:00,M-035,BAN
T-7788,CU-913,3782.83,USD,US,web,D-913,2025-12-30T14:51:00,M-001,WFC
T-4617,CU-879,1945.97,USD,CL,mobile,D-879,2025-12-30T14:53:00,M-040,SAN
T-2839,CU-044,3462.76,USD,ES,mobile,D-044,2025-12-30T14:54:00,M-019,BBVA
T-1850,CU-774,1968.97,USD,US,web,D-774,2025-12-30T14:57:00,M-045,WFC
T-5964,CU-517,244.45,PEN,PE,web,D-517,2025-12-30T14:58:00,M-044,BCP
T-2961,CU-385,4912.12,USD,US,mobile,D-385,2025-12-30T14:59:00,M-030,WFC
T-4317,CU-505,1163.02,PEN,PE,web,D-505,2025-12-30T15:00:00,M-999,BBVA
T-1185,CU-531,5188.95,USD,CL,web,D-531,2025-12-30T15:06:00,M-026,BCI
T-1391,CU-870,3484.12,USD,CO,web,D-870,2025-12-30T15:09:00,M-043,DAV
T-2238,CU-397,1264.19,USD,AR,web,D-397,2025-12-30T15:09:00,M-031,BNA
T-2872,CU-417,2633.17,USD,AR,mobile,D-417,2025-12-30T15:11:00,M-033,SAN
T-4776,CU-209,1749.96,USD,US,web,D-209,2025-12-30T15:12:00,M-018,WFC
T-2987,CU-063,3817.64,USD,MX,web,D-063,2025-12-30T15:13:00,M-022,BBVA
T-3164,CU-224,4029.38,USD,CL,mobile,D-224,2025-12-30T15:13:00,M-012,BCI
T-7498,CU-209,1533.52,USD,US,web,D-209,2025-12-30T15:17:00,M-020,WFC
T-3828,CU-367,3283.97,PEN,PE,web,D-367,2025-12-30T15:21:00,M-006,BBVA
T-4418,CU-366,3030.34,USD,MX,web,D-366,2025-12-30T15:22:00,M-036,BAN
T-5482,CU-025,3164.18,USD,CO,web,D-025,2025-12-30T15:28:00,M-041,BOG
T-7533,CU-791,4794.55,USD,ES,web,D-791,2025-12-30T15:32:00,M-048,SAN
T-4726,CU-457,1768.68,USD,CO,mobile,D-457,2025-12-30T15:35:00,M-039,DAV
T-3582,CU-656,1773.79,USD,AR,web,D-656,2025-12-30T15:36:00,M-001,BNA
T-7161,CU-644,196.61,USD,MX,web,D-644,2025-12-30T15:44:00,M-043,SAN
T-2092,CU-209,2021.44,USD,US,web,D-209,2025-12-30T15:49:00,M-024,WFC
T-1368,CU-304,2294.59,USD,MX,web,D-304,2025-12-30T15:51:00,M-042,BBVA
T-7242,CU-121,6984.80,PEN,PE,mobile,D-121,2025-12-30T15:56:00,M-007,BCP
T-4374,CU-651,1820.04,PEN,PE,web,D-651,2025-12-30T16:00:00,M-024,IBK
T-6797,CU-267,2083.04,USD,MX,web,D-267,2025-12-30T16:01:00,M-034,BAN
T-1860,CU-881,778.82,USD,AR,mobile,D-881,2025-12-30T16:14:00,M-036,GAL
T-7254,CU-908,4609.92,USD,CL,mobile,D-908,2025-12-30T16:21:00,M-034,SAN
T-5757,CU-202,3772.95,USD,AR,mobile,D-202,2025-12-30T16:34:00,M-027,SAN
T-2026,CU-013,2586.13,PEN,PE,web,D-013,2025-12-30T16:55:00,M-025,BBVA
T-5935,CU-883,6530.92,USD,CL,mobile,D-883,2025-12-30T17:02:00,M-013,BCI
T-2915,CU-436,2193.00,USD,ES,mobile,D-436,2025-12-30T17:03:00,M-032,SAN
T-2954,CU-053,2327.59,USD,CL,web,D-053,2025-12-30T17:12:00,M-016,SAN
T-1764,CU-654,500.45,PEN,PE,mobile,D-654,2025-12-30T17:17:00,M-044,BBVA
T-5675,CU-884,4322.16,USD,CL,web,D-884,2025-12-30T17:17:00,M-047,BCH
T-2719,CU-992,3497.46,USD,MX,mobile,D-992,2025-12-30T17:19:00,M-019,BAN
T-5507,CU-501,5880.74,USD,CL,mobile,D-501,2025-12-30T17:23:00,M-027,BCH
T-2900,CU-111,651.65,USD,MX,web,D-111,2025-12-30T17:25:00,M-028,SAN
T-4752,CU-334,2925.21,USD,MX,mobile,D-334,2025-12-30T17:25:00,M-010,SAN
T-7387,CU-747,2488.36,USD,AR,web,D-747,2025-12-30T17:31:00,M-037,GAL
T-7535,CU-466,3612.28,USD,CL,web,D-466,2025-12-30T17:38:00,M-042,BCH
T-6954,CU-662,4752.00,USD,US,mobile,D-662,2025-12-30T17:39:00,M-026,BAC
T-1856,CU-043,4803.53,USD,AR,web,D-043,2025-12-30T17:45:00,M-006,GAL
T-5396,CU-782,699.43,USD,CL,mobile,D-782,2025-12-30T17:50:00,M-014,BCH
T-1163,CU-585,545.18,USD,ES,mobile,D-585,2025-12-30T17:51:00,M-026,SAN
T-2677,CU-748,1894.05,USD,MX,web,D-748,2025-12-30T17:52:00,M-007,BAN
T-6246,CU-216,5622.23,USD,CO,web,D-216,2025-12-30T17:53:00,M-018,BAN
T-5333,CU-930,4874.61,USD,RU,mobile,D-999281,2025-12-30T17:54:00,M-026,IBK
T-2786,CU-863,1828.84,USD,AR,web,D-863,2025-12-30T17:55:00,M-034,BNA
T-3503,CU-089,5955.59,USD,AR,web,D-089,2025-12-30T17:55:00,M-044,BNA
T-6460,CU-549,1942.17,USD,MX,mobile,D-549,2025-12-30T18:00:00,M-999,BBVA
T-2580,CU-822,2535.31,USD,CO,mobile,D-822,2025-12-30T18:08:00,M-031,BOG
T-3361,CU-249,3273.69,PEN,PE,web,D-249,2025-12-30T18:19:00,M-032,IBK
T-5045,CU-563,3638.90,PEN,PE,web,D-563,2025-12-30T18:25:00,M-024,IBK
T-2135,CU-065,3090.75,USD,CL,web,D-065,2025-12-30T18:31:00,M-033,SAN
T-3925,CU-968,479.39,USD,MX,mobile,D-968,2025-12-30T18:32:00,M-033,BBVA
T-7842,CU-120,1262.84,PEN,PE,mobile,D-120,2025-12-30T18:35:00,M-042,IBK
T-5776,CU-464,289.27,USD,ES,mobile,D-464,2025-12-30T18:37:00,M-023,CABK
T-6980,CU-769,1671.99,USD,AR,mobile,D-769,2025-12-30T18:37:00,M-018,SAN
T-1605,CU-670,3902.93,USD,ES,mobile,D-670,2025-12-30T18:40:00,M-030,SAN
T-4460,CU-075,318.74,USD,CL,mobile,D-075,2025-12-30T18:45:00,M-039,BCH
T-6363,CU-267,2371.24,USD,MX,web,D-267,2025-12-30T18:47:00,M-038,BAN
T-5197,CU-365,1800.98,USD,US,web,D-365,2025-12-30T18:47:00,M-032,WFC
T-7765,CU-943,1356.96,USD,ES,mobile,D-943,2025-12-30T18:49:00,M-029,BBVA
T-6161,CU-558,1160.50,USD,MX,mobile,D-558,2025-12-30T18:51:00,M-015,BAN
T-4484,CU-233,940.50,USD,MX,web,D-233,2025-12-30T19:00:00,M-013,SAN
T-3290,CU-569,3455.05,USD,CO,mobile,D-569,2025-12-30T19:18:00,M-049,BAN
T-1897,CU-458,4950.16,USD,ES,web,D-458,2025-12-30T19:21:00,M-023,SAN
T-2325,CU-076,3908.65,USD,ES,web,D-076,2025-12-30T19:25:00,M-035,CABK
T-1758,CU-446,845.42,USD,MX,web,D-446,2025-12-30T19:33:00,M-030,SAN
T-7067,CU-933,688.77,USD,US,mobile,D-933,2025-12-30T19:38:00,M-005,JPM
T-2749,CU-716,883.47,USD,MX,web,D-716,2025-12-30T19:40:00,M-050,SAN
T-6100,CU-308,3329.76,USD,ES,mobile,D-308,2025-12-30T19:40:00,M-008,BBVA
T-5509,CU-507,2703.49,USD,AR,web,D-507,2025-12-30T19:42:00,M-027,SAN
T-3335,CU-771,4283.16,PEN,PE,mobile,D-771,2025-12-30T19:43:00,M-014,IBK
T-7522,CU-944,2381.47,USD,CO,web,D-944,2025-12-30T19:44:00,M-008,BAN
T-3554,CU-653,2417.13,USD,AR,web,D-653,2025-12-30T20:06:00,M-010,GAL
T-4419,CU-519,2581.03,USD,CO,web,D-519,2025-12-30T20:09:00,M-036,DAV
T-5195,CU-683,1545.62,PEN,PE,web,D-683,2025-12-30T20:19:00,M-035,BBVA
T-1081,CU-977,3118.86,USD,AR,mobile,D-977,2025-12-30T20:26:00,M-001,BNA
T-4512,CU-397,1333.96,USD,AR,web,D-397,2025-12-30T20:30:00,M-023,BNA
T-5440,CU-466,4644.53,USD,CL,web,D-466,2025-12-30T20:38:00,M-021,BCH
T-2203,CU-939,4985.48,USD,US,mobile,D-939,2025-12-30T20:50:00,M-042,JPM
T-6146,CU-661,3553.90,USD,AR,web,D-661,2025-12-30T21:06:00,M-038,BNA
T-4914,CU-445,812.90,PEN,PE,mobile,D-445,2025-12-30T21:18:00,M-009,IBK
T-3133,CU-346,3464.63,USD,US,mobile,D-346,2025-12-30T21:23:00,M-023,WFC
T-6124,CU-607,4318.90,USD,AR,mobile,D-607,2025-12-30T21:42:00,M-007,GAL
T-1433,CU-780,278.98,USD,MX,mobile,D-780,2025-12-30T22:36:00,M-006,SAN
T-7863,CU-833,3408.05,USD,CL,web,D-833,2025-12-30T22:42:00,M-003,SAN
T-5576,CU-502,850.66,USD,US,mobile,D-502,2026-01-28T00:10:00,M-009,JPM
T-5070,CU-584,541.20,USD,AR,mobile,D-584,2026-02-17T00:10:00,M-005,SAN
